Station,depth,CTDPRS,CTDPRS_FLAG_W,CTDTMP,CTDTMP_FLAG_W,CTDSAL,CTDSAL_FLAG_W,CTDOXY,CTDOXY_FLAG_W,PHSPHT,PHSPHT_FLAG_W,SILCAT,SILCAT_FLAG_W,NITRIT,NITRIT_FLAG_W,NITRAT_FLAG_W,NITRAT
3,2,2.40,0,20.33,1,35.53,1,213.74,1,0.10,1.00,1.07,1,0.00,1,1,0.02
3,2,2.50,0,20.32,1,35.53,1,215.93,1,0.12,1.00,0.91,1,0.01,6,1,0.01
3,3,2.60,0,20.32,1,35.53,1,216.11,1,0.11,1.00,0.95,1,0.01,6,1,0.01
3,3,3.20,0,20.32,1,35.53,1,215.84,1,0.11,1.00,0.92,1,0.01,6,1,0.01
3,17,17.60,0,20.31,1,35.53,1,216.05,1,0.12,1.00,0.96,1,0.01,6,1,0.01
3,18,17.70,0,20.32,1,35.53,1,216.16,1,0.12,1.00,0.96,1,0.01,6,1,0.01
3,18,18.60,0,20.29,1,35.53,1,213.91,1,0.10,1.00,1.08,1,0.00,1,1,0.02
3,19,18.80,0,20.28,1,35.52,1,219.23,1,0.11,1.00,1.03,1,0.01,6,6,0.01
3,27,27.10,0,20.20,1,35.52,1,216.39,1,0.13,1.00,0.97,1,0.01,6,1,0.03
3,27,27.50,0,20.20,1,35.52,1,216.34,1,0.13,1.00,1.03,1,0.01,6,1,0.03
3,34,33.80,0,20.16,1,35.52,1,219.00,1,0.11,1.00,1.01,1,0.01,6,6,0.01
3,38,37.80,0,19.97,1,35.51,1,215.38,1,0.13,1.00,1.10,1,0.01,1,1,0.03
3,46,46.80,0,19.77,1,35.50,1,214.43,1,0.14,1.00,1.19,1,0.02,1,1,0.03
3,47,47.10,0,19.79,1,35.51,1,211.55,1,0.12,1.00,1.41,1,0.01,1,1,0.03
3,47,47.50,0,19.77,1,35.50,1,214.31,1,0.14,1.00,1.21,1,0.02,1,1,0.04
3,48,48.50,0,19.88,1,35.52,1,218.46,1,,9.00,1.05,1,0.01,6,1,0.03
3,58,57.90,0,19.49,1,35.52,1,209.98,1,0.18,1.00,1.84,1,0.13,1,1,0.22
3,58,58.70,0,19.42,1,35.52,1,209.87,1,,9.00,,9,,9,9,0.00
3,58,58.70,0,19.43,1,35.52,1,209.96,1,0.16,1.00,1.84,1,0.14,1,1,0.25
3,72,72.40,0,18.66,1,35.54,1,206.42,1,0.24,1.00,2.58,1,0.44,1,1,1.05
3,73,73.20,0,18.65,1,35.54,1,207.08,1,0.24,1.00,2.51,1,0.43,1,1,1.01
3,74,74.50,0,18.88,1,35.55,1,213.33,1,0.15,1.00,1.94,1,0.16,1,1,0.31
3,97,97.40,0,18.01,1,35.56,1,204.55,1,0.31,1.00,3.37,1,0.09,1,1,2.30
3,97,97.40,0,18.03,1,35.55,1,204.76,1,0.26,1.00,3.19,1,0.11,1,1,2.06
3,97,98.10,0,18.01,1,35.56,1,204.46,1,0.31,1.00,3.36,1,0.09,1,1,2.30
3,98,99.20,0,18.05,1,35.56,1,204.39,1,0.29,1.00,3.55,1,0.10,1,1,2.33
3,117,117.70,0,17.66,1,35.56,1,209.88,1,0.30,1.00,3.09,1,0.13,1,1,2.16
3,117,118.40,0,17.66,1,35.56,1,209.60,1,0.30,1.00,3.12,1,0.14,1,1,2.15
3,149,149.90,0,17.33,1,35.57,1,211.17,1,0.31,1.00,3.59,1,0.10,1,1,2.82
3,197,198.50,0,16.85,1,35.56,1,202.12,1,0.37,1.00,3.90,1,0.02,1,1,4.24
3,198,199.10,0,16.94,1,35.57,1,210.74,1,,9.00,,9,,9,9,0.00
3,198,199.20,0,16.94,1,35.57,1,210.41,1,0.35,1.00,3.15,1,0.16,1,1,2.76
3,199,200.80,0,16.94,1,35.57,1,207.08,1,0.36,1.00,3.78,1,0.07,1,1,3.85
3,297,299.60,0,15.28,1,35.42,1,198.42,1,0.61,1.00,4.39,1,0.01,1,1,6.39
3,298,300.70,0,15.38,1,35.43,1,199.19,1,0.53,1.00,4.56,1,0.02,1,1,6.62
3,396,399.20,0,13.40,1,35.24,1,204.84,1,0.79,1.00,4.35,1,0.01,6,1,8.87
3,396,399.60,0,13.40,1,35.24,1,204.79,1,0.79,1.00,4.38,1,0.01,1,1,8.86
3,398,401.40,0,13.66,1,35.29,1,200.94,1,0.70,1.00,4.74,1,0.01,1,1,9.67
3,497,501.10,0,12.26,1,35.12,1,205.19,1,0.84,1.00,5.17,1,0.01,1,1,11.88
3,498,502.30,0,12.43,1,35.14,1,205.23,1,0.82,1.00,5.00,1,0.01,1,1,11.89
3,745,751.80,0,8.75,1,34.67,1,194.79,1,1.40,1.00,13.09,1,0.01,1,1,21.30
3,748,754.60,0,9.05,1,34.71,1,192.92,1,1.35,1.00,12.52,1,0.01,1,1,20.74
3,994,1004.10,0,4.92,1,34.35,1,197.07,1,1.96,1.00,26.77,1,0.01,1,1,30.23
3,995,1005.20,0,4.92,1,34.35,1,197.43,1,1.96,1.00,26.66,1,0.01,1,1,29.95
3,997,1006.50,0,4.96,1,34.33,1,200.89,1,1.91,1.00,24.99,1,0.01,1,1,29.81
3,1244,1257.20,0,4.03,1,34.51,1,165.11,1,2.28,1.00,54.52,1,0.01,1,1,33.89
3,1247,1259.80,0,4.03,1,34.48,1,162.25,1,2.22,1.00,50.88,1,0.01,6,1,34.02
3,1493,1509.50,0,3.18,1,34.58,1,167.51,1,2.30,1.00,63.40,1,0.01,1,1,34.22
3,1495,1511.50,0,3.18,1,34.58,1,167.59,1,,9.00,,9,,9,9,0.00
3,1497,1513.20,0,3.17,1,34.58,1,158.17,1,2.28,1.00,62.91,1,0.01,6,1,33.77
3,1743,1763.10,0,2.88,1,34.70,1,182.71,1,,9.00,,9,,9,9,0.00
3,1745,1765.00,0,2.91,1,34.70,1,170.20,1,2.09,1.00,60.02,1,0.01,6,1,31.22
3,1993,2017.30,0,2.80,1,34.78,1,197.33,1,,9.00,,9,,9,9,0.00
3,1993,2017.60,0,2.80,1,34.78,1,197.60,1,,9.00,,9,,9,9,0.00
3,1994,2018.50,0,2.79,1,34.78,1,185.28,1,1.90,1.00,54.66,1,0.01,6,1,28.40
3,2492,2525.50,0,2.57,1,34.84,1,200.86,1,1.75,1.00,52.12,1,0.01,6,1,25.77
3,2493,2526.20,0,2.55,1,34.84,1,213.95,1,,9.00,,9,,9,9,0.00
3,2742,2780.60,0,2.45,1,34.84,1,203.07,1,1.73,1.00,53.94,1,0.01,6,1,25.48
3,2991,3035.00,0,2.34,1,34.84,1,220.29,1,1.75,1.00,58.42,1,0.01,1,1,26.37
3,2994,3037.40,0,2.33,1,34.84,1,204.28,1,1.73,1.00,56.46,1,0.01,6,1,25.42
3,2995,3039.10,0,2.34,1,34.84,1,220.19,1,,9.00,,9,,9,9,0.00
3,3492,3546.80,0,2.07,1,34.83,1,204.18,1,1.78,1.00,64.29,1,0.01,6,1,25.93
3,3493,3548.30,0,2.08,1,34.83,1,220.32,1,1.80,1.00,66.84,1,0.01,1,1,26.80
3,3991,4059.20,0,1.41,1,34.76,1,197.43,1,2.04,1.00,88.75,1,0.01,6,1,28.95
3,3993,4060.90,0,1.44,1,34.77,1,216.49,1,2.04,1.00,91.67,1,0.01,1,1,29.88
3,3994,4061.60,0,1.45,1,34.77,1,216.52,1,,9.00,,9,,9,9,0.00
3,4489,4570.50,0,1.15,1,34.74,1,196.22,1,,9.00,33.58,3,0.01,3,3,25.68
3,4494,4576.10,0,1.16,1,34.74,1,217.66,1,2.16,1.00,103.71,1,0.01,1,1,31.29
3,4787,4877.60,0,1.09,1,34.73,1,196.24,1,2.17,1.00,101.79,1,0.01,6,1,30.32
3,4852,4944.40,0,1.07,1,34.73,1,196.61,1,2.20,1.00,102.68,1,0.01,6,1,30.39
3,4900,4993.50,0,1.05,1,34.73,1,222.10,1,2.21,1.00,108.56,1,0.01,6,1,31.73
3,4900,4993.50,0,1.05,1,34.73,1,222.03,1,,9.00,,9,,9,9,0.00
4,3,2.90,0,15.04,1,34.92,1,252.48,1,0.31,1.00,,9,0.05,1,1,0.80
4,3,3.30,0,15.04,1,34.93,1,252.37,1,0.31,1.00,,9,0.05,1,1,0.84
4,18,18.00,0,14.66,1,34.90,1,255.98,1,,9.00,,9,,9,9,0.00
4,18,18.20,0,14.62,1,34.90,1,256.12,1,0.32,1.00,,9,0.06,1,1,0.99
4,27,27.70,0,14.08,1,34.88,1,256.98,1,0.33,1.00,,9,0.06,1,1,1.02
4,28,27.80,0,14.08,1,34.88,1,256.88,1,0.32,1.00,,9,0.06,1,1,1.00
4,38,38.40,0,13.86,1,34.88,1,254.69,1,0.36,1.00,,9,0.07,1,1,1.34
4,38,38.70,0,13.85,1,34.88,1,254.69,1,0.36,1.00,,9,0.07,1,1,1.36
4,48,48.10,0,13.43,1,34.87,1,251.81,1,0.39,1.00,,9,0.09,1,1,1.65
4,48,48.50,0,13.49,1,34.87,1,252.16,1,0.40,1.00,,9,0.09,1,1,1.64
4,58,58.30,0,12.63,1,34.81,1,249.06,1,0.50,1.00,,9,0.20,1,1,2.44
4,58,58.40,0,12.63,1,34.80,1,248.87,1,0.50,1.00,,9,0.22,1,1,2.57
4,78,78.30,0,12.55,1,34.87,1,245.43,1,0.52,1.00,,9,0.63,1,1,2.89
4,78,78.30,0,12.55,1,34.87,1,245.53,1,0.52,1.00,,9,0.64,1,1,2.92
4,97,97.70,0,12.13,1,34.82,1,242.48,1,0.60,1.00,,9,0.23,1,1,4.96
4,98,98.40,0,12.13,1,34.82,1,242.68,1,0.61,1.00,,9,0.28,1,1,4.80
4,127,127.80,0,11.95,1,34.88,1,237.05,1,0.68,1.00,,9,0.01,1,1,6.54
4,127,128.10,0,11.96,1,34.88,1,236.87,1,,9.00,,9,,9,9,0.00
4,196,198.00,0,11.00,1,34.81,1,231.45,1,,9.00,,9,,9,9,0.00
4,197,198.50,0,11.00,1,34.81,1,231.54,1,0.88,1.00,,9,0.01,1,1,9.69
4,296,298.80,0,10.00,1,34.77,1,222.22,1,1.14,1.00,,9,0.01,1,1,9.78
4,297,299.10,0,10.01,1,34.77,1,222.21,1,0.89,1.00,,9,0.01,1,1,13.64
4,394,397.80,0,8.42,1,34.57,1,220.64,1,1.46,1.00,,9,0.01,1,1,17.72
4,395,398.70,0,8.42,1,34.57,1,220.54,1,1.46,1.00,,9,0.01,1,1,17.71
5,5,4.70,0,12.88,1,34.67,1,259.35,1,0.45,1.00,1.22,1,0.11,1,1,4.24
5,6,6.10,0,12.88,1,34.67,1,259.30,1,0.44,1.00,1.23,1,0.11,1,1,4.39
5,20,20.00,0,12.88,1,34.67,1,259.42,1,0.45,1.00,1.19,1,0.11,1,1,4.46
5,20,20.20,0,12.88,1,34.67,1,259.40,1,0.45,1.00,1.22,1,0.11,1,1,4.42
5,30,30.10,0,12.87,1,34.67,1,259.84,1,0.45,1.00,1.22,1,0.11,1,1,4.45
5,30,30.50,0,12.87,1,34.67,1,259.90,1,0.45,1.00,1.24,1,0.11,1,1,4.47
5,40,39.90,0,12.62,1,34.67,1,261.24,1,,9.00,,9,,9,9,0.00
5,41,41.50,0,12.72,1,34.67,1,261.11,1,0.46,1.00,1.29,1,0.12,1,1,4.75
5,49,49.60,0,11.98,1,34.66,1,263.56,1,0.50,1.00,1.33,1,0.14,1,1,5.27
5,50,50.80,0,11.94,1,34.66,1,263.76,1,0.50,1.00,1.32,1,0.15,1,1,5.35
5,60,60.70,0,11.63,1,34.65,1,262.05,1,0.55,1.00,1.37,1,0.18,1,1,5.97
5,61,61.30,0,11.60,1,34.65,1,262.23,1,,9.00,,9,,9,9,0.00
5,79,80.10,0,11.04,1,34.67,1,261.92,1,,9.00,,9,,9,9,0.00
5,80,80.40,0,11.06,1,34.67,1,262.05,1,0.60,1.00,1.58,1,0.26,1,1,6.88
5,99,100.10,0,10.52,1,34.66,1,259.92,1,0.65,1.00,1.75,1,0.45,1,1,7.89
5,100,100.60,0,10.51,1,34.66,1,259.90,1,0.65,1.00,1.72,1,0.46,1,1,8.02
5,124,124.80,0,10.41,1,34.67,1,256.31,1,0.68,1.00,1.97,1,0.37,1,1,9.05
5,124,124.90,0,10.42,1,34.67,1,256.55,1,0.68,1.00,1.98,1,0.38,1,1,9.01
5,200,201.60,0,10.51,1,34.72,1,254.53,1,,9.00,,9,,9,9,0.00
5,200,202.00,0,10.51,1,34.72,1,254.55,1,,9.00,,9,,9,9,0.00
5,298,301.00,0,9.08,1,34.54,1,255.41,1,0.88,1.00,2.95,1,0.02,1,1,13.06
5,299,301.90,0,9.06,1,34.54,1,255.36,1,0.87,1.00,2.99,1,0.02,1,1,13.16
5,398,401.40,0,8.46,1,34.54,1,233.20,1,,9.00,,9,,9,9,0.00
5,398,401.80,0,8.49,1,34.55,1,234.03,1,1.12,1.00,5.57,1,0.02,1,1,18.07
7,5,5.04,0,,9,,9,,9,,9.00,,9,,9,9,0.00
7,18,18.60,0,13.82,1,34.04,1,92.45,1,0.43,1.00,1.23,1,0.08,1,1,3.18
7,33,33.30,0,13.40,1,33.90,1,89.18,1,0.46,1.00,1.26,1,0.09,1,1,3.77
7,49,49.10,0,12.99,1,33.41,1,87.96,1,0.50,1.00,1.28,1,0.13,1,1,4.34
7,73,73.80,0,11.19,1,34.03,1,91.21,1,0.66,1.00,1.69,1,0.42,1,1,7.51
7,98,98.90,0,10.64,1,33.90,1,95.20,1,0.76,1.00,2.16,1,0.01,1,1,9.71
7,147,148.60,0,9.72,1,33.99,1,99.95,1,0.96,1.00,3.12,1,0.01,6,1,13.42
7,198,200.00,0,9.30,1,33.72,1,104.56,1,1.08,1.00,3.81,1,0.01,6,1,15.55
7,298,300.80,0,8.07,1,33.86,1,110.60,1,1.35,1.00,6.04,1,0.01,6,1,20.20
7,398,401.50,0,6.57,1,33.80,1,115.65,1,1.63,1.00,9.19,1,0.01,6,1,24.63
7,496,500.30,0,5.42,1,33.75,1,122.84,1,1.79,1.00,12.44,1,0.01,6,1,26.90
7,746,753.60,0,3.92,1,34.02,1,132.93,1,2.00,1.00,23.78,1,0.01,6,1,29.87
7,994,1003.90,0,3.20,1,34.31,1,143.39,1,2.18,1.00,41.04,1,0.01,6,1,32.56
7,1244,1257.90,0,2.91,1,34.50,1,131.45,1,2.27,1.00,56.06,1,0.01,6,1,33.48
7,1492,1509.40,0,2.77,1,34.62,1,135.84,1,2.22,1.00,62.76,1,0.01,6,1,32.48
7,1744,1764.60,0,2.71,1,34.70,1,139.36,1,2.07,1.00,62.52,1,0.01,6,1,30.69
7,1993,2018.10,0,2.63,1,34.74,1,141.45,1,1.94,1.00,59.79,1,0.01,6,1,28.37
7,2492,2525.90,0,2.44,1,34.78,1,143.46,1,1.79,1.00,58.10,1,0.01,6,1,26.10
7,2741,2780.30,0,2.35,1,34.77,1,142.76,1,1.76,1.00,59.09,1,0.01,6,1,25.45
7,2990,3034.80,0,2.26,1,34.76,1,145.10,1,1.73,1.00,60.82,1,0.01,6,1,25.91
7,3241,3291.30,0,2.06,1,34.72,1,148.13,1,1.80,1.00,67.87,1,0.01,6,1,26.37
7,3490,3546.90,0,1.78,1,34.66,1,150.85,1,1.91,1.00,79.48,1,0.01,6,1,27.68
7,3988,4057.10,0,1.23,1,34.67,1,155.77,1,2.10,1.00,100.80,1,0.01,6,1,30.09
7,4288,4365.40,0,1.11,1,34.70,1,159.18,1,2.16,1.00,106.46,1,0.01,6,1,30.68
7,4432,4513.20,0,1.11,1,34.73,1,160.62,1,2.17,1.00,107.50,1,0.01,6,1,30.72
8,4,3.90,0,14.52,1,34.86,1,248.56,1,,9.00,,9,,9,9,0.00
8,4,4.20,0,14.52,1,34.86,1,248.69,1,0.36,1.00,0.38,1,0.06,1,9,-0.06
8,4,4.20,0,14.52,1,34.86,1,248.48,1,0.36,1.00,0.38,1,0.06,1,9,-0.06
8,7,7.00,0,14.66,1,34.86,1,249.98,1,0.35,1.00,0.32,1,0.06,1,1,1.62
8,18,17.70,0,14.18,1,34.86,1,250.76,1,0.36,1.00,0.57,1,0.07,1,1,1.29
8,19,19.40,0,14.47,1,34.86,1,248.84,1,0.36,1.00,0.40,1,0.07,1,9,-0.07
8,19,19.50,0,14.47,1,34.86,1,249.18,1,,9.00,,9,,9,9,0.00
8,34,33.80,0,13.85,1,34.85,1,249.02,1,0.40,1.00,0.57,1,0.10,1,1,1.87
8,34,33.90,0,14.37,1,34.86,1,248.77,1,0.37,1.00,0.41,1,0.07,1,9,-0.07
8,34,34.50,0,14.37,1,34.86,1,248.57,1,0.36,1.00,0.40,1,0.07,1,9,-0.07
8,40,40.30,0,12.73,1,34.91,1,250.66,1,,9.00,,9,,9,9,0.00
8,41,41.50,0,14.34,1,34.86,1,248.82,1,0.37,1.00,0.40,1,0.07,1,9,-0.07
8,41,41.60,0,14.35,1,34.86,1,248.90,1,0.37,1.00,0.42,1,0.07,1,9,-0.07
8,41,41.70,0,14.35,1,34.86,1,248.71,1,0.37,1.00,0.41,1,0.07,1,9,-0.07
8,43,43.50,0,12.45,1,34.87,1,250.39,1,0.54,1.00,0.94,1,0.23,1,1,3.42
8,49,49.00,0,13.49,1,34.87,1,250.87,1,0.47,1.00,0.69,1,0.14,1,9,-0.14
8,49,49.20,0,13.35,1,34.87,1,251.28,1,0.46,1.00,0.68,1,0.15,1,9,-0.15
8,52,52.00,0,13.67,1,34.87,1,251.89,1,0.44,1.00,0.56,1,0.10,1,1,2.60
8,54,54.20,0,12.83,1,34.88,1,251.71,1,0.52,1.00,,9,,9,9,0.00
8,54,54.60,0,12.92,1,34.88,1,251.87,1,0.51,1.00,0.87,1,0.19,1,9,-0.19
8,74,74.60,0,11.26,1,34.87,1,250.78,1,0.67,1.00,1.84,1,0.56,1,9,-0.56
8,74,74.70,0,11.14,1,34.87,1,249.86,1,0.68,1.00,1.92,1,0.27,1,1,6.71
8,74,75.00,0,11.26,1,34.87,1,250.73,1,,9.00,,9,,9,9,0.00
8,98,98.60,0,10.88,1,34.87,1,247.90,1,0.71,1.00,2.22,1,0.01,1,1,7.56
8,99,99.90,0,10.88,1,34.87,1,248.29,1,,9.00,,9,,9,9,0.00
8,100,100.60,0,10.87,1,34.87,1,248.31,1,0.71,1.00,2.27,1,0.02,1,9,-0.02
8,102,102.50,0,10.93,1,34.87,1,249.38,1,0.62,1.00,1.63,1,0.04,1,1,6.08
8,149,149.90,0,10.77,1,34.91,1,247.54,1,0.74,1.00,2.55,1,0.01,1,1,8.29
8,198,200.10,0,10.52,1,34.88,1,246.16,1,,9.00,,9,,9,9,0.00
8,199,200.30,0,10.27,1,34.84,1,245.12,1,0.83,1.00,3.04,1,0.01,1,9,-0.01
8,199,200.90,0,10.27,1,34.84,1,245.29,1,0.83,1.00,3.05,1,0.01,1,9,-0.01
8,202,203.20,0,10.28,1,34.84,1,246.20,1,0.84,1.00,2.97,1,0.01,1,1,10.36
8,209,210.30,0,10.40,1,34.86,1,245.81,1,0.81,1.00,2.81,1,0.01,6,1,9.54
8,298,300.30,0,8.96,1,34.65,1,225.81,1,1.19,1.00,5.27,1,0.01,1,1,16.49
8,298,300.40,0,9.12,1,34.68,1,228.57,1,1.14,1.00,4.63,1,0.01,6,1,15.47
8,298,300.60,0,8.96,1,34.65,1,226.14,1,1.19,1.00,5.25,1,0.01,1,1,16.11
8,351,354.30,0,7.97,1,34.52,1,222.86,1,,9.00,,9,,9,9,0.00
8,352,355.10,0,7.97,1,34.53,1,222.93,1,1.41,1.00,6.76,1,0.01,6,1,20.56
8,397,400.20,0,7.32,1,34.45,1,222.36,1,,9.00,,9,,9,9,0.00
8,397,400.40,0,7.32,1,34.45,1,222.09,1,1.50,1.00,8.18,1,0.01,6,1,22.55
8,398,401.90,0,7.56,1,34.48,1,217.50,1,1.49,1.00,7.44,1,0.01,6,1,21.41
8,499,503.20,0,5.62,1,34.28,1,226.37,1,1.74,1.00,11.13,1,0.01,6,1,25.56
8,501,505.20,0,5.64,1,34.28,1,230.46,1,1.76,1.00,11.42,1,0.01,6,1,26.14
8,700,706.20,0,4.38,1,34.21,1,232.59,1,1.91,1.00,17.87,1,0.01,6,1,28.69
8,701,707.50,0,4.38,1,34.21,1,232.20,1,1.91,1.00,17.80,1,0.01,6,1,28.69
8,747,754.00,0,3.95,1,34.21,1,224.22,1,1.98,1.00,21.88,1,0.01,6,1,29.24
8,996,1005.90,0,3.26,1,34.30,1,200.36,1,2.17,1.00,36.75,1,0.01,6,1,31.90
8,998,1008.50,0,3.32,1,34.28,1,206.39,1,2.16,1.00,35.56,1,0.01,6,1,32.23
8,1246,1259.20,0,2.92,1,34.43,1,177.29,1,2.26,1.00,51.33,1,0.01,6,1,33.00
8,1249,1262.40,0,2.91,1,34.43,1,184.20,1,2.27,1.00,51.90,1,0.01,6,1,33.60
8,1495,1512.10,0,2.79,1,34.58,1,169.55,1,2.21,1.00,58.96,1,0.01,6,1,32.00
8,1498,1515.20,0,2.80,1,34.58,1,179.62,1,2.23,1.00,58.40,1,0.01,6,1,32.22
8,1499,1516.00,0,2.80,1,34.58,1,179.60,1,2.23,1.00,58.76,1,0.01,6,1,32.47
8,1744,1764.90,0,2.76,1,34.70,1,175.80,1,2.04,1.00,,9,,9,9,0.00
8,1747,1768.30,0,2.77,1,34.69,1,186.61,1,2.09,1.00,59.29,1,0.01,6,1,30.18
8,1993,2018.20,0,2.71,1,34.77,1,186.31,1,1.91,1.00,57.75,1,0.01,6,1,28.01
8,1996,2021.20,0,2.73,1,34.77,1,197.92,1,1.94,1.00,56.80,1,0.01,6,1,27.98
8,1997,2022.60,0,2.73,1,34.77,1,198.06,1,1.94,1.00,56.72,1,0.01,6,1,27.78
8,2244,2273.60,0,2.59,1,34.80,1,193.84,1,1.85,1.00,57.60,1,0.01,6,1,26.46
8,2492,2526.20,0,2.43,1,34.81,1,197.10,1,1.82,1.00,60.30,1,0.01,6,1,26.17
8,2497,2531.00,0,2.46,1,34.82,1,212.41,1,1.82,1.00,58.32,1,0.01,6,1,26.17
8,2498,2532.00,0,2.46,1,34.82,1,212.49,1,1.81,1.00,58.00,1,0.01,6,1,25.91
8,2741,2780.20,0,2.28,1,34.82,1,201.63,1,1.80,1.00,61.76,1,0.01,6,1,25.65
8,2991,3035.50,0,2.23,1,34.82,1,202.01,1,1.83,1.00,29.40,3,0.01,3,3,26.08
8,2995,3040.30,0,2.23,1,34.82,1,219.08,1,1.81,1.00,62.25,1,0.01,6,1,25.67
8,2997,3041.50,0,2.23,1,34.82,1,219.02,1,1.81,1.00,62.08,1,0.01,6,1,25.58
8,3196,3245.00,0,2.18,1,34.82,1,219.06,1,1.83,1.00,64.46,1,0.01,6,1,25.75
8,3196,3245.60,0,2.18,1,34.82,1,218.95,1,1.83,1.00,64.77,1,0.01,6,1,25.73
8,3310,3362.30,0,2.15,1,34.81,1,200.39,1,1.84,1.00,66.91,1,0.01,6,1,25.96
8,3366,3419.00,0,2.10,1,34.81,1,219.97,1,,9.00,,9,,9,9,0.00
8,3368,3421.50,0,2.10,1,34.81,1,220.03,1,1.87,1.00,67.86,1,0.01,6,1,26.07
8,3375,3428.30,0,2.12,1,34.81,1,200.17,1,1.85,1.00,68.13,1,0.01,6,1,26.00
9,7,6.60,0,14.14,1,34.82,1,253.64,1,0.37,1.00,0.51,1,0.06,1,1,2.38
9,7,6.70,0,14.14,1,34.82,1,253.41,1,0.38,1.00,0.53,1,0.06,1,1,2.26
9,19,19.50,0,14.05,1,34.81,1,252.21,1,,9.00,,9,,9,9,0.00
9,21,21.70,0,14.14,1,34.82,1,253.68,1,,9.00,,9,,9,9,0.00
9,22,21.80,0,14.14,1,34.82,1,253.74,1,0.38,1.00,0.52,1,0.06,1,1,2.41
9,34,34.70,0,13.81,1,34.82,1,249.94,1,,9.00,,9,,9,9,0.00
9,36,36.00,0,13.90,1,34.83,1,251.95,1,0.41,1.00,0.53,1,0.07,1,1,2.60
9,36,36.30,0,13.93,1,34.83,1,252.05,1,0.40,1.00,0.54,1,0.07,1,1,2.57
9,49,49.20,0,13.71,1,34.82,1,249.60,1,,9.00,,9,,9,9,0.00
9,51,51.50,0,13.49,1,34.87,1,251.00,1,0.45,1.00,0.64,1,0.12,1,1,3.02
9,51,51.60,0,13.49,1,34.87,1,251.18,1,,9.00,,9,,9,9,0.00
9,59,59.30,0,13.36,1,34.86,1,248.71,1,,9.00,,9,,9,9,0.00
9,61,61.60,0,12.42,1,34.88,1,251.82,1,0.58,1.00,1.06,1,0.26,1,1,4.62
9,61,61.60,0,12.45,1,34.89,1,251.57,1,0.57,1.00,1.11,1,0.27,1,1,4.79
9,71,71.10,0,11.81,1,34.88,1,252.30,1,0.64,1.00,1.41,1,0.43,1,1,5.54
9,79,79.20,0,11.94,1,34.88,1,249.46,1,,9.00,,9,,9,9,0.00
9,80,80.80,0,11.52,1,34.90,1,251.95,1,,9.00,,9,,9,9,0.00
9,99,99.50,0,11.21,1,34.88,1,249.07,1,,9.00,,9,,9,9,0.00
9,102,103.10,0,11.07,1,34.88,1,250.59,1,,9.00,,9,,9,9,0.00
9,103,103.80,0,11.06,1,34.88,1,250.54,1,0.70,1.00,1.98,1,0.12,1,1,7.63
9,148,149.00,0,10.75,1,34.88,1,246.67,1,,9.00,,9,,9,9,0.00
9,199,200.70,0,10.62,1,34.89,1,246.00,1,,9.00,,9,,9,9,0.00
9,201,202.70,0,10.48,1,34.87,1,247.48,1,0.82,1.00,2.76,1,0.01,1,1,9.84
9,202,203.30,0,10.48,1,34.87,1,247.33,1,,9.00,,9,,9,9,0.00
9,298,300.10,0,9.46,1,34.72,1,226.96,1,,9.00,,9,,9,9,0.00
9,350,353.40,0,8.12,1,34.54,1,223.40,1,1.41,1.00,6.48,1,0.01,1,1,19.80
9,351,354.00,0,8.12,1,34.54,1,223.34,1,1.40,1.00,6.63,1,0.01,1,1,20.32
9,398,401.20,0,8.01,1,34.53,1,217.48,1,,9.00,,9,,9,9,0.00
9,497,501.50,0,6.35,1,34.35,1,220.97,1,,9.00,,9,,9,9,0.00
9,500,504.60,0,5.55,1,34.28,1,231.03,1,1.78,1.00,12.20,1,0.01,6,1,26.19
9,501,505.00,0,5.56,1,34.28,1,231.07,1,,9.00,,9,,9,9,0.00
9,697,703.30,0,4.52,1,34.22,1,228.77,1,,9.00,,9,,9,9,0.00
9,699,705.90,0,4.25,1,34.22,1,230.12,1,1.96,1.00,21.03,1,0.01,6,1,29.20
9,699,706.10,0,4.25,1,34.22,1,230.19,1,1.97,1.00,20.86,1,0.01,6,1,29.15
9,895,904.00,0,3.71,1,34.24,1,215.57,1,,9.00,,9,,9,9,0.00
9,998,1008.10,0,3.24,1,34.31,1,209.47,1,2.20,1.00,40.03,1,0.01,6,1,32.41
9,998,1008.40,0,3.24,1,34.31,1,209.13,1,2.17,1.00,37.69,1,0.01,6,1,32.15
9,1001,1010.80,0,3.47,1,34.26,1,209.98,1,,9.00,,9,,9,9,0.00
11,6,5.70,0,14.79,1,34.94,1,248.71,1,0.31,1.00,0.57,1,0.07,1,1,2.13
11,17,17.30,0,14.78,1,34.93,1,246.58,1,0.31,1.00,0.47,1,0.07,1,1,2.06
11,21,21.10,0,14.75,1,34.94,1,248.70,1,,9.00,,9,,9,9,0.00
11,30,30.70,0,14.69,1,34.94,1,245.64,1,0.36,1.00,0.58,1,0.09,1,1,2.62
11,36,36.10,0,14.46,1,34.95,1,248.64,1,0.34,1.00,0.74,1,0.08,1,1,2.52
11,36,36.70,0,14.44,1,34.96,1,248.76,1,0.34,1.00,0.75,1,0.08,1,1,2.55
11,51,51.30,0,13.64,1,34.99,1,250.85,1,0.41,1.00,0.83,1,0.13,1,1,3.43
11,58,58.50,0,12.78,1,34.99,1,248.05,1,0.52,1.00,1.30,1,0.38,1,1,4.90
11,60,60.50,0,12.52,1,34.99,1,251.20,1,0.49,1.00,1.09,1,0.19,1,1,4.08
11,60,60.90,0,12.51,1,34.99,1,250.91,1,0.49,1.00,1.14,1,0.22,1,1,4.34
11,62,62.30,0,12.64,1,34.98,1,252.86,1,0.49,1.00,1.10,1,0.19,1,1,4.70
11,69,70.00,0,12.36,1,35.01,1,249.92,1,0.53,1.00,1.52,1,0.47,1,1,5.04
11,70,70.40,0,12.36,1,35.00,1,249.86,1,0.53,1.00,1.48,1,0.49,1,1,5.12
11,71,71.50,0,12.36,1,35.00,1,251.25,1,0.52,1.00,1.54,1,0.35,1,1,5.10
11,74,74.70,0,12.00,1,34.99,1,249.90,1,0.58,1.00,1.45,1,0.41,1,1,5.72
11,79,79.10,0,12.11,1,35.00,1,249.48,1,0.56,1.00,1.61,1,0.55,1,1,5.57
11,80,80.20,0,12.13,1,35.00,1,249.53,1,0.56,1.00,1.62,1,0.54,1,1,5.66
11,82,82.20,0,11.96,1,34.97,1,250.91,1,,9.00,,9,,9,9,0.00
11,100,100.50,0,11.63,1,34.99,1,248.20,1,0.62,1.00,1.98,1,0.26,1,1,7.13
11,100,100.80,0,11.66,1,35.00,1,246.09,1,0.67,1.00,1.86,1,0.06,1,1,7.02
11,100,101.30,0,11.60,1,35.00,1,247.50,1,0.62,1.00,2.27,1,0.04,1,1,7.42
11,101,101.80,0,11.66,1,34.98,1,248.54,1,0.62,1.00,1.95,1,0.31,1,1,7.08
11,120,121.30,0,11.40,1,34.98,1,247.35,1,0.59,1.00,1.85,1,0.10,1,1,6.54
11,148,149.60,0,11.23,1,34.98,1,245.72,1,0.61,1.00,2.21,1,0.01,1,1,8.05
11,199,200.30,0,11.09,1,34.98,1,243.28,1,0.73,1.00,2.52,1,0.01,6,1,8.63
11,199,200.40,0,10.93,1,34.94,1,245.24,1,0.72,1.00,2.59,1,0.01,1,1,9.14
11,199,200.90,0,10.94,1,34.95,1,245.35,1,0.73,1.00,2.53,1,0.01,1,1,9.04
11,200,201.80,0,11.04,1,34.97,1,244.98,1,0.73,1.00,2.87,1,0.01,1,1,9.64
11,297,299.60,0,10.07,1,34.82,1,235.14,1,0.94,1.00,3.35,1,0.01,6,1,12.24
11,299,302.00,0,10.03,1,34.81,1,235.66,1,0.95,1.00,3.59,1,0.01,6,1,12.88
11,397,400.90,0,8.58,1,34.60,1,222.40,1,1.28,1.00,5.92,1,0.01,6,1,18.91
11,398,401.20,0,8.60,1,34.61,1,222.66,1,1.31,1.00,5.86,1,0.01,6,1,19.35
11,399,402.10,0,8.30,1,34.57,1,217.30,1,1.35,1.00,6.07,1,0.01,6,1,19.14
11,497,501.30,0,6.55,1,34.38,1,219.43,1,1.63,1.00,9.18,1,0.01,6,1,23.84
11,497,501.40,0,6.54,1,34.37,1,225.02,1,1.61,1.00,8.89,1,0.01,6,1,23.18
11,497,501.60,0,6.55,1,34.37,1,224.98,1,1.63,1.00,8.88,1,0.01,6,1,22.34
11,497,501.70,0,6.53,1,34.36,1,225.09,1,1.61,1.00,8.92,1,0.01,6,1,22.84
11,500,504.20,0,6.59,1,34.37,1,224.82,1,,9.00,,9,,9,9,0.00
11,747,754.00,0,4.41,1,34.22,1,230.44,1,1.90,1.00,22.48,1,0.01,6,1,27.50
11,747,754.60,0,4.30,1,34.22,1,227.10,1,1.92,1.00,18.24,1,0.01,6,1,28.18
11,748,754.70,0,4.41,1,34.22,1,230.63,1,1.90,1.00,17.29,1,0.01,6,1,26.51
11,748,755.00,0,4.41,1,34.22,1,230.79,1,1.97,1.00,17.16,1,0.01,6,1,26.56
11,749,755.90,0,4.33,1,34.22,1,229.48,1,,9.00,,9,,9,9,0.00
11,996,1005.60,0,3.44,1,34.26,1,211.58,1,2.11,1.00,56.49,3,0.01,3,3,27.62
11,996,1006.40,0,3.44,1,34.26,1,211.08,1,2.01,1.00,31.40,1,0.01,6,1,29.11
11,997,1006.90,0,3.44,1,34.26,1,211.38,1,,9.00,,9,,9,9,0.00
11,997,1007.30,0,3.45,1,34.26,1,208.53,1,2.11,1.00,31.25,1,0.01,6,1,30.82
11,998,1008.30,0,3.38,1,34.27,1,210.49,1,,9.00,,9,,9,9,0.00
11,1244,1257.80,0,2.99,1,34.39,1,189.18,1,2.26,1.00,46.33,1,0.01,6,1,30.76
11,1245,1258.80,0,2.99,1,34.39,1,189.11,1,2.25,1.00,46.63,1,0.01,6,1,30.73
11,1245,1258.90,0,2.96,1,34.40,1,180.53,1,2.27,1.00,48.49,1,0.01,6,1,32.69
11,1246,1259.60,0,2.99,1,34.39,1,189.04,1,2.25,1.00,46.49,1,0.01,6,1,30.63
11,1248,1261.40,0,2.95,1,34.41,1,185.80,1,,9.00,,9,,9,9,0.00
11,1494,1510.90,0,2.82,1,34.54,1,179.78,1,,9.00,,9,,9,9,0.00
11,1494,1511.40,0,2.83,1,34.54,1,171.19,1,2.24,1.00,55.88,1,0.01,6,1,32.05
11,1495,1511.50,0,2.82,1,34.54,1,179.71,1,,9.00,,9,,9,9,0.00
11,1497,1513.60,0,2.82,1,34.54,1,179.76,1,2.24,1.00,56.19,1,0.01,6,1,30.25
11,1497,1513.90,0,2.82,1,34.55,1,179.16,1,,9.00,,9,,9,9,0.00
11,1644,1663.30,0,2.78,1,34.63,1,170.11,1,2.18,1.00,58.89,1,0.01,6,1,30.96
11,1794,1815.30,0,2.78,1,34.69,1,174.21,1,2.09,1.00,58.80,1,0.01,6,1,29.63
11,1794,1816.00,0,2.77,1,34.70,1,186.85,1,2.07,1.00,58.07,1,0.01,6,1,27.76
11,1795,1816.60,0,2.77,1,34.70,1,186.86,1,,9.00,,9,,9,9,0.00
11,1795,1816.90,0,2.77,1,34.70,1,186.81,1,2.07,1.00,58.45,1,0.01,6,1,27.94
11,1797,1819.00,0,2.78,1,34.68,1,184.59,1,,9.00,,9,,9,9,0.00
11,1993,2018.30,0,2.70,1,34.75,1,182.43,1,1.96,1.00,58.49,1,0.01,6,1,28.32
11,1994,2019.00,0,2.70,1,34.75,1,194.62,1,1.97,1.00,58.02,1,0.01,6,1,26.53
11,1994,2019.30,0,2.70,1,34.75,1,194.65,1,1.98,1.00,57.49,1,0.01,6,1,26.37
11,1994,2019.40,0,2.70,1,34.75,1,194.58,1,1.98,1.00,57.67,1,0.01,6,1,26.54
11,1995,2020.40,0,2.74,1,34.73,1,191.81,1,,9.00,,9,,9,9,0.00
11,2193,2221.50,0,2.62,1,34.78,1,201.72,1,1.91,1.00,57.39,1,0.01,6,1,25.32
11,2193,2221.60,0,2.63,1,34.78,1,188.13,1,1.91,1.00,58.55,1,0.01,6,1,26.90
11,2194,2222.40,0,2.62,1,34.78,1,201.75,1,1.91,1.00,57.36,1,0.01,6,1,25.33
11,2194,2222.50,0,2.62,1,34.78,1,201.76,1,1.91,1.00,57.40,1,0.01,6,1,25.39
11,2197,2225.60,0,2.65,1,34.78,1,199.69,1,,9.00,,9,,9,9,0.00
11,2491,2525.40,0,2.43,1,34.81,1,195.30,1,1.86,1.00,61.01,1,0.01,6,1,26.08
11,2494,2528.50,0,2.45,1,34.80,1,208.81,1,1.85,1.00,64.12,1,0.01,6,1,28.24
11,2689,2727.30,0,2.31,1,34.81,1,198.01,1,1.84,1.00,63.51,1,0.01,6,1,25.99
11,2693,2731.70,0,2.30,1,34.81,1,213.23,1,,9.00,,9,,9,9,0.00
11,2891,2934.10,0,2.21,1,34.81,1,200.26,1,1.84,1.00,65.52,1,0.01,6,1,25.89
11,2992,3036.90,0,2.18,1,34.81,1,200.38,1,1.85,1.00,67.09,1,0.01,6,1,25.91
11,2996,3040.50,0,2.17,1,34.81,1,217.03,1,1.83,1.00,69.74,1,0.01,6,1,28.07
11,3090,3136.90,0,2.15,1,34.81,1,200.75,1,1.85,1.00,67.95,1,0.01,6,1,26.10
11,3094,3141.40,0,2.13,1,34.81,1,218.31,1,1.85,1.00,70.76,1,0.01,6,1,27.91
11,3158,3206.40,0,2.10,1,34.81,1,219.20,1,,9.00,,9,,9,9,0.00
11,3160,3208.20,0,2.10,1,34.81,1,219.13,1,,9.00,,9,,9,9,0.00
11,3163,3211.70,0,2.10,1,34.81,1,201.49,1,1.85,1.00,69.06,1,0.01,6,1,26.26
12,0,0.35,0,16.36,1,35.19,1,237.66,1,0.19,1.00,0.76,1,0.02,1,1,0.46
12,1,0.50,0,16.36,1,35.19,1,237.65,1,0.22,1.00,0.66,1,0.03,1,1,0.40
12,2,1.90,0,16.34,1,35.16,1,239.46,1,0.21,1.00,0.67,1,0.04,1,1,0.13
12,16,15.90,0,16.35,1,35.19,1,237.50,1,0.19,1.00,0.60,1,0.02,1,1,0.46
12,16,16.60,0,16.33,1,35.16,1,240.26,1,0.22,1.00,0.62,1,0.04,1,1,0.15
12,16,16.60,0,16.31,1,35.17,1,236.70,1,0.21,1.00,0.73,1,0.04,1,1,0.43
12,16,16.60,0,16.36,1,35.19,1,237.38,1,0.20,1.00,1.03,1,0.02,1,1,0.44
12,18,18.10,0,16.31,1,35.17,1,236.64,1,0.22,1.00,0.65,1,0.04,1,1,0.44
12,25,25.60,0,16.35,1,35.19,1,238.55,1,0.20,1.00,0.54,1,0.02,1,1,0.46
12,26,26.20,0,16.35,1,35.19,1,238.50,1,0.20,1.00,0.62,1,0.02,1,1,0.47
12,34,34.40,0,16.29,1,35.17,1,236.62,1,0.22,1.00,0.61,1,0.04,1,1,0.48
12,36,35.80,0,16.27,1,35.18,1,239.70,1,0.20,1.00,0.50,1,0.03,1,1,0.57
12,36,36.00,0,16.32,1,35.19,1,239.32,1,0.20,1.00,0.75,1,0.03,1,1,0.53
12,36,36.30,0,16.32,1,35.19,1,239.55,1,0.20,1.00,0.70,1,0.03,1,1,0.53
12,38,38.30,0,16.25,1,35.17,1,236.67,1,,9.00,,9,,9,9,0.00
12,41,41.30,0,16.24,1,35.17,1,236.79,1,0.22,1.00,0.61,1,0.04,1,1,0.53
12,42,42.30,0,16.27,1,35.17,1,236.87,1,0.23,1.00,0.61,1,0.05,1,1,0.58
12,44,44.70,0,16.22,1,35.17,1,236.59,1,0.23,1.00,0.66,1,0.06,1,1,0.64
12,46,46.10,0,14.58,1,35.07,1,244.63,1,0.34,1.00,1.05,1,0.09,1,1,2.29
12,46,46.30,0,14.62,1,35.07,1,244.62,1,0.34,1.00,0.95,1,0.09,1,1,2.21
12,47,47.10,0,15.01,1,35.08,1,244.91,1,0.32,1.00,0.96,1,0.07,1,1,1.36
12,48,48.40,0,16.09,1,35.14,1,237.03,1,0.25,1.00,0.71,1,0.06,1,1,0.78
12,55,55.40,0,13.61,1,35.06,1,245.66,1,0.40,1.00,1.30,1,0.15,1,1,3.23
12,56,56.20,0,13.61,1,35.06,1,245.60,1,0.40,1.00,1.09,1,0.15,1,1,3.35
12,60,60.50,0,,9,,9,,9,,9.00,,9,,9,9,0.00
12,73,74.10,0,13.15,1,35.24,1,233.84,1,0.52,1.00,2.09,1,0.13,1,1,5.38
12,75,75.60,0,12.43,1,35.09,1,243.14,1,0.52,1.00,1.76,1,0.57,1,1,5.97
12,75,75.70,0,12.44,1,35.09,1,243.40,1,0.52,1.00,1.67,1,0.58,1,1,5.87
12,95,95.60,0,12.94,1,35.26,1,229.43,1,0.56,1.00,2.29,1,0.03,1,1,6.40
12,96,96.70,0,12.51,1,35.14,1,240.30,1,0.56,1.00,2.15,1,0.20,1,1,6.11
12,96,96.80,0,12.56,1,35.18,1,237.36,1,,9.00,,9,,9,9,0.00
12,96,97.00,0,12.57,1,35.18,1,237.40,1,0.55,1.00,1.95,1,0.05,1,1,6.95
12,97,97.60,0,12.94,1,35.26,1,229.50,1,0.58,1.00,2.29,1,0.03,1,1,6.48
12,99,99.40,0,12.94,1,35.26,1,229.27,1,0.58,1.00,2.28,1,0.04,1,1,6.52
12,136,137.60,0,12.47,1,35.20,1,236.81,1,0.59,1.00,2.21,1,0.01,1,1,7.54
12,137,137.70,0,12.47,1,35.20,1,236.78,1,0.59,1.00,2.23,1,0.01,1,1,7.60
12,147,148.30,0,12.54,1,35.23,1,235.40,1,0.60,1.00,2.29,1,0.03,1,1,6.83
12,150,151.27,0,,9,,9,,9,,9.00,,9,,9,9,0.00
12,193,195.00,0,12.41,1,35.21,1,237.77,1,0.61,1.00,2.33,1,0.02,1,1,6.94
12,195,196.10,0,11.72,1,35.05,1,245.26,1,0.59,1.00,2.15,1,0.01,1,1,7.02
12,196,197.20,0,12.25,1,35.18,1,240.97,1,0.43,1.00,1.68,1,0.05,1,1,5.58
12,196,197.70,0,12.24,1,35.18,1,240.82,1,0.48,1.00,1.54,1,0.05,1,1,4.76
12,197,198.20,0,12.39,1,35.21,1,237.77,1,0.60,1.00,2.33,1,0.02,1,1,6.96
12,198,200.00,0,12.37,1,35.21,1,237.87,1,0.60,1.00,2.30,1,0.02,1,1,7.01
12,294,296.80,0,11.42,1,35.02,1,241.78,1,0.68,1.00,2.59,1,0.01,1,1,8.92
12,299,301.50,0,11.48,1,35.04,1,238.51,1,0.71,1.00,2.58,1,0.02,1,1,8.56
12,393,396.90,0,10.25,1,34.84,1,230.88,1,0.96,1.00,3.69,1,0.01,6,1,14.32
12,394,397.50,0,10.25,1,34.84,1,230.73,1,0.95,1.00,3.65,1,0.01,1,1,14.18
12,400,403.60,0,9.96,1,34.80,1,223.08,1,1.04,1.00,4.09,1,0.01,1,1,13.95
12,400,403.63,0,,9,,9,,9,,9.00,,9,,9,9,0.00
12,488,492.10,0,8.39,1,34.58,1,214.47,1,1.33,1.00,6.55,1,0.01,1,1,19.66
12,492,496.30,0,8.27,1,34.57,1,214.48,1,1.36,1.00,6.82,1,0.01,1,1,20.59
12,495,499.50,0,7.52,1,34.48,1,220.35,1,1.49,1.00,7.88,1,0.01,1,1,22.33
12,497,501.70,0,8.02,1,34.54,1,214.57,1,1.40,1.00,7.07,1,0.01,6,1,21.27
12,594,599.10,0,6.46,1,34.38,1,222.26,1,1.65,1.00,10.63,1,0.01,1,1,25.19
12,597,602.30,0,6.26,1,34.36,1,219.18,1,1.65,1.00,10.84,1,0.01,6,1,25.43
12,743,750.50,0,4.83,1,34.22,1,236.20,1,1.81,1.00,14.19,1,0.01,1,1,27.58
12,747,754.50,0,4.73,1,34.21,1,235.01,1,1.79,1.00,14.20,1,0.01,6,1,27.53
12,975,985.11,0,,9,,9,,9,,9.00,,9,,9,9,0.00
12,990,1000.50,0,3.58,1,34.26,1,210.89,1,2.05,1.00,29.49,1,0.01,6,1,31.22
12,992,1002.00,0,3.56,1,34.26,1,214.45,1,2.07,1.00,29.99,1,0.01,6,1,31.80
12,997,1006.80,0,3.55,1,34.26,1,210.81,1,2.05,1.00,29.37,1,0.01,6,1,30.96
12,1193,1205.70,0,3.10,1,34.34,1,196.21,1,2.21,1.00,43.31,1,0.01,6,1,33.52
12,1195,1207.70,0,3.09,1,34.35,1,190.00,1,2.19,1.00,42.52,1,0.01,6,1,32.63
12,1307,1321.60,0,2.99,1,34.40,1,189.19,1,2.24,1.00,48.95,1,0.01,6,1,33.95
12,1394,1409.70,0,2.91,1,34.45,1,175.82,1,2.23,1.00,51.75,1,0.01,6,1,32.81
12,1488,1505.10,0,2.85,1,34.50,1,171.73,1,2.24,1.00,55.12,1,0.01,6,1,32.72
12,1491,1508.30,0,2.84,1,34.51,1,179.31,1,2.26,1.00,57.42,1,0.01,6,1,33.57
12,1494,1511.20,0,2.85,1,34.51,1,171.52,1,2.23,1.00,55.37,1,0.01,6,1,32.55
12,1592,1610.10,0,2.81,1,34.57,1,178.15,1,2.22,1.00,59.72,1,0.01,6,1,33.04
12,1594,1612.50,0,2.81,1,34.58,1,169.02,1,2.20,1.00,58.46,1,0.01,6,1,31.84
12,1791,1812.70,0,2.82,1,34.66,1,182.92,1,2.12,1.00,60.35,1,0.01,6,1,31.61
12,1793,1815.10,0,2.81,1,34.68,1,173.26,1,2.08,1.00,59.09,1,0.01,6,1,30.08
12,1987,2012.20,0,2.81,1,34.75,1,182.03,1,1.96,1.00,56.86,1,0.01,6,1,28.33
12,1990,2015.50,0,2.80,1,34.76,1,194.74,1,1.94,1.00,57.66,1,0.01,6,1,28.92
12,1991,2015.90,0,2.80,1,34.76,1,194.77,1,1.96,1.00,57.59,1,0.01,6,1,28.89
12,1993,2018.10,0,2.80,1,34.75,1,182.09,1,1.95,1.00,56.85,1,0.01,6,1,28.15
12,2190,2218.80,0,2.75,1,34.79,1,203.22,1,,9.00,,9,,9,9,0.00
12,2192,2220.30,0,2.73,1,34.80,1,192.19,1,1.83,1.00,54.85,1,0.01,6,1,26.57
12,2487,2521.10,0,2.62,1,34.82,1,197.44,1,1.78,1.00,56.19,1,0.01,6,1,25.83
12,2490,2524.30,0,2.65,1,34.82,1,212.42,1,1.78,1.00,55.10,1,0.01,6,1,26.16
12,2491,2525.20,0,2.65,1,34.82,1,212.38,1,1.78,1.00,55.05,1,0.01,6,1,26.08
12,2493,2527.00,0,2.62,1,34.82,1,197.38,1,1.76,1.00,55.77,1,0.01,6,1,25.99
12,2740,2779.70,0,2.40,1,34.83,1,219.69,1,1.75,1.00,57.28,1,0.01,6,1,25.50
12,2741,2780.60,0,2.35,1,34.83,1,205.18,1,1.73,1.00,58.14,1,0.01,6,1,25.28
12,2840,2881.66,0,,9,,9,,9,,9.00,,9,,9,9,0.00
12,2983,3027.80,0,2.13,1,34.83,1,206.50,1,1.75,1.00,62.89,1,0.01,6,1,25.53
12,2988,3032.90,0,2.13,1,34.83,1,206.55,1,1.76,1.00,63.27,1,0.01,6,1,25.50
12,2990,3034.90,0,2.11,1,34.82,1,223.55,1,,9.00,,9,,9,9,0.00
12,2990,3034.91,0,,9,,9,,9,,9.00,,9,,9,9,0.00
12,2991,3035.90,0,2.13,1,34.82,1,206.50,1,1.76,1.00,63.58,1,0.01,6,1,25.44
12,2992,3036.70,0,2.11,1,34.82,1,223.62,1,1.76,1.00,63.75,1,0.01,6,1,25.85
12,3031,3076.60,0,2.12,1,34.82,1,206.53,1,1.76,1.00,63.88,1,0.01,6,1,25.61
12,3041,3087.40,0,2.12,1,34.82,1,206.48,1,1.76,1.00,64.10,1,0.01,6,1,25.53
12,3105,3151.90,0,2.11,1,34.82,1,224.64,1,1.76,1.00,63.79,1,0.01,6,1,25.77
12,3105,3152.20,0,2.11,1,34.82,1,224.62,1,1.76,1.00,64.37,1,0.01,6,1,25.86
13,4,3.60,0,16.23,1,34.98,1,240.40,1,0.23,1.00,0.96,1,0.05,1,1,1.26
13,5,4.70,0,16.23,1,34.98,1,237.19,1,0.23,1.00,0.97,1,0.04,1,1,1.13
13,5,5.30,0,16.23,1,34.98,1,237.11,1,0.24,1.00,1.04,1,0.04,1,1,1.08
13,18,17.80,0,16.22,1,34.98,1,236.50,1,0.25,1.00,1.09,1,0.05,1,1,1.13
13,20,20.30,0,16.23,1,34.98,1,237.41,1,0.24,1.00,0.94,1,0.05,1,1,1.14
13,20,20.60,0,16.23,1,34.98,1,237.57,1,0.24,1.00,0.91,1,0.05,1,1,1.14
13,31,31.10,0,16.23,1,34.98,1,237.78,1,0.24,1.00,0.92,1,0.05,1,1,1.18
13,33,33.00,0,16.16,1,34.99,1,236.01,1,0.27,1.00,1.15,1,0.06,1,1,1.30
13,40,40.50,0,16.09,1,34.99,1,238.69,1,0.26,1.00,0.95,1,0.05,1,1,1.30
13,41,40.90,0,16.05,1,34.99,1,238.82,1,0.26,1.00,0.97,1,0.05,1,1,1.31
13,42,42.60,0,15.77,1,34.99,1,237.57,1,0.37,1.00,1.24,1,0.14,1,1,2.43
13,49,49.30,0,14.35,1,35.05,1,243.45,1,0.43,1.00,1.42,1,0.20,1,1,3.41
13,51,50.90,0,14.32,1,35.06,1,241.83,1,0.43,1.00,1.38,1,0.22,1,1,3.22
13,59,59.40,0,14.04,1,35.09,1,242.75,1,0.44,1.00,1.49,1,0.30,1,1,3.73
13,60,60.60,0,14.04,1,35.09,1,242.80,1,0.45,1.00,1.49,1,0.29,1,1,3.65
13,74,74.10,0,13.02,1,35.10,1,240.62,1,0.56,1.00,2.10,1,0.44,1,1,6.24
13,80,80.60,0,12.61,1,35.13,1,242.26,1,0.59,1.00,2.22,1,0.29,1,1,6.86
13,98,98.90,0,12.15,1,35.06,1,241.01,1,0.62,1.00,2.45,1,0.03,1,1,7.67
13,100,100.50,0,12.05,1,35.08,1,242.76,1,0.65,1.00,2.47,1,0.02,1,1,8.15
13,100,100.60,0,12.06,1,35.08,1,243.08,1,0.65,1.00,2.45,1,0.02,1,1,8.07
13,120,120.90,0,11.64,1,35.03,1,242.80,1,0.70,1.00,2.64,1,0.01,1,1,8.96
13,122,123.20,0,11.58,1,35.04,1,240.65,1,0.71,1.00,2.76,1,0.01,1,1,9.53
13,198,199.70,0,10.13,1,34.80,1,236.95,1,0.96,1.00,3.78,1,0.00,1,1,13.76
13,198,200.00,0,10.28,1,34.83,1,228.58,1,0.96,1.00,3.81,1,0.01,6,1,13.40
13,199,201.00,0,9.95,1,34.77,1,232.77,1,1.01,1.00,4.04,1,0.01,6,1,14.08
13,299,301.20,0,8.27,1,34.55,1,219.34,1,1.35,1.00,6.25,1,0.01,6,1,19.90
13,300,302.40,0,7.92,1,34.51,1,219.86,1,1.45,1.00,7.27,1,0.01,6,1,21.67
13,398,401.60,0,6.45,1,34.35,1,223.90,1,1.60,1.00,8.98,1,0.01,6,1,24.34
13,401,404.30,0,6.20,1,34.32,1,230.06,1,1.63,1.00,9.60,1,0.01,6,1,26.06
13,498,502.20,0,4.99,1,34.21,1,243.20,1,1.31,1.00,8.09,1,0.03,1,1,19.63
13,498,502.80,0,4.95,1,34.21,1,241.67,1,1.73,1.00,11.50,1,0.01,6,1,29.14
13,597,602.90,0,4.39,1,34.18,1,242.55,1,1.81,1.00,14.86,1,0.01,6,1,27.86
13,747,753.90,0,3.81,1,34.20,1,229.76,1,1.96,1.00,21.45,1,0.01,6,1,29.56
13,747,754.20,0,3.67,1,34.20,1,229.55,1,1.99,1.00,23.38,1,0.01,6,1,30.94
13,996,1005.90,0,3.17,1,34.29,1,202.97,1,2.17,1.00,38.18,1,0.01,6,1,33.61
13,996,1006.40,0,3.16,1,34.30,1,198.01,1,2.18,1.00,37.82,1,0.01,6,1,32.50
13,1246,1259.30,0,2.85,1,34.47,1,171.11,1,2.30,1.00,54.36,1,0.01,6,1,33.60
13,1247,1260.70,0,2.88,1,34.44,1,180.46,1,2.28,1.00,54.17,1,0.01,6,1,35.13
13,1494,1511.30,0,2.81,1,34.59,1,176.69,1,2.23,1.00,60.89,1,0.01,6,1,33.71
13,1495,1512.30,0,2.81,1,34.59,1,179.40,1,,9.00,,9,,9,9,0.00
13,1495,1512.40,0,2.81,1,34.59,1,179.56,1,,9.00,,9,,9,9,0.00
13,1496,1512.70,0,2.81,1,34.59,1,180.02,1,,9.00,,9,,9,9,0.00
13,1496,1512.70,0,2.81,1,34.59,1,179.62,1,,9.00,,9,,9,9,0.00
13,1496,1512.90,0,2.81,1,34.59,1,167.62,1,2.21,1.00,58.70,1,0.01,6,1,32.39
13,1496,1513.20,0,2.81,1,34.59,1,179.29,1,,9.00,,9,,9,9,0.00
13,1496,1513.40,0,2.81,1,34.59,1,179.12,1,,9.00,,9,,9,9,0.00
13,1497,1514.30,0,2.81,1,34.59,1,179.74,1,,9.00,,9,,9,9,0.00
13,1746,1766.50,0,2.84,1,34.70,1,185.44,1,2.07,1.00,60.09,1,0.01,6,1,31.37
13,1746,1766.80,0,2.85,1,34.71,1,174.68,1,2.06,1.00,57.84,1,0.01,6,1,30.27
13,1993,2018.00,0,2.89,1,34.78,1,199.63,1,1.88,1.00,54.84,1,0.01,6,1,28.66
13,1994,2018.80,0,2.90,1,34.79,1,189.61,1,,9.00,,9,,9,9,0.00
13,1994,2019.20,0,2.89,1,34.78,1,199.72,1,1.89,1.00,54.82,1,0.01,6,1,28.83
13,2244,2273.10,0,2.87,1,34.84,1,213.25,1,1.73,1.00,49.54,1,0.01,6,1,26.37
13,2245,2274.20,0,2.87,1,34.84,1,200.87,1,1.72,1.00,47.79,1,0.01,6,1,25.71
13,2493,2527.20,0,2.77,1,34.86,1,221.03,1,1.65,1.00,47.94,1,0.01,6,1,25.36
13,2493,2527.20,0,2.73,1,34.86,1,208.23,1,1.64,1.00,46.78,1,0.01,6,1,24.63
13,2495,2528.90,0,2.77,1,34.86,1,221.14,1,1.65,1.00,48.05,1,0.01,6,1,25.24
13,2742,2781.10,0,2.60,1,34.86,1,223.82,1,1.65,1.00,50.43,1,0.01,6,1,25.08
13,2742,2781.70,0,2.54,1,34.86,1,209.94,1,1.64,1.00,50.44,1,0.01,6,1,24.72
13,2993,3037.60,0,2.17,1,34.83,1,220.60,1,,9.00,,9,,9,9,0.00
13,2993,3037.80,0,2.18,1,34.83,1,204.98,1,1.74,1.00,62.54,1,0.01,6,1,26.31
13,2994,3039.10,0,2.17,1,34.83,1,220.50,1,1.73,1.00,63.96,1,0.01,6,1,27.95
13,3242,3292.90,0,1.85,1,34.80,1,204.85,1,1.82,1.00,71.93,1,0.01,6,1,27.35
13,3244,3294.10,0,1.83,1,34.80,1,220.62,1,1.85,1.00,75.12,1,0.01,6,1,27.78
13,3491,3547.40,0,1.58,1,34.78,1,202.39,1,1.92,1.00,81.50,1,0.01,6,1,28.36
13,3493,3549.10,0,1.58,1,34.78,1,220.20,1,1.91,1.00,83.50,1,0.01,6,1,29.43
13,3493,3549.70,0,1.58,1,34.78,1,220.15,1,,9.00,,9,,9,9,0.00
13,3691,3752.60,0,1.44,1,34.77,1,199.88,1,1.98,1.00,87.91,1,0.01,6,1,29.13
13,3692,3753.50,0,1.46,1,34.77,1,219.79,1,1.98,1.00,88.79,1,0.01,6,1,29.60
13,3742,3804.70,0,1.41,1,34.76,1,199.41,1,2.02,1.00,88.69,1,0.01,6,1,29.39
13,3789,3853.40,0,1.41,1,34.76,1,220.75,1,2.01,1.00,91.09,1,0.01,6,1,29.57
13,3791,3854.60,0,1.41,1,34.76,1,220.73,1,2.02,1.00,91.53,1,0.01,6,1,29.76
14,-2,-1.90,0,16.81,1,20.96,1,255.18,1,,9.00,,9,,9,9,0.00
14,1,0.90,0,16.78,1,35.15,1,233.12,1,0.13,1.00,0.74,1,0.01,6,1,0.00
14,2,2.20,0,16.78,1,35.15,1,233.22,1,0.13,1.00,0.71,1,0.01,6,1,0.00
14,3,2.70,0,16.82,1,35.14,1,235.04,1,0.14,1.00,0.91,1,0.01,1,1,0.02
14,16,16.10,0,16.77,1,35.15,1,233.38,1,0.14,1.00,0.71,1,0.01,6,1,0.01
14,18,18.00,0,16.81,1,35.14,1,235.62,1,0.15,1.00,0.83,1,0.01,1,1,0.02
14,18,18.60,0,16.77,1,35.15,1,233.20,1,0.13,1.00,0.72,1,0.01,6,1,0.00
14,19,19.60,0,16.78,1,35.15,1,233.17,1,0.13,1.00,0.64,1,0.01,6,1,0.02
14,33,33.50,0,16.76,1,35.15,1,233.65,1,0.14,1.00,0.70,1,0.01,1,1,0.01
14,34,33.80,0,16.75,1,35.15,1,233.68,1,0.14,1.00,0.72,1,0.01,1,1,0.02
14,34,34.00,0,16.75,1,35.15,1,232.67,1,0.15,1.00,0.66,1,0.01,1,1,0.06
14,41,40.90,0,16.72,1,35.15,1,234.48,1,0.15,1.00,0.74,1,0.01,1,1,0.03
14,41,41.40,0,16.71,1,35.15,1,234.44,1,0.15,1.00,0.72,1,0.01,1,1,0.02
14,42,41.90,0,16.70,1,35.15,1,234.95,1,0.14,1.00,0.71,1,0.01,1,1,0.02
14,44,44.70,0,15.04,1,35.20,1,236.29,1,0.33,1.00,1.29,1,0.22,1,1,1.84
14,47,47.50,0,16.50,1,35.15,1,238.00,1,0.17,1.00,0.86,1,0.05,1,1,0.25
14,48,48.40,0,14.75,1,35.21,1,238.13,1,0.33,1.00,1.35,1,0.22,1,1,1.76
14,48,48.40,0,14.75,1,35.21,1,238.16,1,0.33,1.00,1.36,1,0.22,1,1,1.80
14,68,68.90,0,13.67,1,35.24,1,236.91,1,0.45,1.00,1.83,1,0.75,1,1,3.93
14,69,69.30,0,13.67,1,35.24,1,236.69,1,0.46,1.00,1.84,1,0.76,1,1,4.05
14,73,73.40,0,13.44,1,35.26,1,234.30,1,0.50,1.00,1.90,1,0.19,1,1,5.28
14,78,78.50,0,13.19,1,35.24,1,235.33,1,0.53,1.00,2.11,1,0.03,1,1,5.91
14,78,78.80,0,13.20,1,35.24,1,235.28,1,0.53,1.00,2.09,1,0.03,1,1,5.85
14,97,98.10,0,12.95,1,35.28,1,235.05,1,0.56,1.00,2.32,1,0.01,1,1,6.76
14,98,98.90,0,12.96,1,35.28,1,235.10,1,0.56,1.00,2.31,1,0.01,1,1,6.59
14,98,99.00,0,12.94,1,35.27,1,234.03,1,0.56,1.00,2.29,1,0.01,1,1,6.56
14,99,99.80,0,12.98,1,35.29,1,235.89,1,0.54,1.00,2.46,1,0.01,1,1,6.69
14,119,119.80,0,12.93,1,35.30,1,234.66,1,0.57,1.00,2.34,1,0.01,1,1,6.95
14,197,198.40,0,12.69,1,35.27,1,237.71,1,0.58,1.00,2.53,1,0.01,6,1,7.23
14,197,198.50,0,12.78,1,35.29,1,234.47,1,0.57,1.00,2.33,1,0.01,6,1,6.95
14,199,200.30,0,12.81,1,35.29,1,235.50,1,0.58,1.00,2.40,1,0.01,6,1,7.18
14,199,200.50,0,12.80,1,35.29,1,235.56,1,,9.00,,9,,9,9,0.00
14,298,300.80,0,12.01,1,35.15,1,236.91,1,0.66,1.00,2.59,1,0.01,6,1,8.45
14,398,401.00,0,10.10,1,34.80,1,223.88,1,1.01,1.00,4.25,1,0.01,6,1,14.52
14,398,401.10,0,9.89,1,34.77,1,223.43,1,,9.00,,9,,9,9,0.00
14,398,401.10,0,9.87,1,34.77,1,223.87,1,1.06,1.00,4.47,1,0.01,6,1,15.38
14,497,501.50,0,7.70,1,34.49,1,221.35,1,1.42,1.00,7.74,1,0.01,6,1,23.54
14,498,502.00,0,7.66,1,34.48,1,215.99,1,1.47,1.00,7.79,1,0.01,6,1,22.43
14,745,752.60,0,4.46,1,34.19,1,238.74,1,1.80,1.00,14.88,1,0.01,6,1,27.42
14,746,753.30,0,4.61,1,34.19,1,241.34,1,1.79,1.00,14.11,1,0.01,6,1,28.24
14,997,1006.90,0,3.59,1,34.23,1,216.50,1,2.03,1.00,27.36,1,0.01,6,1,30.43
14,997,1007.30,0,3.55,1,34.24,1,218.01,1,2.04,1.00,28.74,1,0.01,6,1,32.16
14,1244,1257.60,0,3.06,1,34.35,1,192.20,1,2.21,1.00,44.57,1,0.01,6,1,34.54
14,1245,1258.00,0,3.02,1,34.37,1,183.95,1,2.22,1.00,46.27,1,0.01,6,1,33.22
14,1494,1510.90,0,2.85,1,34.50,1,168.36,1,2.27,1.00,57.02,1,0.01,6,1,33.39
14,1494,1511.20,0,2.84,1,34.51,1,176.27,1,2.26,1.00,57.94,1,0.01,6,1,34.82
14,1744,1765.10,0,2.82,1,34.64,1,178.30,1,2.16,1.00,61.37,1,0.01,6,1,32.88
14,1745,1765.60,0,2.82,1,34.63,1,167.03,1,2.18,1.00,60.50,1,0.01,6,1,31.75
14,1992,2017.40,0,2.84,1,34.73,1,176.00,1,2.02,1.00,59.07,1,0.01,6,1,29.43
14,1993,2018.50,0,2.85,1,34.74,1,188.80,1,1.98,1.00,59.62,1,0.01,6,1,31.02
14,1995,2019.70,0,2.85,1,34.74,1,189.03,1,,9.00,,9,,9,9,0.00
14,2222,2251.50,0,2.81,1,34.79,1,198.41,1,1.88,1.00,57.46,1,0.01,6,1,28.79
14,2239,2268.90,0,2.80,1,34.79,1,186.95,1,1.86,1.00,56.96,1,0.01,6,1,27.40
14,2491,2525.20,0,2.61,1,34.81,1,191.58,1,1.84,1.00,59.94,1,0.01,6,1,26.74
14,2494,2528.10,0,2.61,1,34.81,1,204.40,1,1.85,1.00,60.50,1,0.01,6,1,27.84
14,2741,2780.60,0,2.37,1,34.82,1,196.94,1,1.82,1.00,62.37,1,0.01,6,1,26.21
14,2742,2781.50,0,2.42,1,34.82,1,210.41,1,1.78,1.00,61.74,1,0.01,6,1,27.46
14,2991,3036.10,0,1.95,1,34.78,1,191.72,1,1.97,1.00,77.09,1,0.01,6,1,28.20
14,2992,3036.60,0,2.00,1,34.79,1,207.30,1,1.93,1.00,75.79,1,0.01,6,1,28.54
14,2994,3038.40,0,2.02,1,34.79,1,207.63,1,1.95,1.00,74.91,1,0.01,6,1,28.65
14,3240,3290.30,0,1.64,1,34.77,1,192.57,1,2.03,1.00,84.97,1,0.01,6,1,28.77
14,3489,3544.90,0,1.28,1,34.74,1,194.03,1,2.11,1.00,93.69,1,0.01,6,1,29.07
14,3493,3549.20,0,1.32,1,34.75,1,211.75,1,2.11,1.00,93.36,1,0.01,6,1,30.21
14,3739,3801.80,0,1.03,1,34.73,1,194.65,1,2.18,1.00,101.26,1,0.01,6,1,30.21
14,3742,3805.20,0,1.03,1,34.73,1,213.48,1,2.20,1.00,102.05,1,0.01,6,1,31.19
14,3989,4058.10,0,0.80,1,34.71,1,194.08,1,2.26,1.00,109.33,1,0.01,6,1,31.14
14,3991,4060.50,0,0.79,1,34.70,1,215.30,1,2.26,1.00,110.59,1,0.01,6,1,32.01
14,3992,4060.90,0,0.79,1,34.70,1,215.41,1,2.28,1.00,109.81,1,0.01,6,1,32.31
14,4087,4159.00,0,0.68,1,34.70,1,194.70,1,2.30,1.00,112.66,1,0.01,6,1,31.47
14,4104,4176.30,0,0.68,1,34.70,1,194.75,1,2.31,1.00,112.82,1,0.01,6,1,31.40
14,4151,4224.60,0,0.69,1,34.70,1,217.60,1,2.32,1.00,114.04,1,0.01,6,1,32.30
14,4152,4225.30,0,0.69,1,34.70,1,217.63,1,2.32,1.00,113.96,1,0.01,6,1,32.27
15,3,3.00,0,17.01,1,35.35,1,229.98,1,0.14,1.00,0.59,1,0.00,1,1,0.02
15,4,3.70,0,17.01,1,35.35,1,230.16,1,0.14,1.00,0.67,1,0.01,6,1,0.00
15,5,5.10,0,17.08,1,35.34,1,232.24,1,0.14,1.00,0.78,1,0.01,6,6,0.01
15,17,17.60,0,17.07,1,35.34,1,232.53,1,0.14,1.00,0.70,1,0.01,6,6,0.01
15,18,18.50,0,17.00,1,35.35,1,230.47,1,0.14,1.00,0.63,1,0.01,6,1,0.02
15,18,18.60,0,17.00,1,35.35,1,230.13,1,0.14,1.00,0.80,1,0.01,6,1,0.01
15,19,19.30,0,17.07,1,35.35,1,230.22,1,0.14,1.00,0.71,1,0.01,6,6,0.01
15,33,33.00,0,17.01,1,35.35,1,230.61,1,0.14,1.00,0.66,1,0.01,6,1,0.00
15,33,33.20,0,17.01,1,35.35,1,230.49,1,0.14,1.00,0.69,1,0.01,1,1,0.10
15,44,44.50,0,16.99,1,35.35,1,229.89,1,0.15,1.00,0.75,1,0.01,1,6,0.01
15,48,47.90,0,16.95,1,35.34,1,233.03,1,0.15,1.00,0.72,1,0.01,6,6,0.01
15,48,48.60,0,16.96,1,35.35,1,231.11,1,0.14,1.00,0.90,1,0.01,6,1,0.00
15,49,48.90,0,16.96,1,35.35,1,230.98,1,0.13,1.00,0.88,1,0.01,6,1,0.00
15,58,58.50,0,16.09,1,35.34,1,232.78,1,0.18,1.00,0.78,1,0.12,1,1,0.36
15,59,59.40,0,16.05,1,35.34,1,232.66,1,0.18,1.00,0.85,1,0.14,1,1,0.37
15,63,63.90,0,15.88,1,35.35,1,229.03,1,0.25,1.00,1.19,1,0.23,1,1,1.16
15,68,68.50,0,14.63,1,35.36,1,233.66,1,0.31,1.00,1.44,1,0.47,1,1,2.61
15,69,69.40,0,14.61,1,35.36,1,233.96,1,0.32,1.00,1.44,1,0.48,1,1,2.52
15,78,78.40,0,14.22,1,35.40,1,230.94,1,0.39,1.00,1.62,1,0.11,1,1,4.59
15,78,78.90,0,14.22,1,35.40,1,231.16,1,0.39,1.00,1.59,1,0.11,1,1,4.27
15,97,97.90,0,13.93,1,35.42,1,227.20,1,0.49,1.00,2.04,1,0.02,1,1,5.51
15,98,99.20,0,14.02,1,35.45,1,224.10,1,0.48,1.00,2.18,1,0.02,1,1,5.69
15,99,99.50,0,14.01,1,35.44,1,227.58,1,0.44,1.00,1.78,1,0.02,1,1,5.51
15,100,100.30,0,14.01,1,35.44,1,227.73,1,0.43,1.00,2.08,1,0.02,1,1,5.43
15,126,127.40,0,13.63,1,35.39,1,227.67,1,,9.00,,9,,9,9,0.00
15,128,128.70,0,13.63,1,35.39,1,227.59,1,0.50,1.00,2.27,1,0.02,1,1,6.33
15,194,195.80,0,12.58,1,35.19,1,229.13,1,0.65,1.00,2.51,1,0.01,1,1,7.99
15,197,198.50,0,12.57,1,35.19,1,226.33,1,0.62,1.00,2.57,1,0.01,1,1,8.39
15,197,198.80,0,12.56,1,35.19,1,226.24,1,0.63,1.00,2.41,1,0.01,1,1,8.59
15,199,200.50,0,12.45,1,35.17,1,226.50,1,0.66,1.00,2.68,1,0.01,1,1,8.44
15,297,299.30,0,10.06,1,34.76,1,222.13,1,1.00,1.00,3.99,1,0.01,1,1,14.84
15,298,300.50,0,9.74,1,34.72,1,225.88,1,1.06,1.00,4.25,1,0.01,1,1,14.84
15,298,300.50,0,10.10,1,34.77,1,222.12,1,0.99,1.00,4.07,3,0.01,3,3,14.60
15,397,400.30,0,7.40,1,34.43,1,223.10,1,1.41,1.00,7.16,1,0.01,1,1,21.83
15,398,401.00,0,7.38,1,34.43,1,223.24,1,1.42,1.00,7.16,1,0.01,1,1,21.72
15,398,401.30,0,7.06,1,34.40,1,221.88,1,1.52,1.00,8.15,1,0.01,1,1,22.59
15,496,500.20,0,5.73,1,34.26,1,237.14,1,1.66,1.00,10.11,1,0.01,1,1,23.70
15,498,502.20,0,5.34,1,34.23,1,237.52,1,1.70,1.00,10.91,1,0.01,1,1,25.23
15,745,751.80,0,4.08,1,34.20,1,233.52,1,1.89,1.00,19.39,1,0.01,6,1,27.30
15,747,754.00,0,4.11,1,34.21,1,230.29,1,1.90,1.00,19.48,1,0.01,6,1,28.09
15,993,1003.50,0,3.29,1,34.26,1,210.34,1,2.10,1.00,34.44,1,0.01,6,1,30.47
15,994,1004.30,0,3.28,1,34.26,1,210.41,1,2.11,1.00,34.25,1,0.01,6,1,30.48
15,996,1006.20,0,3.22,1,34.26,1,207.55,1,2.10,1.00,34.68,1,0.01,6,1,31.34
15,1242,1255.60,0,2.97,1,34.40,1,185.61,1,2.25,1.00,50.65,1,0.01,6,1,32.20
15,1246,1259.40,0,2.95,1,34.41,1,176.96,1,2.23,1.00,51.84,1,0.01,6,1,33.16
15,1491,1508.00,0,2.81,1,34.56,1,175.41,1,2.24,1.00,61.56,1,0.01,6,1,31.75
15,1491,1508.20,0,2.81,1,34.56,1,175.40,1,2.23,1.00,61.35,1,0.01,6,1,31.94
15,1496,1512.90,0,2.82,1,34.55,1,166.08,1,2.21,1.00,60.75,1,0.01,6,1,33.04
15,1741,1762.30,0,2.82,1,34.67,1,180.89,1,2.12,1.00,62.30,1,0.01,6,1,30.06
15,1744,1765.00,0,2.82,1,34.67,1,169.55,1,2.12,1.00,62.01,1,0.01,6,1,30.65
15,1992,2017.30,0,2.85,1,34.76,1,193.76,1,1.94,1.00,58.65,1,0.01,6,1,27.64
15,1994,2019.40,0,2.85,1,34.76,1,181.31,1,1.94,1.00,58.36,1,0.01,6,1,28.18
15,2241,2270.90,0,2.78,1,34.81,1,204.28,1,1.81,1.00,56.63,1,0.01,6,1,25.93
15,2242,2271.80,0,2.76,1,34.81,1,191.95,1,1.81,1.00,56.51,1,0.01,6,1,26.39
15,2491,2525.70,0,2.56,1,34.82,1,209.32,1,1.79,1.00,59.33,1,0.01,6,1,25.40
15,2492,2526.40,0,2.56,1,34.82,1,195.84,1,1.79,1.00,59.32,1,0.01,6,1,25.93
15,2743,2782.00,0,2.25,1,34.81,1,195.00,1,1.84,1.00,66.99,1,0.01,6,1,26.44
15,2991,3036.30,0,2.01,1,34.80,1,197.79,1,1.86,1.00,71.85,1,0.01,6,1,26.53
15,2993,3037.90,0,2.00,1,34.80,1,212.07,1,1.84,1.00,73.01,1,0.01,6,1,26.68
15,3241,3291.00,0,1.58,1,34.76,1,206.67,1,2.07,1.00,90.22,1,0.01,6,1,28.22
15,3242,3292.70,0,1.52,1,34.76,1,191.39,1,2.06,1.00,89.14,1,0.01,6,1,28.61
15,3490,3546.00,0,1.16,1,34.73,1,190.62,1,2.18,1.00,100.06,1,0.01,6,1,29.60
15,3491,3547.90,0,1.20,1,34.73,1,208.74,1,2.17,1.00,100.26,1,0.01,6,1,29.14
15,3740,3803.10,0,0.80,1,34.71,1,193.07,1,2.25,1.00,108.43,1,0.01,6,1,30.32
15,3742,3804.80,0,0.82,1,34.71,1,212.61,1,2.23,1.00,109.44,1,0.01,6,1,29.90
15,3989,4058.70,0,0.53,1,34.69,1,195.46,1,2.15,3.00,98.46,3,0.01,3,3,29.07
15,3991,4059.90,0,0.56,1,34.69,1,216.63,1,2.24,1.00,115.63,1,0.01,6,1,30.24
15,3991,4060.00,0,0.56,1,34.69,1,216.59,1,,9.00,,9,,9,9,0.00
15,4139,4212.50,0,0.45,1,34.68,1,196.42,1,2.28,1.00,116.69,1,0.01,6,1,30.70
15,4204,4279.60,0,0.43,1,34.68,1,220.36,1,2.30,1.00,118.58,1,0.01,6,1,30.28
15,4205,4279.70,0,0.43,1,34.68,1,220.21,1,2.30,1.00,118.76,1,0.01,6,1,30.46
15,4205,4280.30,0,0.43,1,34.68,1,196.57,1,2.29,1.00,118.12,1,0.01,6,1,30.72
16,2,1.80,0,18.16,1,35.29,1,229.74,1,0.11,1.00,0.88,1,0.01,1,1,0.02
16,5,4.60,0,18.71,1,35.44,1,224.48,1,0.08,1.00,1.23,1,0.00,1,1,0.01
16,5,5.00,0,18.71,1,35.44,1,224.68,1,0.08,1.00,1.27,1,0.01,6,1,0.01
16,17,16.80,0,18.08,1,35.31,1,230.43,1,0.10,1.00,0.58,1,0.01,1,1,0.03
16,20,20.10,0,18.35,1,35.42,1,225.40,1,0.09,1.00,1.45,1,0.01,1,1,0.02
16,24,24.10,0,18.27,1,35.39,1,225.88,1,0.11,1.00,0.86,1,0.01,1,1,0.01
16,34,34.40,0,18.34,1,35.42,1,225.61,1,0.09,1.00,1.69,1,0.01,1,1,0.02
16,34,34.60,0,18.34,1,35.42,1,225.52,1,,9.00,,9,,9,9,0.00
16,47,47.40,0,15.63,1,35.65,1,229.30,1,0.20,1.00,1.58,1,0.06,1,1,0.11
16,49,49.90,0,15.59,1,35.61,1,224.71,1,0.26,1.00,2.83,1,0.06,1,1,1.10
16,50,50.00,0,15.58,1,35.61,1,224.78,1,0.25,1.00,3.06,1,0.06,1,1,1.16
16,56,56.30,0,15.37,1,35.60,1,218.38,1,0.29,1.00,1.84,1,0.07,1,1,2.41
16,56,56.40,0,15.43,1,35.61,1,220.39,1,0.29,1.00,1.76,1,0.07,1,1,1.89
16,56,56.60,0,15.40,1,35.60,1,219.59,1,0.32,1.00,1.81,1,0.07,1,1,1.86
16,57,57.70,0,16.05,1,35.58,1,235.98,1,0.18,1.00,1.25,1,0.02,1,1,0.02
16,64,64.50,0,15.28,1,35.61,1,215.37,1,0.38,1.00,2.20,1,0.06,1,1,3.92
16,65,65.70,0,15.27,1,35.61,1,214.90,1,0.38,1.00,2.15,1,0.06,1,1,3.91
16,74,74.40,0,15.01,1,35.55,1,228.46,1,0.29,1.00,1.76,1,0.27,1,1,1.47
16,75,75.20,0,15.10,1,35.60,1,216.29,1,,9.00,,9,,9,9,0.00
16,75,75.20,0,15.11,1,35.60,1,216.14,1,0.40,1.00,2.07,1,0.04,1,1,4.56
16,96,96.60,0,14.62,1,35.55,1,225.01,1,0.38,1.00,1.77,1,0.02,1,1,4.00
16,98,98.70,0,14.71,1,35.58,1,223.04,1,0.39,1.00,1.95,1,0.01,1,1,3.95
16,100,100.30,0,14.82,1,35.59,1,219.93,1,0.40,1.00,1.89,1,0.02,1,1,4.93
16,100,100.30,0,14.82,1,35.59,1,219.78,1,0.39,1.00,1.89,1,0.02,1,1,4.99
16,119,120.00,0,14.61,1,35.57,1,221.45,1,0.41,1.00,1.95,1,0.01,1,1,5.13
16,121,121.70,0,14.61,1,35.57,1,221.43,1,0.41,1.00,2.10,1,0.01,1,1,5.08
16,196,197.30,0,13.66,1,35.40,1,223.42,1,0.55,1.00,2.35,1,0.01,1,1,6.61
16,199,200.90,0,13.94,1,35.46,1,222.28,1,0.48,1.00,2.12,1,0.01,6,1,6.42
16,199,201.00,0,13.73,1,35.42,1,222.77,1,0.53,1.00,2.52,1,0.01,1,1,6.30
16,200,201.40,0,13.94,1,35.46,1,222.23,1,0.49,1.00,2.10,1,0.01,6,1,6.45
16,298,300.10,0,11.58,1,35.02,1,210.16,1,0.89,1.00,3.96,1,0.01,1,1,12.18
16,299,301.50,0,11.91,1,35.07,1,215.87,1,0.81,1.00,3.32,1,0.01,6,1,11.79
16,299,301.90,0,11.91,1,35.07,1,215.89,1,0.81,1.00,3.42,1,0.01,6,1,11.53
16,398,401.30,0,8.40,1,34.55,1,211.17,1,1.37,1.00,7.06,1,0.01,1,1,20.06
16,398,401.50,0,8.94,1,34.61,1,216.99,1,1.21,1.00,5.32,1,0.01,6,1,18.27
16,398,401.70,0,8.94,1,34.61,1,216.84,1,1.21,1.00,5.31,1,0.01,6,1,18.68
16,494,498.50,0,6.28,1,34.32,1,232.74,1,1.59,1.00,9.40,1,0.01,1,1,22.88
16,498,502.00,0,6.11,1,34.29,1,229.93,1,1.64,1.00,9.45,1,0.01,1,1,23.97
16,743,750.40,0,4.14,1,34.18,1,241.35,1,1.83,1.00,16.84,1,0.01,1,1,26.48
16,747,754.00,0,4.22,1,34.18,1,241.42,1,1.83,1.00,16.22,1,0.01,1,1,26.71
16,993,1003.20,0,3.46,1,34.26,1,211.52,1,2.06,1.00,31.45,1,0.01,1,1,29.82
16,996,1005.80,0,3.42,1,34.26,1,209.01,1,2.06,1.00,31.26,1,0.01,1,1,30.57
16,1195,1208.20,0,3.07,1,34.35,1,185.16,1,2.24,1.00,46.16,1,0.01,1,1,32.50
16,1241,1254.80,0,3.00,1,34.39,1,185.80,1,2.21,1.00,48.68,1,0.01,1,1,31.94
16,1491,1508.30,0,2.86,1,34.53,1,175.69,1,2.22,1.00,58.85,1,0.01,1,1,31.76
16,1495,1511.50,0,2.86,1,34.54,1,166.20,1,2.25,1.00,59.16,1,0.01,1,1,32.52
16,1739,1759.70,0,2.88,1,34.65,1,179.29,1,2.09,1.00,60.29,1,0.01,1,1,30.06
16,1745,1766.20,0,2.89,1,34.66,1,168.78,1,2.13,1.00,59.97,1,0.01,1,1,30.69
16,1990,2014.60,0,2.88,1,34.75,1,190.35,1,1.93,1.00,58.36,1,0.01,1,1,27.70
16,1994,2019.00,0,2.89,1,34.76,1,178.89,1,1.95,1.00,56.97,1,0.01,1,1,27.90
16,2138,2166.10,0,2.87,1,34.79,1,197.31,1,1.82,1.00,55.65,1,0.01,1,1,26.58
16,2193,2221.50,0,2.80,1,34.78,1,184.23,1,1.89,1.00,58.43,1,0.01,1,1,27.28
16,2488,2522.50,0,2.64,1,34.82,1,206.43,1,1.74,1.00,57.83,1,0.01,1,1,25.09
16,2493,2526.90,0,2.66,1,34.83,1,195.40,1,1.78,1.00,56.35,1,0.01,1,1,25.85
16,2739,2778.70,0,2.24,1,34.79,1,202.37,1,1.82,1.00,71.56,1,0.01,1,1,26.58
16,2743,2782.50,0,2.25,1,34.80,1,190.59,1,1.88,1.00,69.06,1,0.01,1,1,26.97
16,2990,3034.70,0,1.89,1,34.77,1,201.33,1,1.91,1.00,81.59,1,0.01,1,1,27.55
16,2992,3036.90,0,1.93,1,34.77,1,186.96,1,1.96,1.00,79.93,1,0.01,1,1,28.20
16,3239,3289.70,0,1.49,1,34.74,1,200.57,1,2.01,1.00,95.83,1,0.01,1,1,29.02
16,3242,3292.10,0,1.52,1,34.74,1,183.94,1,2.05,1.00,94.39,1,0.01,1,1,29.79
16,3489,3545.10,0,1.18,1,34.72,1,204.98,1,2.13,1.00,103.16,1,0.01,1,1,29.41
16,3491,3547.00,0,1.25,1,34.73,1,186.28,1,2.15,1.00,100.97,1,0.01,1,1,30.28
16,3988,4057.20,0,0.68,1,34.69,1,213.15,1,2.24,1.00,113.72,1,0.01,1,1,30.24
16,3990,4059.00,0,0.66,1,34.69,1,192.70,1,2.23,1.00,113.73,1,0.01,1,1,31.15
16,4488,4571.50,0,0.33,1,34.68,1,222.03,1,2.31,1.00,120.69,1,0.01,1,1,30.54
16,4489,4571.80,0,0.33,1,34.68,1,222.10,1,2.30,1.00,120.51,1,0.01,1,1,30.68
16,4489,4572.10,0,0.33,1,34.68,1,198.30,1,2.30,1.00,118.22,1,0.01,1,1,30.94
16,4740,4831.10,0,0.30,1,34.67,1,224.91,1,2.32,1.00,121.87,1,0.01,1,1,30.46
16,4788,4879.70,0,0.29,1,34.67,1,199.59,1,2.32,1.00,122.16,1,0.01,1,1,31.58
16,4820,4913.20,0,0.28,1,34.67,1,199.91,1,2.32,1.00,121.58,1,0.01,1,1,31.54
16,4848,4941.60,0,0.28,1,34.67,1,226.78,1,2.32,1.00,122.55,1,0.01,1,1,30.51
16,4848,4942.40,0,0.28,1,34.67,1,226.81,1,2.32,1.00,122.92,1,0.01,1,1,30.30
17,3,3.40,0,18.97,1,35.33,1,224.26,1,0.10,1.00,0.55,1,0.01,1,1,0.08
17,4,3.60,0,18.97,1,35.33,1,223.88,1,0.10,1.00,0.55,1,0.01,1,1,0.06
17,4,3.60,0,18.97,1,35.33,1,224.12,1,0.10,1.00,0.55,1,0.01,1,1,0.08
17,32,32.50,0,18.88,1,35.35,1,224.72,1,0.10,1.00,0.59,1,0.01,1,6,0.01
17,48,48.00,0,17.65,1,35.38,1,229.78,1,0.15,1.00,0.63,1,0.01,1,6,0.01
17,48,48.30,0,17.55,1,35.37,1,230.66,1,0.15,1.00,0.66,1,0.02,1,1,0.03
17,48,48.50,0,17.78,1,35.39,1,229.64,1,0.15,1.00,0.62,1,0.01,1,1,0.01
17,58,58.20,0,15.82,1,35.31,1,231.29,1,0.28,1.00,1.02,1,0.08,1,1,0.55
17,61,61.80,0,15.28,1,35.29,1,222.70,1,0.38,1.00,1.51,1,0.15,1,1,1.84
17,62,62.10,0,15.25,1,35.29,1,221.72,1,0.36,1.00,1.63,1,0.15,1,1,2.06
17,72,73.00,0,14.48,1,35.37,1,214.48,1,0.51,1.00,2.38,1,0.07,1,1,5.43
17,83,83.30,0,14.07,1,35.34,1,216.14,1,0.55,1.00,2.46,1,0.05,1,1,6.51
17,96,97.20,0,13.78,1,35.35,1,218.87,1,0.57,1.00,2.46,1,0.04,1,1,7.14
17,97,97.80,0,13.77,1,35.35,1,218.97,1,0.57,1.00,2.45,1,0.03,1,1,7.18
17,98,98.90,0,13.79,1,35.35,1,219.03,1,0.57,1.00,2.42,1,0.03,1,1,7.20
17,197,198.60,0,11.51,1,34.99,1,218.51,1,0.88,1.00,3.74,1,0.02,1,1,12.59
17,197,199.10,0,11.52,1,34.99,1,218.16,1,0.88,1.00,3.74,1,0.02,1,1,12.65
17,297,299.20,0,8.80,1,34.59,1,219.35,1,1.27,1.00,5.84,1,0.02,1,1,19.22
17,397,400.30,0,6.68,1,34.37,1,228.38,1,1.55,1.00,9.30,1,0.01,1,1,23.80
17,397,400.90,0,6.68,1,34.37,1,228.20,1,1.55,1.00,9.29,1,0.01,1,1,23.90
17,745,752.50,0,3.80,1,34.17,1,240.29,1,1.88,1.00,19.54,1,0.01,6,1,28.79
17,746,753.40,0,3.80,1,34.17,1,239.99,1,1.87,1.00,19.70,1,0.01,6,1,28.71
17,994,1004.50,0,3.17,1,34.27,1,206.75,1,2.12,1.00,36.37,1,0.01,1,1,30.59
17,994,1004.50,0,3.15,1,34.27,1,216.08,1,2.09,1.00,35.41,1,0.01,6,1,31.87
17,995,1005.10,0,3.15,1,34.27,1,215.82,1,2.09,1.00,35.33,1,0.01,6,1,31.86
17,1243,1256.70,0,2.91,1,34.42,1,180.68,1,2.27,1.00,53.34,1,0.01,1,1,32.76
17,1492,1509.30,0,2.75,1,34.56,1,172.20,1,2.27,1.00,64.40,1,0.01,1,1,32.86
17,1493,1510.00,0,2.75,1,34.56,1,172.23,1,2.27,1.00,64.12,1,0.01,1,1,32.78
17,1494,1510.70,0,2.75,1,34.56,1,172.17,1,2.28,1.00,64.09,1,0.01,1,1,32.72
17,1743,1763.80,0,2.73,1,34.66,1,177.35,1,2.17,1.00,65.86,1,0.01,6,1,31.27
17,1991,2016.20,0,2.88,1,34.77,1,193.95,1,1.93,1.00,57.71,1,0.01,6,1,28.18
17,1992,2016.80,0,2.89,1,34.77,1,194.08,1,1.92,1.00,57.58,1,0.01,6,1,28.12
17,1993,2017.60,0,2.88,1,34.77,1,194.17,1,1.92,1.00,57.76,1,0.01,6,1,28.17
17,2492,2526.50,0,2.76,1,34.85,1,215.85,1,1.70,1.00,50.73,1,0.01,6,1,24.95
17,2990,3035.00,0,2.16,1,34.82,1,213.97,1,1.81,1.00,66.74,1,0.01,6,1,26.46
17,2990,3035.30,0,2.16,1,34.82,1,213.60,1,1.81,1.00,67.09,1,0.01,6,1,26.55
17,2991,3036.10,0,2.16,1,34.82,1,213.80,1,1.81,1.00,67.06,1,0.01,6,1,26.48
17,3240,3290.10,0,1.63,1,34.76,1,203.92,1,2.00,1.00,89.95,1,0.01,6,1,29.61
17,3490,3546.90,0,1.26,1,34.73,1,204.43,1,2.12,1.00,101.64,1,0.01,6,1,31.06
17,3989,4058.20,0,0.70,1,34.70,1,213.13,1,2.20,1.00,115.34,1,0.01,6,1,32.33
17,3989,4058.50,0,0.70,1,34.70,1,213.14,1,2.19,1.00,114.99,1,0.01,6,1,32.28
17,3990,4059.30,0,0.70,1,34.70,1,213.21,1,2.18,1.00,114.81,1,0.01,6,1,32.16
17,4490,4573.60,0,0.33,1,34.68,1,221.39,1,2.30,1.00,122.24,1,0.01,6,1,32.83
17,4737,4827.90,0,0.29,1,34.67,1,198.74,1,2.38,1.00,120.92,1,0.01,6,1,31.58
17,4987,5085.80,0,0.27,1,34.67,1,198.71,1,2.38,1.00,106.05,3,0.01,3,3,30.29
17,4990,5088.10,0,0.27,1,34.67,1,226.59,1,2.32,1.00,124.37,1,0.01,6,1,32.78
17,4990,5088.70,0,0.27,1,34.67,1,226.60,1,2.32,1.00,124.41,1,0.01,6,1,32.57
17,4991,5089.00,0,0.27,1,34.67,1,226.58,1,2.32,1.00,124.73,1,0.01,6,1,33.02
17,5027,5126.90,0,0.27,1,34.67,1,198.83,1,2.21,1.00,122.74,1,0.01,1,1,31.75
17,5076,5176.80,0,0.26,1,34.67,1,199.14,1,2.36,1.00,122.67,1,0.01,1,1,31.31
17,5103,5204.40,0,0.26,1,34.67,1,228.82,1,2.32,1.00,124.12,1,0.01,6,1,32.27
17,5103,5204.70,0,0.26,1,34.67,1,228.98,1,2.32,1.00,123.57,1,0.01,6,1,32.06
18,2,1.60,0,18.19,1,34.66,1,233.70,1,0.17,1.00,0.14,1,0.01,6,1,0.01
18,6,5.70,0,18.37,1,34.66,1,232.97,1,0.18,1.00,0.25,1,0.01,6,1,0.04
18,6,6.20,0,18.37,1,34.66,1,232.88,1,0.18,1.00,0.29,1,0.01,6,1,0.04
18,16,16.30,0,18.18,1,34.66,1,235.28,1,0.17,1.00,0.23,1,0.01,6,1,0.03
18,20,20.10,0,18.17,1,34.68,1,234.63,1,0.19,1.00,0.33,1,0.01,6,1,0.05
18,20,20.60,0,18.17,1,34.68,1,235.03,1,0.19,1.00,0.34,1,0.01,6,1,0.05
18,22,22.20,0,18.15,1,34.71,1,230.22,1,0.23,1.00,0.50,1,0.02,1,1,0.22
18,24,24.10,0,18.13,1,34.70,1,230.58,1,0.23,1.00,0.49,1,0.02,1,1,0.22
18,41,41.10,0,14.27,1,34.73,1,253.30,1,0.29,1.00,0.55,1,0.04,1,1,0.08
18,41,41.30,0,14.35,1,34.74,1,252.90,1,0.29,1.00,0.63,1,0.04,1,1,0.07
18,43,43.00,0,13.45,1,34.91,1,229.52,1,,9.00,,9,,9,9,0.00
18,45,45.50,0,13.13,1,35.04,1,227.65,1,0.57,1.00,1.64,1,0.22,1,1,5.23
18,46,46.50,0,13.38,1,34.90,1,237.06,1,0.49,1.00,1.15,1,0.26,1,1,3.46
18,47,47.50,0,13.02,1,35.05,1,227.37,1,0.59,1.00,1.73,1,0.21,1,1,5.97
18,48,48.40,0,12.78,1,34.76,1,244.09,1,0.51,1.00,0.87,1,0.41,1,1,3.04
18,48,48.70,0,12.85,1,34.75,1,245.41,1,0.50,1.00,0.90,1,0.42,1,1,2.96
18,49,49.40,0,13.09,1,35.05,1,226.89,1,0.61,1.00,1.81,1,0.19,1,1,6.47
18,50,50.41,0,,9,,9,,9,,9.00,,9,,9,9,0.00
18,51,51.90,0,13.09,1,35.05,1,224.74,1,0.64,1.00,2.00,1,0.13,1,1,7.51
18,55,55.20,0,12.36,1,34.89,1,231.70,1,0.69,1.00,1.48,1,0.15,1,1,7.00
18,56,56.10,0,12.36,1,34.90,1,231.52,1,0.68,1.00,1.58,1,0.12,1,1,7.26
18,65,65.20,0,12.17,1,34.99,1,228.39,1,0.73,1.00,1.89,1,0.02,1,1,8.84
18,66,66.30,0,12.23,1,35.00,1,228.16,1,0.74,1.00,1.91,1,0.05,1,1,8.59
18,74,74.70,0,12.41,1,35.13,1,218.85,1,0.78,1.00,2.87,1,0.03,1,1,10.68
18,80,80.20,0,11.52,1,34.92,1,231.17,1,0.81,1.00,2.04,1,0.01,1,1,10.16
18,80,80.90,0,11.53,1,34.92,1,230.99,1,0.80,1.00,2.04,1,0.02,1,1,10.02
18,95,95.40,0,11.33,1,34.95,1,225.94,1,0.89,1.00,3.22,1,0.02,1,1,12.79
18,96,96.80,0,11.21,1,34.92,1,231.35,1,0.88,1.00,2.88,1,0.02,1,1,11.36
18,96,97.00,0,11.34,1,34.94,1,225.59,1,0.90,1.00,3.23,1,0.02,1,1,13.08
18,99,99.80,0,11.29,1,34.94,1,225.80,1,0.91,1.00,3.28,1,0.02,1,1,13.22
18,100,100.70,0,11.42,1,34.96,1,227.23,1,0.85,1.00,2.44,1,0.01,1,1,10.96
18,101,101.70,0,11.41,1,34.96,1,226.61,1,0.84,1.00,2.51,1,0.01,1,1,11.06
18,119,120.20,0,10.79,1,34.89,1,216.61,1,1.01,1.00,3.67,1,0.01,6,1,14.30
18,121,121.60,0,10.84,1,34.89,1,216.36,1,1.03,1.00,3.58,1,0.01,6,1,14.25
18,150,151.27,0,,9,,9,,9,,9.00,,9,,9,9,0.00
18,195,196.70,0,7.53,1,34.40,1,234.39,1,1.43,1.00,6.02,1,0.01,1,1,21.40
18,196,197.10,0,7.83,1,34.43,1,237.44,1,1.37,1.00,5.62,1,0.01,1,1,19.30
18,197,198.30,0,7.49,1,34.39,1,234.40,1,1.45,1.00,6.13,1,0.01,1,1,21.55
18,199,200.60,0,7.28,1,34.36,1,235.09,1,1.46,1.00,6.26,1,0.01,1,1,21.66
18,200,201.80,0,7.94,1,34.45,1,237.75,1,1.33,1.00,4.53,1,0.01,6,1,20.20
18,200,202.10,0,7.95,1,34.45,1,237.58,1,1.32,1.00,4.53,1,0.01,6,1,19.42
18,250,252.18,0,,9,,9,,9,,9.00,,9,,9,9,0.00
18,298,300.20,0,5.43,1,34.21,1,247.36,1,1.70,1.00,9.40,1,0.01,6,1,25.17
18,299,301.70,0,5.46,1,34.20,1,251.00,1,1.64,1.00,7.01,1,0.01,6,1,25.09
18,300,302.40,0,5.46,1,34.20,1,250.91,1,1.63,1.00,7.05,1,0.01,6,1,25.12
18,399,402.40,0,4.52,1,34.14,1,257.48,1,1.73,1.00,8.93,1,0.01,6,1,26.32
18,399,402.40,0,4.52,1,34.14,1,258.11,1,1.73,1.00,8.91,1,0.01,6,1,26.42
18,494,498.90,0,4.40,1,34.18,1,249.95,1,1.82,1.00,14.11,1,0.01,6,1,27.01
18,495,499.40,0,4.19,1,34.16,1,250.27,1,1.83,1.00,14.86,1,0.01,6,1,26.61
18,496,500.10,0,4.39,1,34.18,1,250.05,1,1.83,1.00,14.15,1,0.01,6,1,26.94
18,499,503.00,0,4.39,1,34.18,1,249.82,1,1.84,1.00,14.47,1,0.01,6,1,26.81
18,742,749.50,0,3.49,1,34.23,1,218.81,1,2.09,1.00,28.07,1,0.01,6,1,30.82
18,745,752.10,0,3.42,1,34.22,1,220.69,1,2.07,1.00,28.59,1,0.01,6,1,30.36
18,748,754.80,0,3.48,1,34.23,1,218.14,1,2.09,1.00,28.76,1,0.01,6,1,31.03
18,992,1001.80,0,3.03,1,34.37,1,184.50,1,2.26,1.00,46.90,1,0.01,6,1,33.51
18,995,1004.70,0,3.05,1,34.36,1,190.44,1,2.24,1.00,45.88,1,0.01,6,1,32.79
18,996,1006.60,0,3.03,1,34.37,1,184.44,1,2.27,1.00,47.51,1,0.01,6,1,33.71
18,1244,1257.30,0,2.92,1,34.51,1,177.39,1,2.25,1.00,55.78,1,0.01,6,1,32.95
18,1246,1259.70,0,2.79,1,34.50,1,166.47,1,2.31,1.00,59.60,1,0.01,6,1,34.32
18,1493,1510.20,0,2.98,1,34.64,1,180.16,1,2.09,1.00,55.67,1,0.01,6,1,31.06
18,1493,1510.20,0,2.98,1,34.64,1,180.19,1,2.11,1.00,55.81,1,0.01,6,1,31.33
18,1495,1512.50,0,3.00,1,34.67,1,170.75,1,2.08,1.00,55.16,1,0.01,6,1,29.84
18,1501,1518.20,0,2.85,1,34.63,1,167.05,1,2.18,1.00,61.43,1,0.01,6,1,32.59
18,1745,1766.20,0,2.88,1,34.73,1,175.07,1,2.00,1.00,58.61,1,0.01,6,1,29.38
18,1990,2014.90,0,2.91,1,34.81,1,188.50,1,1.82,1.00,53.33,1,0.01,6,1,27.09
18,1993,2017.70,0,2.91,1,34.80,1,201.33,1,1.82,1.00,52.68,1,0.01,6,1,27.08
18,1994,2019.20,0,2.91,1,34.81,1,188.97,1,1.82,1.00,53.40,1,0.01,6,1,27.10
18,2243,2272.10,0,2.82,1,34.84,1,198.18,1,1.71,1.00,50.89,1,0.01,1,1,25.70
18,2243,2272.40,0,2.84,1,34.84,1,212.01,1,1.70,1.00,49.20,1,0.01,6,1,25.30
18,2488,2521.90,0,2.56,1,34.84,1,198.82,1,1.72,1.00,55.79,1,0.01,1,1,25.96
18,2492,2526.40,0,2.57,1,34.84,1,212.52,1,1.71,1.00,54.38,1,0.01,6,1,24.93
18,2493,2527.20,0,2.55,1,34.84,1,198.57,1,1.72,1.00,56.07,1,0.01,6,1,25.72
18,2743,2782.10,0,2.19,1,34.81,1,193.79,1,1.80,1.00,67.70,1,0.01,6,1,27.45
18,2988,3032.40,0,1.70,1,34.76,1,184.48,1,1.98,1.00,86.49,1,0.01,6,1,29.81
18,2991,3036.30,0,1.76,1,34.76,1,201.82,1,1.98,1.00,83.62,1,0.01,6,1,29.11
18,2992,3036.60,0,1.77,1,34.77,1,202.06,1,1.97,1.00,83.51,1,0.01,6,1,29.11
18,2993,3038.00,0,1.69,1,34.76,1,184.19,1,1.98,1.00,86.77,1,0.01,6,1,29.78
18,3242,3292.10,0,1.31,1,34.73,1,182.81,1,2.09,1.00,98.44,1,0.01,6,1,31.03
18,3490,3546.70,0,1.06,1,34.72,1,186.04,1,2.15,1.00,103.93,1,0.01,6,1,31.22
18,3491,3547.90,0,1.09,1,34.72,1,205.27,1,2.15,1.00,103.62,1,0.01,6,1,30.81
18,3983,4052.50,0,0.55,1,34.69,1,193.01,1,2.22,1.00,112.64,1,0.01,6,1,30.49
18,3989,4058.20,0,0.54,1,34.69,1,193.10,1,2.23,1.00,112.84,1,0.01,6,1,31.58
18,3991,4060.50,0,0.57,1,34.69,1,214.21,1,2.22,1.00,113.79,1,0.01,6,1,31.77
18,3992,4061.30,0,0.56,1,34.69,1,214.25,1,2.22,1.00,114.15,1,0.01,6,1,31.64
18,4489,4572.10,0,0.31,1,34.68,1,197.73,1,2.26,1.00,117.85,1,0.01,6,1,31.94
18,4491,4574.30,0,0.31,1,34.67,1,221.80,1,2.26,1.00,119.36,1,0.01,6,1,31.92
18,4726,4816.40,0,0.27,1,34.67,1,199.05,1,2.27,1.00,118.56,1,0.01,6,1,31.80
18,4730,4820.00,0,0.27,1,34.67,1,199.05,1,2.27,1.00,119.28,1,0.01,6,1,31.85
18,4730,4820.80,0,0.27,1,34.67,1,199.00,1,2.28,1.00,119.58,1,0.01,6,1,31.86
18,4734,4824.90,0,0.27,1,34.67,1,199.00,1,2.28,1.00,120.00,1,0.01,6,1,31.75
18,4736,4826.50,0,0.27,1,34.67,1,198.94,1,2.27,1.00,119.94,1,0.01,6,1,31.93
18,4739,4829.30,0,0.27,1,34.67,1,199.07,1,2.28,1.00,121.20,1,0.01,6,1,32.04
18,4900,4995.56,0,,9,,9,,9,,9.00,,9,,9,9,0.00
18,4986,5084.60,0,0.25,1,34.67,1,199.67,1,2.28,1.00,122.70,1,0.01,6,1,32.20
18,4991,5089.70,0,0.26,1,34.67,1,227.09,1,1.40,3.00,28.07,3,0.01,3,3,19.75
18,5081,5182.20,0,0.25,1,34.67,1,228.17,1,2.27,1.00,122.74,1,0.01,6,1,32.25
18,5103,5204.80,0,0.25,1,34.67,1,199.91,1,2.29,1.00,123.91,1,0.01,6,1,32.33
18,5125,5228.10,0,0.26,1,34.67,1,229.01,1,2.28,1.00,124.22,1,0.01,6,1,32.30
18,5126,5228.80,0,0.26,1,34.67,1,229.12,1,2.28,1.00,124.89,1,0.01,6,1,32.43
18,5127,5230.00,0,0.26,1,34.67,1,199.92,1,2.29,1.00,124.40,1,0.01,6,1,32.43
19,1,0.60,0,18.28,1,34.73,1,236.08,1,0.18,1.00,0.49,1,0.01,1,1,0.02
19,6,5.70,0,18.57,1,34.72,1,230.13,1,0.20,1.00,0.58,1,0.01,6,1,0.03
19,6,5.70,0,18.59,1,34.72,1,229.78,1,0.20,1.00,0.57,1,0.01,6,1,0.02
19,16,15.90,0,17.75,1,34.69,1,238.82,1,0.20,1.00,0.43,1,0.01,1,1,0.02
19,21,20.80,0,17.98,1,34.74,1,231.97,1,,9.00,,9,,9,9,0.00
19,21,21.00,0,17.98,1,34.74,1,231.62,1,0.20,1.00,0.53,1,0.01,6,1,0.04
19,24,24.60,0,17.85,1,34.74,1,228.88,1,0.24,1.00,0.68,1,0.02,1,1,0.19
19,35,35.70,0,17.80,1,34.74,1,233.55,1,0.21,1.00,0.51,1,0.01,6,1,0.03
19,35,35.80,0,17.81,1,34.74,1,233.74,1,0.21,1.00,0.50,1,0.01,6,1,0.03
19,44,44.70,0,13.52,1,34.91,1,229.26,1,0.70,1.00,1.79,1,0.22,1,1,8.03
19,45,45.80,0,12.27,1,34.68,1,251.84,1,0.57,1.00,1.33,1,0.27,1,1,5.43
19,46,46.50,0,15.44,1,34.94,1,246.67,1,0.27,1.00,0.29,1,0.02,1,1,0.22
19,46,46.80,0,15.46,1,34.94,1,246.46,1,0.29,1.00,0.24,1,0.01,1,1,0.12
19,50,50.80,0,12.44,1,34.79,1,238.10,1,0.69,1.00,1.70,1,0.22,1,1,7.28
19,51,51.30,0,12.62,1,34.81,1,237.08,1,0.71,1.00,1.66,1,0.23,1,1,6.76
19,61,61.00,0,11.20,1,34.74,1,246.41,1,0.76,1.00,1.81,1,0.15,1,1,8.00
19,61,61.20,0,11.19,1,34.74,1,246.14,1,0.76,1.00,1.83,1,0.15,1,1,7.93
19,74,74.70,0,11.08,1,34.87,1,234.73,1,0.82,1.00,2.56,1,0.03,1,1,10.77
19,80,81.10,0,11.01,1,34.84,1,238.23,1,0.88,1.00,2.54,1,0.04,1,1,10.44
19,81,81.30,0,11.03,1,34.85,1,238.36,1,0.88,1.00,2.53,1,0.04,1,1,10.54
19,95,95.80,0,10.38,1,34.76,1,239.92,1,0.90,1.00,2.91,1,0.03,1,1,11.94
19,99,99.40,0,10.12,1,34.73,1,234.85,1,0.97,1.00,3.22,1,0.02,1,1,13.36
19,100,101.00,0,10.08,1,34.71,1,241.45,1,0.99,1.00,2.88,1,0.03,1,1,12.17
19,101,101.50,0,10.09,1,34.71,1,241.34,1,0.99,1.00,2.89,1,0.03,1,1,12.18
19,120,121.20,0,9.50,1,34.64,1,241.86,1,1.08,1.00,3.21,1,0.02,1,1,13.48
19,121,121.60,0,9.52,1,34.64,1,241.80,1,1.08,1.00,3.17,1,0.02,1,1,13.41
19,195,196.70,0,7.91,1,34.49,1,245.24,1,1.29,1.00,5.17,1,0.02,1,1,18.99
19,199,200.30,0,7.86,1,34.50,1,249.54,1,1.23,1.00,4.85,1,0.01,1,1,18.16
19,200,201.90,0,7.82,1,34.48,1,246.72,1,1.36,1.00,5.00,1,0.01,1,1,17.18
19,200,202.00,0,7.82,1,34.48,1,246.35,1,1.35,1.00,5.06,1,0.01,1,1,17.30
19,300,302.70,0,6.77,1,34.38,1,248.22,1,1.52,1.00,6.38,1,0.01,1,1,19.73
19,300,302.80,0,6.76,1,34.38,1,248.32,1,1.52,1.00,6.42,1,0.01,1,1,19.91
19,348,351.00,0,5.60,1,34.24,1,239.31,1,1.69,1.00,9.22,1,0.01,6,1,25.71
19,399,402.70,0,4.88,1,34.18,1,250.70,1,1.86,1.00,10.79,1,0.01,6,1,24.52
19,399,402.90,0,4.87,1,34.18,1,250.71,1,1.85,1.00,10.83,1,0.01,6,1,24.84
19,494,498.60,0,4.39,1,34.16,1,247.65,1,1.84,1.00,13.30,1,0.01,1,1,27.96
19,498,502.20,0,4.26,1,34.16,1,245.57,1,1.87,1.00,14.65,1,0.01,6,1,28.54
19,744,751.00,0,3.54,1,34.21,1,222.65,1,2.05,1.00,26.77,1,0.01,1,1,31.57
19,746,753.60,0,3.37,1,34.21,1,218.96,1,2.07,1.00,28.39,1,0.01,6,1,32.28
19,994,1003.70,0,3.03,1,34.34,1,193.42,1,2.22,1.00,44.61,1,0.01,1,1,34.98
19,995,1005.20,0,3.05,1,34.34,1,186.83,1,2.23,1.00,44.94,1,0.01,6,1,34.49
19,1244,1257.00,0,2.86,1,34.49,1,176.95,1,2.27,1.00,57.07,1,0.01,1,1,35.03
19,1245,1258.70,0,2.84,1,34.48,1,167.34,1,2.26,1.00,57.80,1,0.01,6,1,34.59
19,1492,1509.20,0,2.86,1,34.62,1,177.39,1,2.16,1.00,60.35,1,0.01,6,1,33.55
19,1495,1512.20,0,2.86,1,34.61,1,166.07,1,2.17,1.00,60.81,1,0.01,6,1,33.67
19,1744,1765.10,0,2.91,1,34.72,1,173.10,1,2.02,1.00,59.11,1,0.01,6,1,31.34
19,1991,2016.50,0,2.90,1,34.79,1,197.21,1,1.84,1.00,56.00,1,0.01,6,1,29.19
19,1992,2016.70,0,2.90,1,34.79,1,197.28,1,1.87,1.00,55.98,1,0.01,6,1,30.15
19,1994,2018.70,0,2.88,1,34.79,1,184.20,1,1.86,1.00,56.47,1,0.01,6,1,29.06
19,2243,2272.70,0,2.79,1,34.83,1,193.99,1,1.74,1.00,54.02,1,0.01,6,1,27.57
19,2491,2525.40,0,2.60,1,34.83,1,209.73,1,1.74,1.00,57.63,1,0.01,6,1,27.60
19,2493,2527.10,0,2.55,1,34.83,1,195.16,1,1.75,1.00,58.70,1,0.01,6,1,27.48
19,2742,2781.80,0,2.37,1,34.83,1,198.28,1,1.73,1.00,61.43,1,0.01,6,1,27.43
19,2989,3034.20,0,1.99,1,34.79,1,207.81,1,1.85,1.00,74.68,1,0.01,6,1,29.07
19,2989,3034.20,0,1.99,1,34.79,1,207.70,1,1.86,1.00,74.71,1,0.01,6,1,29.21
19,2992,3037.00,0,1.95,1,34.79,1,190.18,1,1.89,1.00,77.90,1,0.01,6,1,29.50
19,3241,3291.50,0,1.53,1,34.75,1,185.69,1,2.03,1.00,93.45,1,0.01,6,1,31.58
19,3490,3546.70,0,1.20,1,34.73,1,186.09,1,2.11,1.00,103.41,1,0.01,6,1,32.30
19,3490,3546.80,0,1.25,1,34.73,1,204.06,1,2.11,1.00,101.21,1,0.01,6,1,31.82
19,3989,4057.90,0,0.65,1,34.69,1,191.75,1,2.22,1.00,115.44,1,0.01,6,1,33.64
19,3990,4059.00,0,0.67,1,34.69,1,212.37,1,2.21,1.00,114.87,1,0.01,6,1,33.52
19,3990,4059.30,0,0.67,1,34.69,1,212.40,1,2.22,1.00,113.83,1,0.01,6,1,33.49
19,4488,4570.70,0,0.35,1,34.68,1,197.18,1,2.26,1.00,120.67,1,0.01,6,1,33.98
19,4490,4573.70,0,0.34,1,34.68,1,220.74,1,2.26,1.00,120.83,1,0.01,6,1,33.83
19,4988,5085.80,0,0.28,1,34.67,1,199.11,1,2.28,1.00,123.82,1,0.01,6,1,33.77
19,4990,5087.90,0,0.28,1,34.67,1,225.73,1,2.28,1.00,123.06,1,0.01,6,1,33.77
19,4991,5089.10,0,0.28,1,34.67,1,225.82,1,2.28,1.00,122.84,1,0.01,6,1,33.96
19,5187,5291.90,0,0.27,1,34.67,1,199.16,1,2.29,1.00,125.75,1,0.01,6,1,33.93
19,5190,5294.70,0,0.27,1,34.67,1,227.94,1,2.30,1.00,124.00,1,0.01,6,1,33.91
19,5231,5337.50,0,0.27,1,34.67,1,199.30,1,2.30,1.00,125.81,1,0.01,6,1,34.08
19,5239,5345.10,0,0.27,1,34.67,1,228.79,1,2.29,1.00,124.49,1,0.01,6,1,34.02
19,5239,5345.20,0,0.27,1,34.67,1,228.82,1,2.29,1.00,123.91,1,0.01,6,1,33.77
20,0,-0.30,0,22.01,1,35.00,1,215.14,1,,9.00,,9,,9,9,0.00
20,2,2.40,0,21.87,1,35.07,1,212.90,1,,9.00,,9,,9,9,0.00
20,3,2.80,0,21.85,1,35.07,1,213.03,1,,9.00,,9,,9,9,0.00
20,5,4.60,0,22.34,1,35.07,1,210.89,1,,9.00,,9,,9,9,0.00
20,5,5.40,0,22.18,1,35.09,1,210.35,1,0.08,1.00,1.50,1,0.01,6,1,0.04
20,5,5.50,0,22.17,1,35.09,1,210.54,1,0.08,1.00,1.45,1,0.00,1,1,0.04
20,14,14.40,0,21.50,1,35.08,1,217.48,1,0.09,1.00,1.12,1,0.01,1,1,0.03
20,21,20.70,0,21.50,1,35.26,1,213.85,1,0.08,1.00,1.24,1,0.01,6,1,0.04
20,24,24.40,0,21.02,1,35.05,1,220.27,1,0.10,1.00,1.07,1,0.01,6,1,0.01
20,31,30.90,0,21.37,1,35.38,1,213.59,1,0.07,1.00,1.38,1,0.01,6,1,0.03
20,39,39.60,0,21.03,1,35.38,1,221.50,1,0.09,1.00,1.05,1,0.01,6,1,0.01
20,41,40.90,0,21.21,1,35.42,1,216.06,1,0.08,1.00,1.30,1,0.01,6,1,0.03
20,44,44.10,0,20.94,1,35.32,1,220.09,1,0.09,1.00,1.15,1,0.01,1,1,0.04
20,50,50.30,0,21.09,1,35.74,1,215.43,1,0.08,1.00,1.16,1,0.01,6,1,0.04
20,70,70.20,0,21.31,1,36.39,1,212.97,1,0.06,1.00,1.09,1,0.01,6,1,0.02
20,74,74.20,0,19.58,1,36.00,1,220.37,1,0.11,1.00,0.97,1,0.01,1,1,0.04
20,75,75.20,0,19.38,1,36.11,1,212.65,1,,9.00,,9,,9,9,0.00
20,79,79.60,0,19.37,1,36.08,1,213.74,1,0.13,1.00,1.06,1,0.02,1,1,0.07
20,80,80.50,0,20.48,1,36.34,1,210.24,1,0.10,1.00,1.08,1,0.01,1,1,0.04
20,81,81.50,0,19.43,1,36.20,1,208.50,1,,9.00,,9,,9,9,0.00
20,81,81.90,0,19.44,1,36.20,1,208.50,1,,9.00,,9,,9,9,0.00
20,81,81.90,0,19.44,1,36.20,1,208.73,1,,9.00,,9,,9,9,0.00
20,81,82.10,0,19.43,1,36.20,1,208.48,1,,9.00,,9,,9,9,0.00
20,90,90.70,0,18.75,1,35.91,1,215.93,1,0.16,1.00,1.00,1,0.03,1,1,0.13
20,93,94.00,0,17.10,1,35.63,1,216.57,1,0.23,1.00,1.29,1,0.14,1,1,0.60
20,94,94.90,0,17.90,1,35.95,1,207.96,1,,9.00,,9,,9,9,0.00
20,99,99.60,0,16.24,1,35.61,1,203.36,1,0.38,1.00,2.03,1,0.07,1,1,2.95
20,101,102.10,0,16.98,1,35.51,1,209.33,1,0.34,1.00,1.80,1,0.10,1,1,1.54
20,110,111.00,0,15.04,1,35.08,1,198.38,1,0.74,1.00,3.18,1,0.09,1,1,6.67
20,115,115.70,0,15.21,1,35.14,1,197.47,1,0.72,1.00,3.09,1,0.08,1,1,6.88
20,115,115.80,0,15.26,1,35.17,1,197.54,1,0.73,1.00,3.06,1,0.08,1,1,6.73
20,120,121.30,0,14.94,1,35.17,1,195.77,1,0.73,1.00,3.25,1,0.05,1,1,7.05
20,140,140.90,0,14.04,1,35.09,1,193.48,1,0.81,1.00,4.15,1,0.03,1,1,8.92
20,140,141.60,0,15.45,1,35.57,1,200.81,1,,9.00,,9,,9,9,0.00
20,141,141.60,0,15.45,1,35.57,1,200.54,1,,9.00,,9,,9,9,0.00
20,141,141.80,0,15.47,1,35.57,1,200.56,1,,9.00,,9,,9,9,0.00
20,141,142.00,0,15.45,1,35.57,1,200.47,1,,9.00,,9,,9,9,0.00
20,148,149.60,0,15.88,1,35.71,1,202.74,1,0.44,1.00,2.19,1,0.02,1,1,4.92
20,150,151.00,0,14.57,1,35.33,1,194.80,1,0.80,1.00,4.24,1,0.02,1,1,9.03
20,153,153.90,0,14.87,1,35.37,1,203.04,1,0.61,1.00,3.03,1,0.03,1,1,7.14
20,159,160.30,0,13.06,1,35.01,1,200.03,1,0.78,1.00,4.22,1,0.02,1,1,9.54
20,180,181.20,0,13.87,1,35.40,1,213.31,1,0.65,1.00,2.66,1,0.02,1,1,7.81
20,191,192.40,0,15.00,1,35.57,1,204.02,1,,9.00,,9,,9,9,0.00
20,191,192.70,0,15.00,1,35.57,1,203.95,1,,9.00,,9,,9,9,0.00
20,191,192.70,0,15.00,1,35.57,1,204.16,1,,9.00,,9,,9,9,0.00
20,191,192.90,0,15.00,1,35.57,1,203.96,1,,9.00,,9,,9,9,0.00
20,191,192.90,0,15.00,1,35.57,1,204.03,1,,9.00,,9,,9,9,0.00
20,192,193.30,0,13.50,1,35.33,1,216.37,1,0.66,1.00,2.77,1,0.02,1,1,8.76
20,194,195.40,0,14.86,1,35.53,1,208.69,1,,9.00,,9,,9,9,0.00
20,199,200.30,0,13.78,1,35.39,1,212.84,1,0.63,1.00,2.64,1,0.01,1,1,8.06
20,200,201.20,0,13.85,1,35.41,1,215.83,1,0.62,1.00,2.48,1,0.01,1,1,7.63
20,200,201.20,0,13.85,1,35.41,1,215.94,1,0.62,1.00,2.57,1,0.01,1,1,7.48
20,298,300.80,0,11.61,1,35.02,1,207.45,1,0.97,1.00,4.09,1,0.01,1,1,13.59
20,299,301.80,0,11.37,1,34.99,1,196.54,1,1.11,1.00,5.09,1,0.01,1,1,15.49
20,300,302.10,0,11.38,1,34.99,1,196.53,1,1.11,1.00,5.07,1,0.01,1,1,15.34
20,390,393.60,0,9.31,1,34.70,1,201.60,1,,9.00,,9,,9,9,0.00
20,390,393.80,0,9.32,1,34.70,1,201.82,1,,9.00,,9,,9,9,0.00
20,391,393.80,0,9.32,1,34.70,1,201.69,1,,9.00,,9,,9,9,0.00
20,391,394.30,0,9.32,1,34.70,1,201.63,1,,9.00,,9,,9,9,0.00
20,397,400.30,0,8.48,1,34.59,1,204.54,1,1.53,1.00,8.10,1,0.01,1,1,21.19
20,397,400.70,0,8.48,1,34.59,1,204.38,1,1.53,1.00,8.11,1,0.00,1,1,21.10
20,491,495.70,0,6.83,1,34.43,1,217.03,1,1.68,1.00,11.36,1,0.01,1,1,25.10
20,493,496.90,0,6.45,1,34.35,1,227.22,1,,9.00,,9,,9,9,0.00
20,498,502.10,0,6.65,1,34.38,1,216.68,1,1.68,1.00,10.76,1,0.01,6,1,25.22
20,589,594.00,0,5.70,1,34.31,1,223.99,1,,9.00,,9,,9,9,0.00
20,589,594.30,0,5.69,1,34.31,1,224.24,1,,9.00,,9,,9,9,0.00
20,589,594.40,0,5.69,1,34.31,1,224.25,1,,9.00,,9,,9,9,0.00
20,590,594.90,0,5.69,1,34.30,1,223.93,1,,9.00,,9,,9,9,0.00
20,590,594.90,0,5.69,1,34.30,1,223.97,1,,9.00,,9,,9,9,0.00
20,692,698.10,0,4.50,1,34.19,1,246.62,1,,9.00,,9,,9,9,0.00
20,692,698.20,0,4.50,1,34.19,1,246.48,1,,9.00,,9,,9,9,0.00
20,741,747.80,0,4.43,1,34.21,1,236.60,1,1.91,1.00,16.95,1,0.01,6,1,28.56
20,746,753.30,0,4.44,1,34.21,1,236.92,1,1.91,1.00,17.24,1,0.01,6,1,28.83
20,791,798.90,0,4.22,1,34.21,1,234.25,1,,9.00,,9,,9,9,0.00
20,890,899.20,0,3.74,1,34.22,1,227.18,1,2.04,1.00,25.40,1,0.01,6,1,30.64
20,892,900.20,0,3.68,1,34.21,1,228.96,1,,9.00,,9,,9,9,0.00
20,990,999.60,0,3.71,1,34.27,1,211.50,1,,9.00,,9,,9,9,0.00
20,990,1000.00,0,3.72,1,34.28,1,210.06,1,2.13,1.00,30.65,1,0.01,6,1,31.84
20,992,1001.50,0,3.69,1,34.28,1,209.73,1,,9.00,,9,,9,9,0.00
20,996,1005.90,0,3.79,1,34.28,1,204.41,1,2.11,1.00,30.00,1,0.01,6,1,32.24
20,1240,1252.60,0,3.18,1,34.36,1,191.79,1,2.25,1.00,45.10,1,0.01,6,1,33.57
20,1241,1254.00,0,3.06,1,34.36,1,190.85,1,,9.00,,9,,9,9,0.00
20,1244,1257.40,0,3.10,1,34.36,1,183.29,1,2.26,1.00,47.40,1,0.01,6,1,34.65
20,1488,1504.90,0,3.02,1,34.51,1,180.93,1,,9.00,,9,,9,9,0.00
20,1489,1505.90,0,3.11,1,34.53,1,182.52,1,2.21,1.00,51.54,1,0.01,6,1,33.10
20,1490,1506.50,0,3.07,1,34.52,1,181.08,1,,9.00,,9,,9,9,0.00
20,1494,1511.10,0,3.13,1,34.54,1,171.14,1,2.20,1.00,51.74,1,0.01,6,1,33.37
20,1739,1759.10,0,3.16,1,34.67,1,187.77,1,2.07,1.00,51.34,1,0.01,6,1,31.05
20,1745,1765.90,0,3.18,1,34.67,1,174.34,1,2.04,1.00,50.41,1,0.01,6,1,31.23
20,1987,2011.60,0,3.57,1,34.84,1,208.51,1,,9.00,,9,,9,9,0.00
20,1988,2012.90,0,3.37,1,34.81,1,205.10,1,1.80,1.00,42.07,1,0.01,6,1,27.36
20,1989,2013.60,0,3.13,1,34.77,1,196.25,1,,9.00,,9,,9,9,0.00
20,1994,2018.20,0,3.52,1,34.84,1,194.52,1,1.72,1.00,37.55,1,0.01,6,1,26.70
20,2238,2266.90,0,3.58,1,34.92,1,228.08,1,1.48,1.00,26.86,1,0.01,6,1,22.65
20,2238,2267.40,0,2.97,1,34.80,1,203.77,1,,9.00,,9,,9,9,0.00
20,2243,2272.60,0,3.62,1,34.93,1,216.09,1,1.44,1.00,25.19,1,0.01,6,1,22.79
20,2485,2518.60,0,3.30,1,34.92,1,232.88,1,,9.00,,9,,9,9,0.00
20,2488,2521.40,0,2.94,1,34.84,1,214.14,1,1.72,1.00,49.56,1,0.01,6,1,26.10
20,2488,2521.50,0,3.30,1,34.92,1,234.07,1,,9.00,,9,,9,9,0.00
20,2488,2521.70,0,3.30,1,34.92,1,234.16,1,,9.00,,9,,9,9,0.00
20,2493,2526.90,0,3.02,1,34.86,1,203.32,1,1.63,1.00,43.66,1,0.01,6,1,25.47
20,2587,2622.70,0,3.07,1,34.89,1,227.79,1,1.53,1.00,37.24,1,0.01,6,1,23.54
20,2593,2628.90,0,3.24,1,34.92,1,218.99,1,1.43,1.00,30.45,1,0.01,6,1,22.67
20,2987,3031.20,0,2.78,1,34.89,1,231.88,1,1.51,1.00,40.12,1,0.01,6,1,23.07
20,2987,3031.50,0,2.83,1,34.90,1,233.82,1,,9.00,,9,,9,9,0.00
20,2993,3037.00,0,2.84,1,34.91,1,220.71,1,1.42,1.00,35.86,1,0.01,6,1,23.01
20,3479,3534.30,0,1.61,1,34.76,1,207.47,1,,9.00,,9,,9,9,0.00
20,3486,3541.80,0,1.56,1,34.74,1,202.38,1,,9.00,,9,,9,9,0.00
20,3487,3542.20,0,1.69,1,34.77,1,210.96,1,1.95,1.00,83.82,1,0.01,6,1,29.07
20,3490,3545.90,0,1.68,1,34.77,1,192.00,1,1.95,1.00,85.50,1,0.01,6,1,29.90
20,3675,3735.50,0,1.30,1,34.74,1,207.50,1,,9.00,,9,,9,9,0.00
20,3675,3735.90,0,1.30,1,34.74,1,207.52,1,,9.00,,9,,9,9,0.00
20,3676,3736.00,0,1.30,1,34.74,1,207.61,1,,9.00,,9,,9,9,0.00
20,3676,3736.20,0,1.30,1,34.74,1,207.58,1,,9.00,,9,,9,9,0.00
20,3987,4055.10,0,0.93,1,34.71,1,210.77,1,,9.00,,9,,9,9,0.00
20,3988,4056.00,0,0.94,1,34.71,1,211.21,1,2.19,1.00,108.30,1,0.01,6,1,32.28
20,3989,4057.90,0,0.93,1,34.71,1,190.18,1,2.17,1.00,108.32,1,0.01,6,1,32.44
20,4252,4327.30,0,0.58,1,34.69,1,216.41,1,,9.00,,9,,9,9,0.00
20,4252,4327.60,0,0.58,1,34.69,1,216.43,1,,9.00,,9,,9,9,0.00
20,4252,4327.60,0,0.58,1,34.69,1,216.38,1,,9.00,,9,,9,9,0.00
20,4252,4327.80,0,0.58,1,34.69,1,216.45,1,,9.00,,9,,9,9,0.00
20,4267,4343.10,0,0.57,1,34.69,1,216.48,1,,9.00,,9,,9,9,0.00
20,4472,4554.40,0,0.33,1,34.67,1,221.13,1,,9.00,,9,,9,9,0.00
20,4473,4554.60,0,0.33,1,34.68,1,221.21,1,,9.00,,9,,9,9,0.00
20,4473,4554.60,0,0.33,1,34.68,1,221.12,1,,9.00,,9,,9,9,0.00
20,4473,4554.70,0,0.33,1,34.68,1,221.18,1,,9.00,,9,,9,9,0.00
20,4473,4554.90,0,0.33,1,34.68,1,221.20,1,,9.00,,9,,9,9,0.00
20,4487,4569.00,0,0.36,1,34.68,1,220.83,1,,9.00,,9,,9,9,0.00
20,4487,4569.30,0,0.36,1,34.68,1,220.82,1,,9.00,,9,,9,9,0.00
20,4488,4570.00,0,0.32,1,34.67,1,221.39,1,2.30,1.00,122.09,1,0.01,6,1,33.11
20,4489,4571.40,0,0.30,1,34.67,1,197.20,1,2.28,1.00,121.87,1,0.01,6,1,33.80
20,4589,4674.00,0,0.26,1,34.67,1,197.42,1,2.30,1.00,124.04,1,0.01,6,1,33.50
20,4688,4776.70,0,0.24,1,34.67,1,197.57,1,2.31,1.00,124.62,1,0.01,6,1,33.51
20,4689,4777.20,0,0.24,1,34.67,1,223.84,1,2.31,1.00,124.43,1,0.01,6,1,33.04
20,4755,4844.80,0,0.25,1,34.67,1,197.68,1,2.30,1.00,124.33,1,0.01,6,1,33.25
20,4797,4888.50,0,0.26,1,34.67,1,225.15,1,2.31,1.00,124.44,1,0.01,6,1,33.25
20,4804,4895.60,0,0.26,1,34.67,1,225.98,1,,9.00,,9,,9,9,0.00
20,4804,4895.70,0,0.26,1,34.67,1,225.99,1,,9.00,,9,,9,9,0.00
20,4804,4896.00,0,0.26,1,34.67,1,226.09,1,,9.00,,9,,9,9,0.00
20,4804,4896.10,0,0.26,1,34.67,1,225.95,1,,9.00,,9,,9,9,0.00
20,4805,4896.30,0,0.26,1,34.67,1,226.01,1,,9.00,,9,,9,9,0.00
20,4805,4896.40,0,0.26,1,34.67,1,226.07,1,,9.00,,9,,9,9,0.00
20,4822,4914.60,0,0.26,1,34.67,1,225.94,1,,9.00,,9,,9,9,0.00
20,4822,4914.70,0,0.26,1,34.67,1,225.92,1,,9.00,,9,,9,9,0.00
21,0,0.00,0,23.73,1,35.39,1,202.48,1,0.08,1.00,1.29,1,0.01,6,1,0.03
21,2,2.10,0,23.91,1,36.03,1,202.23,1,0.04,1.00,1.19,1,0.01,6,1,0.03
21,15,15.10,0,22.87,1,36.43,1,206.26,1,0.02,1.00,1.07,1,0.01,6,1,0.03
21,17,16.90,0,23.23,1,36.44,1,205.77,1,0.03,1.00,1.02,1,0.01,6,1,0.02
21,24,24.50,0,22.88,1,36.46,1,208.09,1,0.01,1.00,1.03,1,0.01,6,1,0.01
21,30,30.40,0,22.69,1,36.45,1,207.35,1,0.11,1.00,1.07,1,0.01,6,1,0.03
21,34,34.70,0,22.98,1,36.57,1,207.47,1,0.00,1.00,0.96,1,0.01,6,1,0.02
21,45,45.30,0,22.00,1,36.46,1,212.58,1,0.05,1.00,0.98,1,0.01,6,1,0.04
21,47,47.30,0,23.15,1,36.70,1,206.70,1,0.02,1.00,1.00,1,0.01,6,1,0.02
21,54,54.10,0,21.85,1,36.65,1,212.88,1,0.02,1.00,0.93,1,0.01,6,1,0.02
21,56,56.90,0,21.90,1,36.72,1,210.32,1,0.02,1.00,0.94,1,0.01,6,1,0.03
21,58,58.30,0,21.89,1,36.72,1,209.42,1,0.02,1.00,0.94,1,0.01,6,1,0.03
21,60,60.50,0,21.80,1,36.71,1,208.59,1,0.03,1.00,0.93,1,0.01,6,1,0.03
21,62,62.60,0,21.72,1,36.71,1,208.24,1,0.03,1.00,0.90,1,0.01,6,1,0.03
21,75,75.40,0,20.98,1,36.59,1,202.06,1,0.13,1.00,0.96,1,0.02,1,1,0.11
21,79,79.50,0,20.81,1,36.56,1,203.11,1,0.07,1.00,0.95,1,0.02,1,1,0.06
21,83,83.20,0,20.39,1,36.50,1,197.88,1,0.14,1.00,1.03,1,0.09,1,1,0.54
21,83,83.20,0,20.38,1,36.49,1,197.82,1,0.15,1.00,1.02,1,0.09,1,1,0.56
21,86,86.50,0,20.56,1,36.53,1,201.22,1,0.09,1.00,0.98,1,0.08,1,1,0.22
21,88,88.50,0,20.53,1,36.52,1,199.27,1,0.11,1.00,0.98,1,0.09,1,1,0.36
21,90,90.20,0,19.97,1,36.42,1,197.09,1,0.16,1.00,1.07,1,0.06,1,1,0.93
21,90,90.40,0,20.46,1,36.51,1,199.10,1,0.11,1.00,1.00,1,0.09,1,1,0.43
21,92,92.50,0,20.29,1,36.47,1,198.62,1,0.13,1.00,1.03,1,0.10,1,1,0.56
21,93,93.90,0,20.25,1,36.46,1,198.39,1,0.14,1.00,1.05,1,0.09,1,1,0.70
21,95,95.30,0,19.69,1,36.36,1,197.43,1,0.18,1.00,1.13,1,0.05,1,1,1.21
21,95,95.40,0,19.68,1,36.36,1,197.54,1,0.18,1.00,1.11,1,0.05,1,1,1.18
21,95,95.50,0,19.68,1,36.36,1,197.21,1,0.18,1.00,1.13,1,0.05,1,1,1.17
21,95,95.70,0,19.67,1,36.36,1,197.49,1,0.19,1.00,1.14,1,0.05,1,1,1.17
21,95,95.80,0,19.66,1,36.35,1,197.52,1,0.24,1.00,1.12,1,0.05,1,1,1.14
21,96,96.60,0,20.19,1,36.44,1,205.27,1,0.11,1.00,1.03,1,0.06,1,1,0.07
21,100,100.81,0,,9,,9,,9,,9.00,,9,,9,9,0.00
21,115,115.40,0,18.57,1,36.15,1,198.99,1,0.18,1.00,1.34,1,0.02,1,1,1.98
21,148,149.20,0,17.19,1,35.90,1,197.87,1,0.32,1.00,1.66,1,0.01,1,1,2.99
21,150,151.23,0,,9,,9,,9,,9.00,,9,,9,9,0.00
21,194,195.80,0,16.45,1,35.82,1,205.59,1,0.35,1.00,1.88,1,0.01,1,1,3.26
21,194,195.90,0,16.43,1,35.81,1,205.80,1,0.34,1.00,1.81,1,0.01,1,1,3.34
21,194,195.90,0,16.45,1,35.82,1,205.50,1,0.34,1.00,1.87,1,0.01,1,1,3.32
21,195,196.50,0,16.33,1,35.79,1,204.02,1,0.36,1.00,1.83,1,0.01,1,1,3.75
21,195,196.50,0,16.20,1,35.79,1,210.05,1,0.33,1.00,1.58,1,0.02,1,1,3.03
21,197,198.50,0,16.28,1,35.79,1,203.84,1,0.36,1.00,1.85,1,0.01,1,1,3.81
21,199,200.40,0,16.27,1,35.78,1,203.88,1,0.37,1.00,1.86,1,0.01,1,1,3.84
21,250,252.11,0,,9,,9,,9,,9.00,,9,,9,9,0.00
21,294,296.50,0,15.12,1,35.61,1,205.57,1,0.50,1.00,2.18,1,0.01,6,1,5.71
21,294,296.70,0,14.78,1,35.55,1,202.46,1,0.55,1.00,2.43,1,0.01,6,1,6.60
21,296,298.70,0,14.79,1,35.55,1,202.33,1,0.56,1.00,2.44,1,0.01,6,1,6.69
21,298,300.50,0,14.77,1,35.54,1,202.58,1,0.57,1.00,2.47,1,0.01,6,1,6.80
21,393,396.60,0,13.45,1,35.33,1,201.24,1,0.76,1.00,3.02,1,0.01,6,1,9.53
21,400,403.52,0,,9,,9,,9,,9.00,,9,,9,9,0.00
21,493,497.00,0,9.36,1,34.73,1,199.62,1,1.35,1.00,7.92,1,0.01,6,1,19.39
21,496,500.50,0,9.87,1,34.80,1,192.51,1,1.32,1.00,7.24,1,0.01,1,1,17.71
21,498,502.70,0,9.85,1,34.80,1,192.42,1,1.30,1.00,7.38,1,0.01,6,1,18.40
21,510,514.30,0,10.38,1,34.86,1,191.89,1,1.26,1.00,6.40,1,0.01,6,1,17.18
21,586,590.80,0,7.87,1,34.56,1,198.28,1,1.65,1.00,10.25,1,0.01,6,1,22.88
21,586,591.00,0,7.85,1,34.56,1,198.38,1,1.65,1.00,10.38,1,0.01,6,1,23.14
21,586,591.10,0,7.86,1,34.56,1,198.27,1,1.66,1.00,10.37,1,0.01,6,1,23.21
21,586,591.20,0,7.86,1,34.56,1,198.26,1,1.66,1.00,10.34,1,0.01,6,1,23.32
21,586,591.50,0,7.85,1,34.56,1,198.39,1,1.65,1.00,10.40,1,0.01,6,1,23.09
21,598,603.50,0,7.03,1,34.47,1,202.40,1,1.68,1.00,11.76,1,0.01,6,1,24.22
21,740,747.00,0,4.65,1,34.22,1,238.16,1,1.81,1.00,14.46,1,0.01,6,1,27.40
21,748,754.80,0,5.23,1,34.30,1,215.38,1,1.86,1.00,16.32,1,0.02,1,1,27.28
21,888,896.60,0,4.04,1,34.22,1,229.12,1,1.95,1.00,21.35,1,0.01,6,1,29.71
21,985,995.00,0,3.72,1,34.24,1,217.63,1,2.05,1.00,27.07,1,0.01,6,1,31.13
21,986,995.50,0,3.72,1,34.25,1,218.00,1,2.04,1.00,27.02,1,0.01,6,1,30.73
21,992,1001.60,0,3.61,1,34.22,1,220.48,1,2.05,1.00,26.40,1,0.01,6,1,29.91
21,997,1007.30,0,3.63,1,34.23,1,218.48,1,2.05,1.00,26.90,1,0.01,6,1,30.06
21,1000,1010.16,0,,9,,9,,9,,9.00,,9,,9,9,0.00
21,1231,1244.30,0,3.15,1,34.35,1,192.40,1,2.22,1.00,43.48,1,0.01,6,1,33.27
21,1245,1257.70,0,3.14,1,34.35,1,187.55,1,2.23,1.00,43.67,1,0.01,6,1,32.61
21,1481,1497.00,0,2.87,1,34.48,1,177.20,1,,9.00,,9,,9,9,0.00
21,1492,1508.80,0,2.87,1,34.47,1,168.16,1,2.30,1.00,56.47,1,0.01,6,1,33.62
21,1494,1511.10,0,2.87,1,34.47,1,168.07,1,2.28,1.00,56.88,1,0.01,6,1,33.94
21,1727,1747.00,0,2.77,1,34.58,1,176.02,1,2.25,1.00,62.94,1,0.01,6,1,34.56
21,1727,1747.60,0,2.77,1,34.58,1,175.91,1,2.21,1.00,63.18,1,0.01,6,1,33.40
21,1745,1765.90,0,2.76,1,34.58,1,162.51,1,2.25,1.00,63.83,1,0.01,6,1,33.12
21,1974,1998.40,0,3.30,1,34.77,1,199.64,1,1.87,1.00,44.45,1,0.01,6,1,27.88
21,1988,2012.30,0,3.51,1,34.80,1,190.91,1,1.77,1.00,38.11,1,0.01,6,1,26.59
21,1993,2018.00,0,3.50,1,34.80,1,190.66,1,1.77,1.00,38.12,1,0.01,6,1,26.46
21,2000,2024.90,0,,9,,9,,9,1.79,1.00,39.91,1,0.01,6,1,26.69
21,2220,2248.70,0,3.64,1,34.90,1,223.66,1,1.53,1.00,27.86,1,0.01,6,1,22.98
21,2244,2272.60,0,3.64,1,34.89,1,208.29,1,1.55,1.00,28.82,1,0.01,6,1,23.24
21,2467,2500.10,0,3.42,1,34.92,1,231.19,1,1.46,1.00,28.60,1,0.01,6,1,21.89
21,2488,2521.30,0,3.43,1,34.92,1,216.48,1,,9.00,,9,,9,9,0.00
21,2492,2526.10,0,3.42,1,34.92,1,216.62,1,1.46,1.00,28.97,1,0.01,6,1,22.01
21,2564,2599.60,0,3.34,1,34.93,1,234.33,1,1.40,1.00,27.74,1,0.01,6,1,21.65
21,2600,2635.98,0,,9,,9,,9,,9.00,,9,,9,9,0.00
21,2743,2781.30,0,2.55,1,34.86,1,209.60,1,1.62,1.00,51.77,1,0.01,6,1,24.33
21,2759,2798.10,0,2.45,1,34.85,1,222.73,1,1.63,1.00,53.15,1,0.01,6,1,24.55
21,2953,2995.90,0,1.47,1,34.76,1,208.48,1,1.98,1.00,88.49,1,0.01,6,1,29.80
21,2985,3029.30,0,1.35,1,34.75,1,191.67,1,2.04,1.00,92.14,1,0.01,6,1,29.72
21,2987,3030.60,0,1.35,1,34.75,1,191.64,1,2.05,1.00,92.51,1,0.01,6,1,29.94
21,2993,3036.70,0,1.34,1,34.75,1,191.67,1,2.05,1.00,92.78,1,0.01,6,1,29.96
21,3136,3183.20,0,1.14,1,34.73,1,190.85,1,2.11,1.00,99.15,1,0.01,6,1,30.58
21,3247,3297.10,0,0.81,1,34.71,1,209.66,1,2.18,1.00,108.06,1,0.01,1,1,32.01
21,3260,3310.11,0,,9,,9,,9,,9.00,,9,,9,9,0.00
21,3317,3368.30,0,0.63,1,34.70,1,211.79,1,2.23,1.00,111.70,1,0.01,1,1,32.12
21,3326,3377.70,0,0.63,1,34.70,1,211.95,1,2.23,1.00,111.78,1,0.01,1,1,31.97
21,3326,3377.90,0,0.63,1,34.70,1,211.96,1,2.23,1.00,111.62,1,0.01,1,1,32.10
21,3353,3405.27,0,,9,,9,,9,2.10,1.00,98.96,1,0.01,6,1,30.67
21,3355,3407.31,0,,9,,9,,9,2.10,1.00,99.57,1,0.01,6,1,30.65
21,3360,3412.43,0,,9,,9,,9,2.11,1.00,99.70,1,0.01,6,1,30.64
22,5,4.80,0,22.99,1,30.26,1,213.32,1,0.33,1.00,9.81,1,0.01,1,1,0.04
22,5,5.00,0,23.01,1,30.20,1,213.47,1,0.33,1.00,10.07,1,0.01,1,1,0.05
22,20,19.90,0,23.53,1,35.01,1,206.20,1,,9.00,,9,,9,9,0.00
22,23,22.90,0,23.64,1,35.61,1,206.10,1,0.08,1.00,1.27,1,0.01,6,1,0.02
22,26,26.20,0,23.55,1,35.73,1,204.36,1,0.11,1.00,1.27,1,0.01,6,1,0.04
22,33,32.80,0,23.73,1,35.89,1,203.69,1,0.06,1.00,0.88,1,0.01,6,1,0.02
22,36,36.60,0,23.19,1,36.28,1,204.47,1,0.07,1.00,0.95,1,0.01,1,1,0.05
22,43,43.60,0,23.27,1,36.18,1,204.49,1,,9.00,,9,,9,9,0.00
22,46,46.60,0,22.53,1,36.54,1,204.32,1,0.07,1.00,1.06,1,0.05,1,1,0.07
22,47,46.90,0,22.57,1,36.55,1,204.07,1,0.08,1.00,1.08,1,0.05,1,1,0.07
22,57,57.20,0,21.47,1,36.51,1,204.42,1,0.11,1.00,1.21,1,0.28,1,1,0.38
22,69,69.90,0,12.97,1,34.56,1,190.44,1,1.12,1.00,4.79,1,0.04,1,1,12.19
22,73,73.30,0,13.49,1,34.65,1,179.87,1,1.18,1.00,4.63,1,0.03,1,1,13.14
22,96,97.20,0,15.57,1,35.55,1,197.52,1,0.54,1.00,2.89,1,0.02,1,1,6.77
22,98,98.90,0,14.35,1,35.16,1,183.38,1,0.77,1.00,3.85,1,0.01,1,1,9.40
22,196,197.50,0,12.46,1,35.13,1,208.25,1,0.86,1.00,3.52,1,0.01,1,1,11.66
22,198,199.40,0,12.53,1,35.15,1,204.39,1,0.84,1.00,3.55,1,0.01,6,1,11.16
22,295,297.10,0,9.23,1,34.63,1,206.64,1,1.33,1.00,6.21,1,0.01,1,1,19.27
22,297,299.40,0,9.39,1,34.73,1,194.71,1,1.35,1.00,7.49,1,0.01,6,1,19.11
22,395,398.10,0,7.71,1,34.54,1,205.52,1,1.58,1.00,10.48,1,0.01,6,1,23.59
22,395,398.30,0,7.72,1,34.54,1,205.37,1,1.60,1.00,10.48,1,0.01,6,1,23.90
22,395,398.50,0,7.70,1,34.54,1,205.39,1,1.60,1.00,10.53,1,0.01,6,1,23.67
22,395,398.70,0,7.72,1,34.54,1,205.58,1,1.58,1.00,10.52,1,0.01,6,1,23.51
22,398,401.00,0,7.46,1,34.51,1,199.52,1,1.61,1.00,11.03,1,0.01,6,1,23.46
22,498,501.80,0,6.15,1,34.38,1,210.32,1,1.76,1.00,13.38,1,0.01,6,1,25.53
22,594,599.10,0,4.72,1,34.22,1,242.81,1,1.83,1.00,14.44,1,0.01,6,1,26.65
22,598,602.90,0,4.39,1,34.16,1,254.06,1,1.80,1.00,13.68,1,0.01,6,1,25.86
22,697,703.30,0,4.00,1,34.18,1,248.20,1,1.88,1.00,17.27,1,0.01,6,1,27.00
22,748,754.70,0,3.66,1,34.15,1,253.39,1,1.90,1.00,18.48,1,0.01,6,1,27.33
22,794,801.00,0,3.52,1,34.15,1,243.85,1,1.95,1.00,21.11,1,0.01,6,1,28.55
22,797,804.40,0,3.52,1,34.15,1,249.10,1,1.94,1.00,20.85,1,0.01,6,1,27.87
22,993,1002.80,0,3.48,1,34.29,1,206.23,1,2.15,1.00,34.01,1,0.01,6,1,31.53
22,996,1006.30,0,3.47,1,34.29,1,203.57,1,2.14,1.00,34.08,1,0.01,6,1,30.87
22,1192,1204.60,0,3.23,1,34.37,1,190.40,1,2.23,1.00,44.34,1,0.01,6,1,32.67
22,1245,1258.20,0,3.15,1,34.40,1,180.88,1,2.23,1.00,47.06,1,0.01,1,1,32.39
22,1295,1308.70,0,3.11,1,34.44,1,177.22,1,,9.00,,9,,9,9,0.00
22,1393,1407.60,0,3.06,1,34.49,1,182.70,1,2.23,1.00,51.58,1,0.01,6,1,33.05
22,1445,1460.90,0,3.09,1,34.50,1,173.79,1,2.21,1.00,51.36,1,0.01,1,1,32.30
22,1459,1475.10,0,3.09,1,34.50,1,173.76,1,2.22,1.00,51.55,1,0.01,1,1,32.07
22,1492,1508.30,0,3.15,1,34.57,1,184.91,1,2.15,1.00,50.39,1,0.02,1,1,31.69
22,1517,1533.60,0,3.20,1,34.60,1,186.66,1,2.11,1.00,49.30,1,0.02,1,1,31.30
22,1517,1534.10,0,3.20,1,34.60,1,186.71,1,2.10,1.00,49.54,1,0.02,1,1,31.20
24,2,1.60,0,23.07,1,28.48,1,214.74,1,0.41,1.00,21.43,1,0.01,1,1,0.07
24,2,1.80,0,23.06,1,28.48,1,214.60,1,0.41,1.00,21.22,1,0.01,1,1,0.06
24,2,1.90,0,23.06,1,28.48,1,214.86,1,0.41,1.00,21.53,1,0.01,1,1,0.07
24,2,2.50,0,23.06,1,28.48,1,214.59,1,0.40,1.00,21.62,1,0.00,1,1,0.07
24,6,6.40,0,23.05,1,28.49,1,215.69,1,0.41,1.00,21.60,1,0.02,1,1,0.05
24,7,6.70,0,23.05,1,28.48,1,215.40,1,0.40,1.00,21.58,1,0.01,1,1,0.06
24,16,16.10,0,20.49,1,33.05,1,215.68,1,0.47,1.00,2.42,1,0.01,1,1,0.07
24,16,16.30,0,20.43,1,33.16,1,215.84,1,0.48,1.00,1.71,1,0.01,1,1,0.05
24,16,16.40,0,20.49,1,33.07,1,215.75,1,0.48,1.00,2.29,1,0.01,1,1,0.06
24,16,16.40,0,20.28,1,33.37,1,216.36,1,0.49,1.00,1.23,1,0.04,1,1,0.02
24,16,16.40,0,20.23,1,33.43,1,216.29,1,0.49,1.00,0.86,1,0.05,1,1,0.02
24,17,17.10,0,20.28,1,33.37,1,215.50,1,0.47,1.00,1.62,1,0.01,1,1,0.06
24,18,18.40,0,20.01,1,33.56,1,217.58,1,0.50,1.00,0.39,1,0.00,1,1,0.07
24,23,23.20,0,19.83,1,33.61,1,216.77,1,0.40,1.00,21.24,1,0.00,1,1,0.05
24,27,26.80,0,19.49,1,33.61,1,217.55,1,0.54,1.00,0.29,1,0.06,1,1,0.01
24,27,26.90,0,19.48,1,33.61,1,217.50,1,0.53,1.00,0.28,1,0.08,1,1,0.00
24,28,28.60,0,18.98,1,33.61,1,217.28,1,0.70,1.00,1.16,1,0.05,1,1,2.62
24,33,33.30,0,16.37,1,33.75,1,202.54,1,1.16,1.00,3.03,1,0.18,1,1,10.09
24,36,36.20,0,10.33,1,33.56,1,198.81,1,1.26,1.00,3.56,1,0.22,1,1,12.82
24,36,36.20,0,10.45,1,33.56,1,200.01,1,1.29,1.00,3.39,1,0.24,1,1,12.01
24,39,38.80,0,10.21,1,33.57,1,198.67,1,1.32,1.00,3.82,1,0.21,1,1,13.20
24,41,41.20,0,10.22,1,33.56,1,197.62,1,1.31,1.00,3.72,1,0.22,1,1,13.27
24,41,41.70,0,10.22,1,33.56,1,197.53,1,1.32,1.00,3.69,1,0.21,1,1,13.15
24,51,51.10,0,10.23,1,33.56,1,196.80,1,1.32,1.00,3.74,1,0.22,1,1,13.10
24,51,51.10,0,10.23,1,33.56,1,196.71,1,1.32,1.00,3.73,1,0.22,1,1,13.01
24,51,51.10,0,10.24,1,33.56,1,196.63,1,1.31,1.00,3.74,1,0.22,1,1,12.96
24,51,51.30,0,10.23,1,33.56,1,196.74,1,1.32,1.00,3.76,1,0.21,1,1,13.13
24,51,51.70,0,10.23,1,33.56,1,196.74,1,1.32,1.00,3.74,1,0.22,1,1,13.06
24,51,51.80,0,10.22,1,33.56,1,196.94,1,1.32,1.00,3.73,1,0.21,1,1,13.06
24,52,52.70,0,10.21,1,33.57,1,198.38,1,1.32,1.00,3.87,1,0.21,1,1,13.38
