Year,STNNBR,DEPTH,lat,lon,Hg_total,Hg0,MMHg_fM,DMHg_fM,CTDPRS,CTDTMP,CTDSAL,CTDOXY,TRANSM,FLUORM,SILCAT,NITRAT,NITRIT,PHSPHT
2010,1,24,38.32,-9.66,2.94,,36,,24,19.11425,36.1221,233.5,4.48045,0.1885,0.49,0,0,0.01
2010,1,24,38.32,-9.66,2.94,,36,,24,19.11425,36.1221,233.5,4.48045,0.1885,0.49,0,0,0.01
2010,1,35,38.32,-9.66,2.01,,34,,35,18.8331,36.21075,235,4.50975,0.288,0.58,0.06,0.03,0.09
2010,1,35,38.32,-9.66,2.01,,34,,35,18.8331,36.21075,235,4.50975,0.288,0.68,0.04,0.02,0.05
2010,1,40,38.32,-9.66,1.65,,30,,40,18.54365,36.2169,237.3,4.51895,0.264,0.78,0.1,0.05,0.07
2010,1,40,38.32,-9.66,1.65,,30,,40,18.54365,36.2169,237.3,4.51895,0.264,0.68,0.1,0.05,0.05
2010,1,68,38.32,-9.66,1.01,0.29,39,,68,16.7769,36.22315,228.25,4.59675,0.1505,0.88,0.61,0.09,0.11
2010,1,68,38.32,-9.66,1.01,0.29,39,,68,16.7769,36.22315,228.25,4.59675,0.1505,0.78,0.64,0.09,0.11
2010,1,136,38.32,-9.66,2.17,0.28,33,,137,15.19465,36.1498,212.05,4.64345,0.0255,1.76,5.5,0,0.38
2010,1,136,38.32,-9.66,2.17,0.28,33,,137,15.19465,36.1498,212.05,4.64345,0.0255,1.76,5.44,0.01,0.39
2010,1,199,38.32,-9.66,1.75,0.25,47,,200,14.0739,35.9762,207.65,4.6508,0.0045,2.54,7.57,0,0.52
2010,1,199,38.32,-9.66,1.75,0.25,47,,200,14.0739,35.9762,207.65,4.6508,0.0045,2.63,7.54,0,0.5
2010,1,300,38.32,-9.66,2.33,0.35,119,,302,13.07565,35.81725,204.95,4.65385,0.004,3.51,10.11,0,0.64
2010,1,300,38.32,-9.66,2.33,0.35,119,,302,13.07565,35.81725,204.95,4.65385,0.004,3.41,10.08,0,0.64
2010,1,401,38.32,-9.66,2.2,0.37,111,,404,12.29865,35.73825,197.85,4.641,0.0045,4.78,12.39,0,0.79
2010,1,401,38.32,-9.66,2.2,0.37,111,,404,12.29865,35.73825,197.85,4.641,0.0045,4.68,12.4,0,0.79
2010,1,502,38.32,-9.66,0.96,0.22,52,,506,11.81405,35.8341,185.8,4.6404,0.004,6.24,13.43,0,0.85
2010,1,502,38.32,-9.66,0.96,0.22,52,,506,11.81405,35.8341,185.8,4.6404,0.004,6.24,13.28,0,0.84
2010,1,642,38.32,-9.66,2.55,0.2,71,,648,12.93485,36.3099,191.5,4.60745,0.005,5.07,10.59,0,0.65
2010,1,642,38.32,-9.66,2.55,0.2,71,,648,12.93485,36.3099,191.5,4.60745,0.005,5.26,10.66,0,0.66
2010,1,777,38.32,-9.66,1.52,0.3,61,,784,12.8688,36.3414,190.3,4.60135,0.005,5.75,11.26,0,0.69
2010,1,777,38.32,-9.66,1.52,0.3,61,,784,12.8688,36.3414,190.3,4.60135,0.005,5.65,11.21,0,0.69
2010,1,876,38.32,-9.66,1.78,0.76,,,884,12.5199,36.32035,184.95,4.6093,0.005,6.34,12.21,0,0.76
2010,1,876,38.32,-9.66,1.78,0.76,,,884,12.5199,36.32035,184.95,4.6093,0.005,6.34,12.15,0,0.76
2010,1,900,38.33,-9.66,1.61,0.58,,0.13,909,12.5434,36.362,188.6,4.6154,0.004,6.63,12.2,0,0.74
2010,1,900,38.33,-9.66,1.61,0.58,,0.13,909,12.5434,36.362,188.6,4.6154,0.004,6.73,12.21,0,0.74
2010,1,990,38.33,-9.66,1.83,0.64,,,1000,12.5659,36.4571,187,4.6239,0.005,6.63,12.07,0,0.73
2010,1,990,38.33,-9.66,1.83,0.64,,,1000,12.5659,36.4571,187,4.6239,0.005,6.53,12.08,0,0.74
2010,1,1150,38.33,-9.66,,0.85,,,1162,12.5304,36.5157,185.3,4.6276,0.005,7.02,12.33,0,0.75
2010,1,1150,38.33,-9.66,,0.85,,,1162,12.5304,36.5157,185.3,4.6276,0.005,7.02,12.33,0,0.75
2010,1,1293,38.33,-9.66,1.54,0.65,27,,1307,11.1714,36.2702,178.8,4.6471,0.005,9.16,14.6,0,0.92
2010,1,1293,38.33,-9.66,1.54,0.65,27,,1307,11.1714,36.2702,178.8,4.6471,0.005,9.26,14.59,0,0.93
2010,1,1480,38.33,-9.66,,0.56,24,,1496,10.8176,36.2999,185.5,4.641,0.005,9.94,14.58,0,0.93
2010,1,1480,38.33,-9.66,,0.56,24,,1496,10.8176,36.2999,185.5,4.641,0.005,9.65,14.58,0,0.92
2010,1,1701,38.33,-9.66,,0.9,20,,1721,7.1471,35.6033,213.8,4.6532,0.005,14.73,17.13,0,1.13
2010,1,1701,38.33,-9.66,,0.9,20,,1721,7.1471,35.6033,213.8,4.6532,0.005,14.83,17.11,0,1.13
2010,1,1901,38.33,-9.66,,0.59,26,,1924,5.4015,35.3057,231.1,4.6581,0.004,18.24,17.97,0,1.21
2010,1,1901,38.33,-9.66,,0.59,26,,1924,5.4015,35.3057,231.1,4.6581,0.004,18.34,17.99,0,1.21
2010,1,2101,38.33,-9.66,1.92,0.58,,,2127,4.3907,35.149,239.6,4.6618,0.005,21.76,18.6,0,1.26
2010,1,2101,38.33,-9.66,1.92,0.58,,,2127,4.3907,35.149,239.6,4.6618,0.005,21.66,18.59,0,1.27
2010,1,2301,38.33,-9.66,2.54,0.67,29,,2331,3.902,35.0852,240.7,4.652,0.004,25.96,19.16,0,1.32
2010,1,2301,38.33,-9.66,2.54,0.67,29,,2331,3.902,35.0852,240.7,4.652,0.004,25.86,19.17,0,1.32
2010,1,2501,38.33,-9.66,,0.52,,,2535,3.3068,35.0043,243.1,4.6703,0.005,29.37,19.68,0,1.36
2010,1,2501,38.33,-9.66,,0.52,,,2535,3.3068,35.0043,243.1,4.6703,0.005,29.27,19.7,0,1.36
2010,1,2601,38.33,-9.66,0.67,0.86,21,,2637,3.1478,34.9847,243.5,4.6697,0.005,31.52,19.96,0,1.38
2010,1,2601,38.33,-9.66,0.67,0.86,21,,2637,3.1478,34.9847,243.5,4.6697,0.005,31.62,19.93,0,1.37
2010,1,2701,38.33,-9.66,1.27,0.92,21,,2739,2.9667,34.9646,243.2,4.6716,0.005,33.67,20.08,0,1.39
2010,1,2701,38.33,-9.66,1.27,0.92,21,,2739,2.9667,34.9646,243.2,4.6716,0.005,33.96,20.14,0,1.4
2010,2,49,36.76,-12.83,,,,,49,21.1178,36.5255,221.4,4.6161,0.042,0.39,0,0,0.03
2010,2,49,36.76,-12.83,,,,,49,21.1178,36.5255,221.4,4.6161,0.042,0.39,0,0,0.01
2010,2,102,36.76,-12.83,,,,,103,16.0502,36.1522,234.6,4.61,0.179,0.88,1.04,0.13,0.13
2010,2,102,36.76,-12.83,,,,,103,16.0502,36.1522,234.6,4.61,0.179,0.78,1.1,0.13,0.13
2010,2,141,36.76,-12.83,,,,,142,15.1064,36.0795,217.3,4.6357,0.054,1.95,5.55,0.01,0.37
2010,2,141,36.76,-12.83,,,,,142,15.1064,36.0795,217.3,4.6357,0.054,1.85,5.51,0.01,0.37
2010,2,201,36.76,-12.83,,,,,202,14.3479,36.014,218.7,4.6469,0.01,2.54,7.46,0,0.48
2010,2,201,36.76,-12.83,,,,,202,14.3479,36.014,218.7,4.6469,0.01,2.54,7.44,0.01,0.49
2010,2,251,36.76,-12.83,,,,,253,13.5029,35.8633,212.4,4.6535,0.003,3.41,9.31,0,0.59
2010,2,251,36.76,-12.83,,,,,253,13.5029,35.8633,212.4,4.6535,0.003,3.32,9.31,0,0.59
2010,2,359,36.76,-12.83,,,,,362,12.7819,35.7791,220.7,4.6557,0.003,3.41,9.88,0,0.63
2010,2,359,36.76,-12.83,,,,,362,12.7819,35.7791,220.7,4.6557,0.003,3.41,9.88,0,0.63
2010,2,501,36.76,-12.83,,,,,505,11.6496,35.6234,198.6,4.6606,0.003,5.56,13.81,0,0.87
2010,2,501,36.76,-12.83,,,,,505,11.6496,35.6234,198.6,4.6606,0.003,5.46,13.76,0,0.87
2010,2,662,36.76,-12.83,,,,,668,11.1097,35.712,179,4.6629,0.003,8,16.31,0,1.03
2010,2,662,36.76,-12.83,,,,,668,11.1097,35.712,179,4.6629,0.003,8.1,16.32,0,1.03
2010,2,821,36.76,-12.83,,,,,829,11.9245,36.1428,183.7,4.6593,0.003,8.19,14.96,0,0.95
2010,2,821,36.76,-12.83,,,,,829,11.9245,36.1428,183.7,4.6593,0.003,8.09,14.88,0,0.95
2010,2,902,36.76,-12.83,,,,,911,10.8006,35.9654,177,4.6654,0.003,9.65,16.47,0,1.05
2010,2,902,36.76,-12.83,,,,,911,10.8006,35.9654,177,4.6654,0.003,9.75,16.41,0,1.04
2010,2,1051,36.76,-12.83,,,,,1061,10.5374,36.0612,180.3,4.6656,0.004,10.24,16.16,0,1.02
2010,2,1051,36.76,-12.83,,,,,1061,10.5374,36.0612,180.3,4.6656,0.004,10.14,16.11,0,1.02
2010,2,1201,36.76,-12.83,,,,,1213,10.4072,36.1429,185.4,4.6654,0.003,10.24,15.56,0,0.98
2010,2,1201,36.76,-12.83,,,,,1213,10.4072,36.1429,185.4,4.6654,0.003,10.24,15.5,0,0.98
2010,3,35,35.2,-16,0.57,0.07,36,,35,22.16445,36.6359,219.8,4.61235,0.038,0.49,0,0,0
2010,3,35,35.2,-16,0.57,0.07,36,,35,22.16445,36.6359,219.8,4.61235,0.038,0.58,0,0,0
2010,3,51,35.2,-16,,0.08,53,,51,19.6364,36.3828,258.75,4.6094,0.061,0.29,0,0,0
2010,3,51,35.2,-16,,0.08,53,,51,19.6364,36.3828,258.75,4.6094,0.061,0.29,0,0,0.01
2010,3,77,35.2,-16,0.5,0.06,84,,77,17.1104,36.30715,210.4,4.61245,0.162,0.68,0.07,0.02,0.01
2010,3,77,35.2,-16,0.5,0.06,84,,77,17.1104,36.30715,210.4,4.61245,0.162,0.68,0.11,0.02,0.02
2010,3,100,35.2,-16,0.2,0.16,,,101,16.4864,36.26435,205.35,4.63395,0.078,1.36,4.01,0.04,0.23
2010,3,100,35.2,-16,0.2,0.16,,,101,16.4864,36.26435,205.35,4.63395,0.078,1.36,4.01,0.04,0.23
2010,3,136,35.2,-16,0.43,0.17,93,,137,15.88275,36.1809,205.5,4.6438,0.019,1.66,4.89,0.01,0.3
2010,3,136,35.2,-16,0.43,0.17,93,,137,15.88275,36.1809,205.5,4.6438,0.019,1.66,4.92,0.01,0.3
2010,3,191,35.2,-16,0.55,0.18,69,,192,14.9229,36.05235,204.4,4.65075,0.0055,2.24,6.43,0.01,0.39
2010,3,191,35.2,-16,0.55,0.18,69,,192,14.9229,36.05235,204.4,4.65075,0.0055,2.15,6.42,0,0.4
2010,3,301,35.2,-16,0.29,0.23,69,,303,13.4473,35.83265,203.65,4.6558,0.0015,3.61,9.85,0,0.61
2010,3,301,35.2,-16,0.29,0.23,69,,303,13.4473,35.83265,203.65,4.6558,0.0015,3.61,9.82,0,0.61
2010,3,401,35.2,-16,0.64,0.24,65,,404,12.65765,35.7287,202.2,4.65895,0.0025,4,10.94,0,0.68
2010,3,401,35.2,-16,0.64,0.24,65,,404,12.65765,35.7287,202.2,4.65895,0.0025,4,10.95,0,0.68
2010,3,490,35.2,-16,0.04,0.32,110,0.24,494,11.93175,35.6392,190.05,4.66055,0.003,5.46,13.77,0,0.85
2010,3,490,35.2,-16,0.04,0.32,110,0.24,494,11.93175,35.6392,190.05,4.66055,0.003,5.36,13.72,0,0.86
2010,3,611,35.2,-16,,0.37,150,,616,11.06165,35.586,181.65,4.6636,0.004,7.12,15.91,0,0.99
2010,3,611,35.2,-16,,0.37,150,,616,11.06165,35.586,181.65,4.6636,0.004,7.22,15.91,0,0.99
2010,3,777,35.2,-16,1.74,0.39,215,,784,10.6057,35.7243,177.95,4.6661,0.0035,9.17,17.02,0,1.08
2010,3,777,35.2,-16,1.74,0.39,215,,784,10.6057,35.7243,177.95,4.6661,0.0035,9.07,16.98,0,1.07
2010,3,876,35.2,-16,0.38,0.47,192,,884,10.373,35.81245,178.9,4.6673,0.0035,9.75,16.94,0,1.08
2010,3,876,35.2,-16,0.38,0.47,192,,884,10.373,35.81245,178.9,4.6673,0.0035,9.85,16.81,0,1.08
2010,3,994,35.2,-16,0.17,,146,0.27,1004,10.234,35.9047,180.7,4.6679,0.004,10.53,16.64,0,1.05
2010,3,994,35.2,-16,0.17,,146,0.27,1004,10.234,35.9047,180.7,4.6679,0.004,10.43,16.67,0,1.06
2010,3,1051,35.2,-16,0.8,,94,0.47,1061,10.2017,35.9535,182.9,4.6678,0.003,10.92,16.82,0,1.07
2010,3,1051,35.2,-16,0.8,,94,0.47,1061,10.2017,35.9535,182.9,4.6678,0.003,10.92,16.81,0,1.07
2010,3,1201,35.2,-16,0.86,,,0.1,1213,9.0833,35.8218,191.4,4.669,0.004,11.9,17.16,0,1.11
2010,3,1201,35.2,-16,0.86,,,0.1,1213,9.0833,35.8218,191.4,4.669,0.004,11.8,17.16,0,1.11
2010,3,1351,35.2,-16,0.21,,65,0.47,1365,7.9878,35.673,205.2,4.6707,0.003,12.68,17.35,0,1.14
2010,3,1351,35.2,-16,0.21,,65,0.47,1365,7.9878,35.673,205.2,4.6707,0.003,12.68,17.36,0,1.13
2010,3,1501,35.2,-16,0.08,,61,,1518,6.8528,35.5033,217.4,4.6727,0.004,13.56,17.37,0,1.14
2010,3,1501,35.2,-16,0.08,,61,,1518,6.8528,35.5033,217.4,4.6727,0.004,13.56,17.34,0,1.14
2010,3,1701,35.2,-16,0.94,,,,1721,5.3745,35.2643,235.5,4.674,0.004,14.93,17.65,0,1.18
2010,3,1701,35.2,-16,0.94,,,,1721,5.3745,35.2643,235.5,4.674,0.004,14.83,17.66,0,1.18
2010,3,1901,35.2,-16,0.89,,,,1924,4.6187,35.1623,241.4,4.6752,0.004,17.56,18.08,0,1.22
2010,3,1901,35.2,-16,0.89,,,,1924,4.6187,35.1623,241.4,4.6752,0.004,17.56,18.09,0,1.22
2010,3,2101,35.2,-16,0.65,,51,,2127,4.1114,35.0963,244.3,4.6764,0.004,20.98,18.59,0,1.26
2010,3,2101,35.2,-16,0.65,,51,,2127,4.1114,35.0963,244.3,4.6764,0.004,20.98,18.59,0,1.25
2010,3,2300,35.2,-16,0.62,,34,,2330,3.662,35.0398,246.6,4.6775,0.004,24.2,19.02,0,1.3
2010,3,2300,35.2,-16,0.62,,34,,2330,3.662,35.0398,246.6,4.6775,0.004,24.2,18.98,0,1.3
2010,3,2501,35.2,-16,0.22,,21,,2535,3.3089,34.9987,247.1,4.6777,0.005,28.01,19.49,0,1.34
2010,3,2501,35.2,-16,0.22,,21,,2535,3.3089,34.9987,247.1,4.6777,0.005,28.01,19.47,0,1.34
2010,3,2601,35.2,-16,0.3,,,,2637,3.1663,34.9835,246.7,4.6777,0.004,29.96,19.72,0,1.36
2010,3,2601,35.2,-16,0.3,,,,2637,3.1663,34.9835,246.7,4.6777,0.004,29.76,19.71,0,1.35
2010,3,2681,35.2,-16,0.86,,53,,2718,3.0284,34.9689,246.3,4.6778,0.004,31.72,19.91,0,1.37
2010,3,2681,35.2,-16,0.86,,53,,2718,3.0284,34.9689,246.3,4.6778,0.004,31.91,19.89,0,1.39
2010,5,31,31,-22,1.18,0.12,32,,31,24.31545,37.235,212.15,4.6149,0.015,0.39,0,0,0
2010,5,31,31,-22,1.18,0.12,32,,31,24.31545,37.235,212.15,4.6149,0.015,0.49,0,0,0
2010,5,52,31,-22,0.59,0.09,25,,52,21.16685,36.72265,247.5,4.6068,0.0365,0.29,0,0,0
2010,5,52,31,-22,0.59,0.09,25,,52,21.16685,36.72265,247.5,4.6068,0.0365,0.39,0,0,0
2010,5,81,31,-22,0.39,0.1,23,,81.66666667,19.37656667,36.65813333,218.4,4.617133333,0.062,0.58,0,0,0
2010,5,81,31,-22,0.39,0.1,23,,81.66666667,19.37656667,36.65813333,218.4,4.617133333,0.062,0.58,0,0,0
2010,5,101,31,-22,0.43,0.1,29,,102,18.50785,36.59855,206.55,4.61895,0.102,0.68,0.07,0.07,0
2010,5,101,31,-22,0.43,0.1,29,,102,18.50785,36.59855,206.55,4.61895,0.102,0.68,0.07,0.07,0.01
2010,5,136,31,-22,0.55,0.15,35,,137,17.94685,36.5444,203.15,4.63325,0.072,1.27,2.77,0.02,0.15
2010,5,136,31,-22,0.55,0.15,35,,137,17.94685,36.5444,203.15,4.63325,0.072,1.17,2.74,0.02,0.15
2010,5,187,31,-22,0.61,0.23,29,,188,17.39755,36.46635,199.95,4.6475,0.0125,1.46,3.78,0.01,0.2
2010,5,187,31,-22,0.61,0.23,29,,188,17.39755,36.46635,199.95,4.6475,0.0125,1.46,3.78,0.01,0.2
2010,5,251,31,-22,0.62,0.2,30,,253,16.49925,36.3137,197.95,4.6509,0.0035,2.24,5.68,0.01,0.33
2010,5,251,31,-22,0.62,0.2,30,,253,16.49925,36.3137,197.95,4.6509,0.0035,2.14,5.66,0.01,0.36
2010,5,351,31,-22,0.59,0.2,50,,354,14.9272,36.0564,194.75,4.65445,0.0025,3.02,7.64,0,0.49
2010,5,351,31,-22,0.59,0.2,50,,354,14.9272,36.0564,194.75,4.65445,0.0025,2.93,7.63,0,0.47
2010,5,553,31,-22,0.71,0.24,73,,558,12.38645,35.678,188.75,4.6606,0.003,5.66,13.06,0,0.81
2010,5,553,31,-22,0.71,0.24,73,,558,12.38645,35.678,188.75,4.6606,0.003,5.56,12.97,0,0.81
2010,5,802,31,-22,0.98,0.38,76,,809,9.94615,35.46435,159.35,4.6666,0.004,11.32,20.03,0,1.3
2010,5,802,31,-22,0.98,0.38,76,,809,9.94615,35.46435,159.35,4.6666,0.004,11.22,19.98,0,1.27
2010,5,963,31,-22,0.87,0.39,139,,972,9.11395,35.51805,171.05,4.66915,0.004,12.97,20.22,0,1.31
2010,5,963,31,-22,0.87,0.39,139,,972,9.11395,35.51805,171.05,4.66915,0.004,12.97,20.15,0,1.32
2010,5,1202,31,-22,0.68,0.37,117,,1214,8.1293,35.5506,185.95,4.6719,0.004,14.14,19.32,0,1.26
2010,5,1202,31,-22,0.68,0.37,117,,1214,8.1293,35.5506,185.95,4.6719,0.004,14.34,19.26,0,1.26
2010,5,1501,31.01,-22,0.78,0.37,50,,1517,6.5513,35.3975,211.7,4.675,0.004,15.22,18.47,0,1.24
2010,5,1501,31.01,-22,0.78,0.37,50,,1517,6.5513,35.3975,211.7,4.675,0.004,14.93,18.54,0,1.24
2010,5,1800,31.01,-22,0.89,0.33,47,46,1821,5.0918,35.2112,234.1,4.6771,0.004,15.71,18.01,0,1.23
2010,5,1800,31.01,-22,0.89,0.33,47,46,1821,5.0918,35.2112,234.1,4.6771,0.004,15.71,17.99,0,1.22
2010,5,2100,31.01,-22,0.79,0.34,56,,2126,4.1307,35.0862,242.7,4.6789,0.004,20.1,18.6,0,1.28
2010,5,2100,31.01,-22,0.79,0.34,56,,2126,4.1307,35.0862,242.7,4.6789,0.004,20.1,18.62,0,1.28
2010,5,2401,31.01,-22,0.88,0.37,33,,2433,3.4225,35.0031,248.2,4.6799,0.005,24.69,18.97,0,1.31
2010,5,2401,31.01,-22,0.88,0.37,33,,2433,3.4225,35.0031,248.2,4.6799,0.005,24.4,18.99,0,1.32
2010,5,2701,31.01,-22,0.91,0.36,18,,2739,3.0401,34.9653,248.1,4.6805,0.004,29.57,19.61,0,1.37
2010,5,2701,31.01,-22,0.91,0.36,18,,2739,3.0401,34.9653,248.1,4.6805,0.004,29.67,19.68,0,1.37
2010,5,3001,31.01,-22,0.93,0.4,,,3045,2.7907,34.9413,246,4.6812,0.004,34.64,20.36,0,1.42
2010,5,3001,31.01,-22,0.93,0.4,,,3045,2.7907,34.9413,246,4.6812,0.004,34.64,20.38,0,1.42
2010,5,3301,31.01,-22,0.91,0.38,24,298,3352,2.6352,34.9248,244.4,4.6813,0.004,38.55,20.86,0,1.46
2010,5,3301,31.01,-22,0.91,0.38,24,298,3352,2.6352,34.9248,244.4,4.6813,0.004,38.55,20.88,0,1.46
2010,5,3600,31.01,-22,0.88,0.35,20,205,3658,2.5285,34.9115,244.7,4.6813,0.004,41.67,21.26,0,1.48
2010,5,3600,31.01,-22,0.88,0.35,20,205,3658,2.5285,34.9115,244.7,4.6813,0.004,41.67,21.22,0,1.49
2010,5,3899,31.01,-22,1.01,0.32,33,182,3964,2.4615,34.9016,244.7,4.6813,0.004,43.43,21.41,0,1.5
2010,5,3899,31.01,-22,1.01,0.32,33,182,3964,2.4615,34.9016,244.7,4.6813,0.004,43.53,21.44,0,1.5
2010,5,4199,31.01,-22,0.93,0.35,21,,4272,2.4175,34.8937,245.2,4.6813,0.004,45.09,21.55,0,1.51
2010,5,4199,31.01,-22,0.93,0.35,21,,4272,2.4175,34.8937,245.2,4.6813,0.004,45.09,21.53,0,1.5
2010,5,4549,31.01,-22,0.87,0.36,,,4632,2.4101,34.8884,244.7,4.6813,0.004,46.75,21.61,0,1.51
2010,5,4549,31.01,-22,0.87,0.36,,,4632,2.4101,34.8884,244.7,4.6813,0.004,46.16,21.53,0,1.51
2010,5,4899,31.01,-22,,0.37,24,,4993,2.4378,34.886,244.5,4.6787,0.004,46.75,21.54,0,1.51
2010,5,4899,31.01,-22,,0.37,24,,4993,2.4378,34.886,244.5,4.6787,0.004,47.92,21.56,0,1.51
2010,6,41,27.52,-22,0.5,0.07,24,,41,24.3568,37.2725,209.6,4.6026,0.018,0.49,0,0,0.02
2010,6,41,27.52,-22,0.5,0.07,24,,41,24.3568,37.2725,209.6,4.6026,0.018,0.29,0.01,0,0.02
2010,6,66,27.52,-22,0.34,0.06,23,,66,22.8641,37.1319,226.9,4.6024,0.036,0.29,0,0,0.02
2010,6,66,27.52,-22,0.34,0.06,23,,66,22.8641,37.1319,226.9,4.6024,0.036,0.29,0,0,0.01
2010,6,91,27.52,-22,0.29,0.09,30,,92,20.3333,36.8778,229.1,4.61,0.071,0.39,0,0,0.01
2010,6,91,27.52,-22,0.29,0.09,30,,92,20.3333,36.8778,229.1,4.61,0.071,0.39,0,0,0.05
2010,6,116,27.52,-22,0.23,0.08,30,,117,19.1374,36.7416,219.2,4.614,0.134,0.39,0,0.06,0.01
2010,6,116,27.52,-22,0.23,0.08,30,,117,19.1374,36.7416,219.2,4.614,0.134,0.49,0,0.06,0.01
2010,6,135,27.52,-22,0.23,0.1,30,,136,18.4804,36.6429,213.1,4.6272,0.082,0.68,0.53,0.03,0.03
2010,6,135,27.52,-22,0.23,0.1,30,,136,18.4804,36.6429,213.1,4.6272,0.082,0.68,0.52,0.03,0.03
2010,6,186,27.52,-22,0.26,0.14,,29,187,17.739,36.5591,198.5,4.6457,0.01,1.17,3.67,0.01,0.21
2010,6,186,27.52,-22,0.26,0.14,,29,187,17.739,36.5591,198.5,4.6457,0.01,1.07,3.64,0.01,0.22
2010,6,302,27.52,-22,0.41,0.19,49,,304,15.5145,36.1537,197.2,4.6508,0.006,2.34,7.22,0,0.43
2010,6,302,27.52,-22,0.41,0.19,49,,304,15.5145,36.1537,197.2,4.6508,0.006,2.34,7.19,0,0.43
2010,6,401,27.52,-22,0.59,0.2,58,,404,13.7892,35.8807,193.9,4.6557,0,3.61,10.22,0,0.62
2010,6,401,27.52,-22,0.59,0.2,58,,404,13.7892,35.8807,193.9,4.6557,0,3.61,10.21,0,0.62
2010,6,602,27.52,-22,0.65,0.37,49,,607,11.524,35.5895,162.3,4.6607,0.003,8,18.15,0,1.12
2010,6,602,27.52,-22,0.65,0.37,49,,607,11.524,35.5895,162.3,4.6607,0.003,7.9,18.12,0,1.13
2010,6,801,27.52,-22,0.7,0.39,37,,808,9.5606,35.4195,150.7,4.6665,0.004,13.27,22.93,0,1.47
2010,6,801,27.52,-22,0.7,0.39,37,,808,9.5606,35.4195,150.7,4.6665,0.004,13.17,22.85,0,1.46
2010,6,1003,27.52,-22,0.71,0.35,,,1013,8.1803,35.3717,160.1,4.6692,0.004,15.51,22.84,0,1.5
2010,6,1003,27.52,-22,0.71,0.35,,,1013,8.1803,35.3717,160.1,4.6692,0.004,15.51,22.85,0,1.5
2010,6,1202,27.52,-22,0.66,0.32,51,,1214,7.7406,35.4628,176.5,4.6716,0.004,15.32,20.99,0,1.39
2010,6,1202,27.52,-22,0.66,0.32,51,,1214,7.7406,35.4628,176.5,4.6716,0.004,15.41,20.95,0,1.39
2010,7,35,24,-22,0.47,0.05,20,,35,25.5905,36.7807,207.55,4.5981,0.0435,0.58,0,0,0.09
2010,7,35,24,-22,0.47,0.05,20,,35,25.5905,36.7807,207.55,4.5981,0.0435,0.49,0,0,0.09
2010,7,46,24,-22,0.3,0.07,22,,46,24.9641,37.0337,217,4.5962,0.062,0.49,0,0,0.06
2010,7,46,24,-22,0.3,0.07,22,,46,24.9641,37.0337,217,4.5962,0.062,0.58,0,0,0.06
2010,7,71,24,-22,0.26,0.07,23,,71,22.21075,36.8736,200.55,4.58865,0.216,0.78,0.19,0.05,0.1
2010,7,71,24,-22,0.26,0.07,23,,71,22.21075,36.8736,200.55,4.58865,0.216,0.78,0.19,0.05,0.1
2010,7,151,24,-22,0.41,0.18,36,,152,17.2526,36.24815,104.8,4.6384,0.0095,4.78,15.37,0.02,0.96
2010,7,151,24,-22,0.41,0.18,36,,152,17.2526,36.24815,104.8,4.6384,0.0095,4.68,15.32,0.01,0.96
2010,7,201,24,-22,0.44,0.21,42,,202,16.46075,36.218,118.4,4.6406,0.006,5.07,15.15,0.01,0.93
2010,7,201,24,-22,0.44,0.21,42,,202,16.46075,36.218,118.4,4.6406,0.006,4.97,15.15,0.01,0.94
2010,7,351,24,-22,0.55,0.25,48,,354,14.20805,35.91235,133.2,4.65095,0.0045,5.75,16.33,0.01,0.98
2010,7,351,24,-22,0.55,0.25,48,,354,14.20805,35.91235,133.2,4.65095,0.0045,5.66,16.31,0.01,0.98
2010,7,398,24,-22,0.46,0.28,,,401,13.67705,35.8521,146.9,4.6524,0.0045,5.85,15.95,0.01,0.97
2010,7,398,24,-22,0.46,0.28,,,401,13.67705,35.8521,146.9,4.6524,0.0045,5.95,15.93,0.01,0.97
2010,7,451,24,-22,0.69,0.38,55,,454.5,12.46145,35.62315,99.55,4.64895,0.0055,8.97,22.35,0.01,1.35
2010,7,451,24,-22,0.69,0.38,55,,454.5,12.46145,35.62315,99.55,4.64895,0.0055,8.88,22,0.01,1.34
2010,7,501,24,-22,0.65,0.36,60,,505,12.04935,35.6108,127.75,4.6549,0.0045,8.78,20.51,0.01,1.25
2010,7,501,24,-22,0.65,0.36,60,,505,12.04935,35.6108,127.75,4.6549,0.0045,8.78,20.51,0.01,1.26
2010,7,751,24,-22,0.8,0.44,52,,758,8.71755,35.18775,105.6,4.6628,0.005,17.56,29.18,0,1.87
2010,7,751,24,-22,0.8,0.44,52,,758,8.71755,35.18775,105.6,4.6628,0.005,17.47,29.11,0,1.87
2010,7,1001,24,-22,0.6,0.39,42,,1010.5,7.2479,35.153,142.9,4.6696,0.005,19.51,26.45,0,1.76
2010,7,1001,24,-22,0.6,0.39,42,,1010.5,7.2479,35.153,142.9,4.6696,0.005,19.71,26.38,0,1.78
2010,7,1201,24,-22,0.51,0.34,,,1213,6.77545,35.24005,168.6,4.6717,0.004,19.03,23.59,0.01,1.57
2010,7,1201,24,-22,0.51,0.34,,,1213,6.77545,35.24005,168.6,4.6717,0.004,18.83,23.62,0,1.56
2010,7,1499,24,-22,0.6,0.32,39,,1515,5.4962,35.1771,198.6,4.6753,0.004,20.88,21.87,0,1.52
2010,7,1499,24,-22,0.6,0.32,39,,1515,5.4962,35.1771,198.6,4.6753,0.004,20.29,21.98,0,1.5
2010,7,1750,24,-22,0.54,0.29,32,,1770,4.6759,35.1192,212.3,4.6764,0.005,24,21.34,0,1.46
2010,7,1750,24,-22,0.54,0.29,32,,1770,4.6759,35.1192,212.3,4.6764,0.005,23.91,21.36,0,1.47
2010,7,1999,24,-22,0.55,0.28,32,,2023,4.009,35.0528,223.1,4.6777,0.004,27.03,21.11,0,1.46
2010,7,1999,24,-22,0.55,0.28,32,,2023,4.009,35.0528,223.1,4.6777,0.004,26.83,21.12,0,1.46
2010,7,2248,24,-22,0.76,0.24,,,2277,3.5872,35.0132,229.3,4.6788,0.004,28.59,21.01,0,1.45
2010,7,2248,24,-22,0.76,0.24,,,2277,3.5872,35.0132,229.3,4.6788,0.004,28.59,20.94,0,1.46
2010,7,2499,24,-22,0.72,0.26,24,,2532.5,3.25075,34.98255,233.65,4.6789,0.0045,31.52,20.85,0,1.45
2010,7,2499,24,-22,0.72,0.26,24,,2532.5,3.25075,34.98255,233.65,4.6789,0.0045,31.62,20.91,0,1.45
2010,7,2749,24,-22,1.01,0.3,,,2788,2.9848,34.9573,235.4,4.6794,0.005,35.33,21.04,0,1.46
2010,7,2749,24,-22,1.01,0.3,,,2788,2.9848,34.9573,235.4,4.6794,0.005,34.74,21,0,1.47
2010,7,2998,24,-22,0.77,0.33,20,,3042,2.7716,34.9378,237.8,4.68,0.004,37.67,21.07,0,1.48
2010,7,2998,24,-22,0.77,0.33,20,,3042,2.7716,34.9378,237.8,4.68,0.004,37.67,21.14,0,1.47
2010,7,3248,24,-22,0.74,0.34,24,174,3297,2.6195,34.9233,240.7,4.6808,0.004,40.21,21.3,0,1.48
2010,7,3248,24,-22,0.74,0.34,24,174,3297,2.6195,34.9233,240.7,4.6808,0.004,40.5,21.31,0,1.47
2010,7,3498,24,-22,0.89,0.35,,,3553,2.5028,34.9101,240.3,4.6812,0.004,43.04,21.62,0,1.5
2010,7,3498,24,-22,0.89,0.35,,,3553,2.5028,34.9101,240.3,4.6812,0.004,42.84,21.63,0.01,1.5
2010,7,3827,24,-22,0.74,0.35,29,,3891,2.4058,34.8976,243.2,4.6813,0.004,44.31,21.53,0,1.5
2010,7,3827,24,-22,0.74,0.35,29,,3891,2.4058,34.8976,243.2,4.6813,0.004,44.21,21.54,0.01,1.5
2010,7,4157,24,-22,0.81,0.34,19,59,4229,2.3647,34.8894,244.2,4.6813,0.004,46.26,21.69,0.01,1.51
2010,7,4157,24,-22,0.81,0.34,19,59,4229,2.3647,34.8894,244.2,4.6813,0.004,46.45,21.77,0,1.52
2010,7,4496,24,-22,,0.33,20,112,4578,2.3853,34.8866,244,4.6792,0.004,46.94,21.77,0,1.51
2010,7,4496,24,-22,,0.33,20,112,4578,2.3853,34.8866,244,4.6792,0.004,47.43,21.75,0,1.5
2010,8,35,21,-22,0.85,0.06,23,,35,26.1932,36.8235,203,4.5954,0.044,0.58,0.01,0,0.05
2010,8,35,21,-22,0.85,0.06,23,,35,26.1932,36.8235,203,4.5954,0.044,0.49,0.01,0,0.04
2010,8,56,21,-22,0.49,0.04,20,,56,24.0994,37.1594,220.4,4.5895,0.073,0.49,0,0,0.02
2010,8,56,21,-22,0.49,0.04,20,,56,24.0994,37.1594,220.4,4.5895,0.073,0.58,0,0,0.01
2010,8,91,21,-22,0.78,0.06,,,92,20.967,36.9269,173.2,4.6128,0.152,0.88,0.57,0.18,0.15
2010,8,91,21,-22,0.78,0.06,,,92,20.967,36.9269,173.2,4.6128,0.152,0.97,0.6,0.18,0.14
2010,8,111,21,-22,0.63,0.15,39,,112,19.387,36.6914,150.9,4.6296,0.067,1.46,3.85,0.08,0.3
2010,8,111,21,-22,0.63,0.15,39,,112,19.387,36.6914,150.9,4.6296,0.067,1.36,4.06,0.08,0.3
2010,8,135,21,-22,0.46,0.16,39,,136,17.979,36.5086,132,4.6385,0.026,3.02,10.74,0.02,0.68
2010,8,135,21,-22,0.46,0.16,39,,136,17.979,36.5086,132,4.6385,0.026,3.02,10.66,0.02,0.67
2010,8,186,21,-22,0.62,0.17,41,,187,16.7762,36.3492,144.6,4.6471,0.004,3.41,11.08,0.01,0.67
2010,8,186,21,-22,0.62,0.17,41,,187,16.7762,36.3492,144.6,4.6471,0.004,3.31,11.05,0.01,0.68
2010,8,236,21,-22,0.57,0.21,54,,238,15.4882,36.1097,128.3,4.6485,0.004,4.48,13.51,0.01,0.82
2010,8,236,21,-22,0.57,0.21,54,,238,15.4882,36.1097,128.3,4.6485,0.004,4.48,13.46,0.01,0.82
2010,8,285,21,-22,0.78,0.21,,,287,14.5673,35.9633,129.8,4.6498,0.004,5.46,15.84,0,0.96
2010,8,285,21,-22,0.78,0.21,,,287,14.5673,35.9633,129.8,4.6498,0.004,5.27,15.81,0.01,0.96
2010,8,421,21,-22,0.72,0.34,66,,424,12.3917,35.6479,115.7,4.6514,0.005,8.29,21.03,0,1.27
2010,8,421,21,-22,0.72,0.34,66,,424,12.3917,35.6479,115.7,4.6514,0.005,8.29,20.85,0,1.26
2010,8,666,21,-22,0.83,0.43,93,,672,8.8713,35.1683,93.3,4.6629,0.006,17.17,30.23,0,1.91
2010,8,666,21,-22,0.83,0.43,93,,672,8.8713,35.1683,93.3,4.6629,0.006,17.17,30.16,0,1.91
2010,8,965,21,-22,0.71,0.34,,,974,6.6138,35.0222,135.6,4.6703,0.005,21.76,28.71,0,1.92
2010,8,965,21,-22,0.71,0.34,,,974,6.6138,35.0222,135.6,4.6703,0.005,21.57,28.76,0,1.92
2010,8,1200,21,-22,0.58,0.34,39,,1212,6.0111,35.1071,169.4,4.6737,0.005,20.39,25.03,0,1.69
2010,8,1200,21,-22,0.58,0.34,39,,1212,6.0111,35.1071,169.4,4.6737,0.005,20.3,24.97,0,1.68
2010,9,28,17.35,-18.25,0.58,0.09,17,14,28,27.94185,35.766,199.05,4.5831,0.0425,0.88,0,0,0.04
2010,9,28,17.35,-18.25,0.58,0.09,17,14,28,27.94185,35.766,199.05,4.5831,0.0425,0.98,0,0,0.03
2010,9,49,17.35,-18.25,,0.11,23,,49,19.7874,36.0085,132.05,4.5257,0.3835,2.44,5.55,0.36,0.7
2010,9,49,17.35,-18.25,,0.11,23,,49,19.7874,36.0085,132.05,4.5257,0.3835,2.54,5.47,0.35,0.68
2010,9,89,17.35,-18.25,0.66,0.24,20,,89,15.50455,35.69895,52.6,4.627,0.075,6.92,23.28,0.03,1.52
2010,9,89,17.35,-18.25,0.66,0.24,20,,89,15.50455,35.69895,52.6,4.627,0.075,6.92,23.29,0.03,1.52
2010,9,109,17.35,-18.25,0.81,0.31,35,,110,14.93615,35.69635,59.7,4.63565,0.026,7.31,23.5,0.02,1.51
2010,9,109,17.35,-18.25,0.81,0.31,35,,110,14.93615,35.69635,59.7,4.63565,0.026,7.61,23.55,0.01,1.51
2010,9,135,17.35,-18.25,0.72,0.39,41,,136,14.12645,35.5779,65.2,4.64065,0.008,8.19,24.39,0,1.57
2010,9,135,17.35,-18.25,0.72,0.39,41,,136,14.12645,35.5779,65.2,4.64065,0.008,8.19,24.43,0,1.57
2010,9,185,17.35,-18.25,0.78,0.42,,,186,13.3025,35.49355,61.85,4.64245,0.0065,9.17,25.87,0,1.64
2010,9,185,17.35,-18.25,0.78,0.42,,,186,13.3025,35.49355,61.85,4.64245,0.0065,9.17,25.91,0,1.64
2010,9,221,17.35,-18.25,1.27,0.44,,,223,12.86725,35.4652,58.7,4.39475,0.0075,9.66,26.75,0,1.68
2010,9,221,17.35,-18.25,1.27,0.44,,,223,12.86725,35.4652,58.7,4.39475,0.0075,9.95,26.73,0,1.68
2010,9,285,17.35,-18.25,1.02,0.48,,,287,12.08775,35.3977,50.65,4.6436,0.009,11.12,28.91,0,1.78
2010,9,285,17.35,-18.25,1.02,0.48,,,287,12.08775,35.3977,50.65,4.6436,0.009,11.02,28.88,0,1.77
2010,9,361,17.35,-18.25,1.02,0.55,80,15,364,11.3024,35.3313,44.4,4.64925,0.0095,12.49,31.53,0,1.92
2010,9,361,17.35,-18.25,1.02,0.55,80,15,364,11.3024,35.3313,44.4,4.64925,0.0095,12.68,31.55,0,1.93
2010,9,665,17.35,-18.25,1.05,0.56,54,,671,8.38155,35.03815,71.5,4.6606,0.007,19.32,34.1,0,2.17
2010,9,665,17.35,-18.25,1.05,0.56,54,,671,8.38155,35.03815,71.5,4.6606,0.007,19.13,34.12,0,2.17
2010,9,797,17.36,-18.25,0.81,0.54,38,,804,7.2723,34.93755,87.3,4.6641,0.007,22.35,34.37,0,2.22
2010,9,797,17.36,-18.25,0.81,0.54,38,,804,7.2723,34.93755,87.3,4.6641,0.007,22.25,33.97,0,2.21
2010,9,965,17.35,-18.25,0.94,0.48,,,974,6.32705,34.91415,111.95,4.6661,0.007,24.69,32.39,0,2.15
2010,9,965,17.35,-18.25,0.94,0.48,,,974,6.32705,34.91415,111.95,4.6661,0.007,24.4,32.28,0,2.15
2010,9,1095,17.36,-18.25,0.41,0.46,36,,1106,5.79715,34.945,136.35,4.66765,0.006,23.52,29.63,0,1.97
2010,9,1095,17.36,-18.25,0.41,0.46,36,,1106,5.79715,34.945,136.35,4.66765,0.006,23.42,29.66,0,1.98
2010,9,1200,17.35,-18.25,0.42,0.42,33,,1212,5.40555,34.96435,152.6,4.66705,0.0065,24.01,28.08,0,1.91
2010,9,1200,17.35,-18.25,0.42,0.42,33,,1212,5.40555,34.96435,152.6,4.66705,0.0065,24.2,28.04,0,1.91
2010,9,1236,17.36,-18.25,0.43,0.39,,,1249,5.2596,34.9728,158.8,4.6673,0.006,23.71,27.56,0,1.85
2010,9,1236,17.36,-18.25,0.43,0.39,,,1249,5.2596,34.9728,158.8,4.6673,0.006,23.52,27.59,0,1.85
2010,9,1385,17.36,-18.25,0.42,0.33,,,1400,4.7881,34.9877,179.8,4.6687,0.006,23.32,25.4,0,1.73
2010,9,1385,17.36,-18.25,0.42,0.33,,,1400,4.7881,34.9877,179.8,4.6687,0.006,23.52,25.42,0,1.73
2010,9,1538,17.36,-18.25,0.57,0.37,37,,1555,4.3527,34.9858,199.3,4.6701,0.006,23.13,24,0,1.63
2010,9,1538,17.36,-18.25,0.57,0.37,37,,1555,4.3527,34.9858,199.3,4.6701,0.006,23.32,23.99,0,1.63
2010,9,1787,17.36,-18.25,0.95,0.35,,,1808,3.9204,34.9795,215,4.6728,0.006,24.4,22.55,0,1.54
2010,9,1787,17.36,-18.25,0.95,0.35,,,1808,3.9204,34.9795,215,4.6728,0.006,24.2,22.56,0,1.54
2010,9,1883,17.36,-18.25,0.79,,25,,1905,3.7679,34.9755,219.8,4.6728,0.005,24.59,22.2,0,1.51
2010,9,1883,17.36,-18.25,0.79,,25,,1905,3.7679,34.9755,219.8,4.6728,0.005,24.88,22.21,0,1.52
2010,9,2088,17.36,-18.25,0.76,,,,2114,3.4907,34.9674,226.7,4.674,0.005,27.23,21.75,0,1.49
2010,9,2088,17.36,-18.25,0.76,,,,2114,3.4907,34.9674,226.7,4.674,0.005,27.03,21.75,0,1.49
2010,9,2294,17.36,-18.25,,0.31,20,,2324,3.2608,34.957,230.7,4.6751,0.005,29.28,21.6,0,1.47
2010,9,2294,17.36,-18.25,,0.31,20,,2324,3.2608,34.957,230.7,4.6751,0.005,29.18,21.57,0,1.47
2010,9,2585,17.36,-18.25,,0.3,,,2620,3.0133,34.9437,232.5,4.675,0.006,33.28,21.54,0,1.47
2010,9,2585,17.36,-18.25,,0.3,,,2620,3.0133,34.9437,232.5,4.675,0.006,32.98,21.52,0,1.48
2010,9,2900,17.36,-18.25,,0.32,,,2942,2.7748,34.9289,228.9,4.6692,0.007,38.65,21.8,0,1.52
2010,9,2900,17.36,-18.25,,0.32,,,2942,2.7748,34.9289,228.9,4.6692,0.007,38.55,21.8,0,1.51
2010,9,2999,17.36,-18.25,,0.31,,,3043,2.6959,34.9234,222.4,4.6398,0.009,41.67,22.05,0,1.54
2010,9,2999,17.36,-18.25,,0.31,,,3043,2.6959,34.9234,222.4,4.6398,0.009,41.87,21.99,0,1.53
2010,10,32,17.35,-20.82,0.84,0.08,19,27,32,27.0735,36.27185,201.5,4.5851,0.05,0.39,0,0.01,0.04
2010,10,32,17.35,-20.82,0.84,0.08,19,27,32,27.0735,36.27185,201.5,4.5851,0.05,0.49,0.01,0,0.03
2010,10,51,17.35,-20.82,0.47,0.12,18,,51,19.56015,36.12005,125.65,4.54585,0.3435,3.9,16.03,0.44,1.13
2010,10,51,17.35,-20.82,0.47,0.12,18,,51,19.56015,36.12005,125.65,4.54585,0.3435,4,16.26,0.44,1.17
2010,10,85,17.35,-20.82,1.22,0.3,41,,85,15.45935,35.6939,59.65,4.6267,0.089,6.83,24.72,0.03,1.53
2010,10,85,17.35,-20.82,1.22,0.3,41,,85,15.45935,35.6939,59.65,4.6267,0.089,6.93,24.64,0.03,1.52
2010,10,101,17.35,-20.82,1.17,0.13,,52,102,14.65485,35.6018,61.95,4.63625,0.0465,7.61,25.09,0.02,1.56
2010,10,101,17.35,-20.82,1.17,0.13,,52,102,14.65485,35.6018,61.95,4.63625,0.0465,7.8,25.14,0.02,1.56
2010,10,141,17.35,-20.82,0.88,0.14,,,142,14.0325,35.6152,74.15,4.64375,0.0075,8.39,24.56,0.01,1.53
2010,10,141,17.35,-20.82,0.88,0.14,,,142,14.0325,35.6152,74.15,4.64375,0.0075,8.29,24.48,0.01,1.52
2010,10,186,17.35,-20.82,1.16,0.46,33,79,187,12.93905,35.41515,75.3,4.645,0.0075,9.27,25.77,0.01,1.61
2010,10,186,17.35,-20.82,1.16,0.46,33,79,187,12.93905,35.41515,75.3,4.645,0.0075,9.27,25.78,0.01,1.62
2010,10,235,17.35,-20.82,1.19,0.53,54,,237,12.5862,35.41865,71.2,4.6465,0.0065,9.76,26.57,0,1.65
2010,10,235,17.35,-20.82,1.19,0.53,54,,237,12.5862,35.41865,71.2,4.6465,0.0065,9.66,26.52,0.01,1.65
2010,10,291,17.35,-20.82,1.23,0.55,84,,293,12.03755,35.3901,59.15,4.64605,0.009,10.93,28.9,0.01,1.77
2010,10,291,17.35,-20.82,1.23,0.55,84,,293,12.03755,35.3901,59.15,4.64605,0.009,10.83,28.93,0.01,1.76
2010,10,421,17.35,-20.82,1.2,0.64,56,,424,10.68465,35.26465,52.9,4.652,0.007,13.66,32.35,0,1.97
2010,10,421,17.35,-20.82,1.2,0.64,56,,424,10.68465,35.26465,52.9,4.652,0.007,13.85,32.28,0,1.96
2010,10,499,17.35,-20.82,0.99,0.6,47,,503,9.8256,35.16605,56,4.65585,0.008,15.51,33.51,0,2.09
2010,10,499,17.35,-20.82,0.99,0.6,47,,503,9.8256,35.16605,56,4.65585,0.008,15.81,33.49,0,2.06
2010,10,665,17.35,-20.82,0.86,0.58,38,,671,8.2156,35.0084,70.55,4.66215,0.008,19.81,34.84,0,2.33
2010,10,665,17.35,-20.82,0.86,0.58,38,,671,8.2156,35.0084,70.55,4.66215,0.008,20.3,34.83,0,2.28
2010,10,800,17.35,-20.82,0.79,0.58,35,,807,7.07475,34.9084,88.15,4.6658,0.007,22.93,34.73,0,2.28
2010,10,800,17.35,-20.82,0.79,0.58,35,,807,7.07475,34.9084,88.15,4.6658,0.007,22.84,34.65,0,2.27
2010,10,964,17.35,-20.83,0.84,0.48,31,,973,6.2476,34.9183,119,4.6678,0.007,23.91,32.23,0,2.14
2010,10,964,17.35,-20.83,0.84,0.48,31,,973,6.2476,34.9183,119,4.6678,0.007,23.62,32.24,0,2.14
2010,10,1100,17.35,-20.83,1.15,0.44,35,,1111,5.8481,34.9598,140,4.669,0.007,23.42,29.74,0,1.98
2010,10,1100,17.35,-20.83,1.15,0.44,35,,1111,5.8481,34.9598,140,4.669,0.007,23.71,29.8,0,1.99
2010,10,1249,17.35,-20.83,1.06,0.35,31,,1262,5.416,34.9878,159.7,4.6703,0.006,23.42,27.63,0,1.85
2010,10,1249,17.35,-20.83,1.06,0.35,31,,1262,5.416,34.9878,159.7,4.6703,0.006,23.23,27.67,0,1.86
2010,10,1498,17.35,-20.83,0.63,0.36,31,,1514,4.6415,35.0075,192,4.6728,0.006,23.13,24.43,0,1.65
2010,10,1498,17.35,-20.83,0.63,0.36,31,,1514,4.6415,35.0075,192,4.6728,0.006,23.32,24.43,0,1.66
2010,10,1750,17.35,-20.83,0.76,0.32,31,27,1770,4.1075,34.9957,211,4.6742,0.006,24.4,22.81,0,1.55
2010,10,1750,17.35,-20.83,0.76,0.32,31,27,1770,4.1075,34.9957,211,4.6742,0.006,24.2,22.82,0,1.54
2010,10,1999,17.35,-20.83,0.99,0.33,31,53,2023,3.6679,34.9782,223.5,4.6748,0.005,26.06,21.9,0,1.48
2010,10,1999,17.35,-20.83,0.99,0.33,31,53,2023,3.6679,34.9782,223.5,4.6748,0.005,26.25,21.89,0,1.47
2010,10,2249,17.35,-20.83,0.62,0.32,22,,2278,3.3837,34.9676,229.8,4.6763,0.007,28.59,21.54,0,1.46
2010,10,2249,17.35,-20.83,0.62,0.32,22,,2278,3.3837,34.9676,229.8,4.6763,0.007,28.79,21.57,0,1.47
2010,10,2499,17.35,-20.83,1.01,0.3,47,,2533,3.0988,34.9516,234,4.6765,0.005,32.11,21.36,0,1.45
2010,10,2499,17.35,-20.83,1.01,0.3,47,,2533,3.0988,34.9516,234,4.6765,0.005,31.91,21.35,0,1.46
2010,10,2698,17.35,-20.83,0.99,0.3,73,,2736,2.9488,34.9433,235.2,4.6778,0.005,34.25,21.35,0,1.47
2010,10,2698,17.35,-20.83,0.99,0.3,73,,2736,2.9488,34.9433,235.2,4.6778,0.005,34.06,21.35,0,1.46
2010,10,2999,17.35,-20.83,1.05,0.32,26,,3043,2.7259,34.9272,236.6,4.6777,0.005,37.96,21.53,0,1.46
2010,10,2999,17.35,-20.83,1.05,0.32,26,,3043,2.7259,34.9272,236.6,4.6777,0.005,37.96,21.51,0,1.46
2010,10,3278,17.35,-20.83,,0.39,,,3328,2.5581,34.9123,231.1,4.6776,0.006,43.33,22.17,0,1.51
2010,10,3278,17.35,-20.83,,0.39,,,3328,2.5581,34.9123,231.1,4.6776,0.006,43.72,22.11,0,1.51
2010,10,3321,17.35,-20.83,,0.45,25,,3372,2.5243,34.9084,224.9,4.674,0.007,46.06,22.6,0,1.53
2010,10,3321,17.35,-20.83,,0.45,25,,3372,2.5243,34.9084,224.9,4.674,0.007,45.48,22.53,0.01,1.53
2010,11,30,17.35,-22.78,0.8,0.06,21,,30,27.1003,36.2209,202,4.59345,0.0355,0.39,0.01,0,0.05
2010,11,30,17.35,-22.78,0.8,0.06,21,,30,27.1003,36.2209,202,4.59345,0.0355,0.29,0,0,0.04
2010,11,62,17.35,-22.78,0.81,0.04,17,79,62,21.086,36.6912,168.25,4.57065,0.3005,1.17,1.77,0.26,0.25
2010,11,62,17.35,-22.78,0.81,0.04,17,79,62,21.086,36.6912,168.25,4.57065,0.3005,1.27,1.82,0.27,0.26
2010,11,85,17.35,-22.78,0.74,0.18,29,,85,18.44495,36.37305,108.95,4.61775,0.1185,3.22,13.61,0.05,0.85
2010,11,85,17.35,-22.78,0.74,0.18,29,,85,18.44495,36.37305,108.95,4.61775,0.1185,3.22,13.46,0.05,0.84
2010,11,136,17.35,-22.78,0.62,0.26,41,388,137,16.20615,36.12745,98.4,4.6419,0.0155,5.07,17.81,0,1.07
2010,11,136,17.35,-22.78,0.62,0.26,41,388,137,16.20615,36.12745,98.4,4.6419,0.0155,5.17,17.76,0,1.07
2010,11,180,17.35,-22.78,0.74,0.31,48,310,181,15.06015,35.9414,91.4,4.64735,0.0025,6.14,19.55,0,1.17
2010,11,180,17.35,-22.78,0.74,0.31,48,310,181,15.06015,35.9414,91.4,4.64735,0.0025,6.05,19.5,0,1.17
2010,11,200,17.35,-22.78,0.7,0.29,56,,201,14.79055,35.9131,95.55,4.64815,0.0025,6.44,20.08,0,1.2
2010,11,200,17.35,-22.78,0.7,0.29,56,,201,14.79055,35.9131,95.55,4.64815,0.0025,6.44,20.07,0,1.2
2010,11,250,17.35,-22.78,0.89,0.46,63,160,252,13.7989,35.75225,87.85,4.64985,0.004,7.9,22.71,0,1.36
2010,11,250,17.35,-22.78,0.89,0.46,63,160,252,13.7989,35.75225,87.85,4.64985,0.004,7.7,22.64,0,1.36
2010,11,301,17.35,-22.78,0.99,0.4,72,,303,12.77645,35.59675,77.15,4.65055,0.0065,9.27,25.5,0,1.53
2010,11,301,17.35,-22.78,0.99,0.4,72,,303,12.77645,35.59675,77.15,4.65055,0.0065,9.36,25.48,0,1.52
2010,11,351,17.35,-22.78,0.74,0.47,105,52,354,12.0854,35.51385,78,4.65325,0.0055,10.44,26.87,0,1.6
2010,11,351,17.35,-22.78,0.74,0.47,105,52,354,12.0854,35.51385,78,4.65325,0.0055,10.44,26.82,0,1.61
2010,11,450,17.35,-22.78,0.71,0.35,140,26,454,10.47405,35.29465,74.65,4.65695,0.0065,13.56,29.86,0,1.81
2010,11,450,17.35,-22.78,0.71,0.35,140,26,454,10.47405,35.29465,74.65,4.65695,0.0065,13.66,29.83,0,1.81
2010,11,600,17.35,-22.78,0.69,0.61,64,,605,8.7052,35.09045,83.55,4.663,0.006,18.25,32.4,0,2.04
2010,11,600,17.35,-22.78,0.69,0.61,64,,605,8.7052,35.09045,83.55,4.663,0.006,18.34,32.19,0,2.04
2010,11,801,17.35,-22.78,1.16,0.54,,,808,7.0315,34.9365,103.55,4.6666,0.006,22.15,32.78,0,2.12
2010,11,801,17.35,-22.78,1.16,0.54,,,808,7.0315,34.9365,103.55,4.6666,0.006,22.05,32.67,0,2.12
2010,11,964,17.35,-22.78,0.95,0.37,54,,973,6.3199,34.9386,124.6,4.6691,0.006,23.13,31.03,0.01,2.04
2010,11,964,17.35,-22.78,0.95,0.37,54,,973,6.3199,34.9386,124.6,4.6691,0.006,23.23,30.67,0.01,2.03
2010,11,1098,17.35,-22.78,0.83,0.25,55,26,1109,5.8677,34.9572,144.1,4.6704,0.006,22.84,28.74,0.01,1.91
2010,11,1098,17.35,-22.78,0.83,0.25,55,26,1109,5.8677,34.9572,144.1,4.6704,0.006,22.84,28.74,0,1.92
2010,11,1248,17.35,-22.78,0.7,0.39,,50,1261,5.5163,35.0132,165.3,4.674,0.005,22.35,26.4,0,1.78
2010,11,1248,17.35,-22.78,0.7,0.39,,50,1261,5.5163,35.0132,165.3,4.674,0.005,22.35,26.41,0,1.78
2010,11,1499,17.35,-22.78,0.98,0.29,54,,1515,4.715,35.0247,192.7,4.6752,0.005,23.42,23.9,0,1.63
2010,11,1499,17.35,-22.78,0.98,0.29,54,,1515,4.715,35.0247,192.7,4.6752,0.005,23.32,23.94,0,1.62
2010,11,1748,17.35,-22.78,1.06,0.18,48,,1768,4.0418,34.9982,213.1,4.6758,0.005,24.4,22.31,0,1.52
2010,11,1748,17.35,-22.78,1.06,0.18,48,,1768,4.0418,34.9982,213.1,4.6758,0.005,24.3,22.29,0,1.52
2010,11,1998,17.35,-22.78,0.7,0.29,,,2022,3.594,34.9787,226.1,4.6775,0.006,26.45,21.46,0,1.46
2010,11,1998,17.35,-22.78,0.7,0.29,,,2022,3.594,34.9787,226.1,4.6775,0.006,26.54,21.5,0,1.47
2010,11,2248,17.35,-22.78,0.9,0.27,44,26,2277,3.2618,34.9609,233.8,4.6777,0.005,29.28,21.07,0,1.44
2010,11,2248,17.35,-22.78,0.9,0.27,44,26,2277,3.2618,34.9609,233.8,4.6777,0.005,29.28,21.04,0,1.44
2010,11,2499,17.35,-22.78,1.26,0.17,20,70,2533,3.054,34.9499,238.2,4.6789,0.005,31.62,20.94,0,1.43
2010,11,2499,17.35,-22.78,1.26,0.17,20,70,2533,3.054,34.9499,238.2,4.6789,0.005,31.72,20.92,0,1.43
2010,11,2748,17.35,-22.78,,0.3,23,80,2787,2.8719,34.938,240,4.6789,0.004,34.45,20.93,0,1.43
2010,11,2748,17.35,-22.78,,0.3,23,80,2787,2.8719,34.938,240,4.6789,0.004,34.35,20.95,0,1.43
2010,11,2998,17.35,-22.78,,0.35,29,,3042,2.7265,34.9284,241.3,4.6797,0.005,37.28,21.06,0,1.44
2010,11,2998,17.35,-22.78,,0.35,29,,3042,2.7265,34.9284,241.3,4.6797,0.005,36.99,21.07,0,1.43
2010,11,3198,17.35,-22.78,,0.34,22,,3246,2.6168,34.9193,240.1,4.6778,0.005,40.4,21.29,0,1.45
2010,11,3198,17.35,-22.78,,0.34,22,,3246,2.6168,34.9193,240.1,4.6778,0.005,39.91,21.28,0,1.44
2010,11,3298,17.35,-22.78,,0.24,,105,3349,2.5616,34.9137,238.2,4.6759,0.005,41.87,21.57,0,1.46
2010,11,3298,17.35,-22.78,,0.24,,105,3349,2.5616,34.9137,238.2,4.6759,0.005,41.57,21.56,0,1.46
2010,12,38,17.4,-24.5,0.2,0.04,40,104,38,26.64765,36.92185,203.75,4.593,0.0615,0.39,0,0,0.02
2010,12,38,17.4,-24.5,0.2,0.04,40,104,38,26.64765,36.92185,203.75,4.593,0.0615,0.29,0,0,0.02
2010,12,48,17.4,-24.5,0.47,0.09,37,,48,24.392,36.896,215.15,4.5854,0.076,0.49,0,0,0.07
2010,12,48,17.4,-24.5,0.47,0.09,37,,48,24.392,36.896,215.15,4.5854,0.076,0.39,0,0,0.07
2010,12,72,17.4,-24.5,0.8,0.07,,,72,22.4051,36.8213,181.65,4.58995,0.2285,0.88,1.74,0.2,0.22
2010,12,72,17.4,-24.5,0.8,0.07,,,72,22.4051,36.8213,181.65,4.58995,0.2285,0.78,1.71,0.2,0.22
2010,12,90,17.4,-24.5,0.9,0.1,,,90.5,20.8353,36.738,156.575,4.615175,0.12375,1.46,5.94,0.08,0.43
2010,12,90,17.4,-24.5,0.9,0.1,,,90.5,20.8353,36.738,156.575,4.615175,0.12375,1.56,6,0.08,0.43
2010,12,135,17.4,-24.5,0.73,0.17,46,,136,18.43445,36.58905,147.1,4.6388,0.0395,2.34,9.28,0.02,0.56
2010,12,135,17.4,-24.5,0.73,0.17,46,,136,18.43445,36.58905,147.1,4.6388,0.0395,2.34,9.23,0.02,0.57
2010,12,185,17.4,-24.5,0.59,,,,186,16.2494,36.1759,114.45,4.6467,0.004,-999,-999,-999,-999
2010,12,185,17.4,-24.5,0.59,,,,186,16.2494,36.1759,114.45,4.6467,0.004,4.97,16.73,0,1
2010,12,235,17.4,-24.5,0.99,0.26,60,,237,14.68305,35.892,96.3,4.6495,0.005,6.83,21.42,0,1.29
2010,12,235,17.4,-24.5,0.99,0.26,60,,237,14.68305,35.892,96.3,4.6495,0.005,6.83,21.35,0,1.29
2010,12,286,17.4,-24.5,1.33,0.33,116,,288,13.4152,35.67935,81,4.6503,0.006,8.88,25.2,0,1.51
2010,12,286,17.4,-24.5,1.33,0.33,116,,288,13.4152,35.67935,81,4.6503,0.006,9.07,25.18,0,1.51
2010,12,351,17.4,-24.5,0.78,0.45,,,354,12.10045,35.4885,71,4.6516,0.007,10.93,27.94,0,1.68
2010,12,351,17.4,-24.5,0.78,0.45,,,354,12.10045,35.4885,71,4.6516,0.007,10.83,27.89,0,1.68
2010,12,451,17.4,-24.5,0.61,0.39,128,,455,10.7935,35.3206,71.2,4.656,0.007,13.46,30.49,0,1.85
2010,12,451,17.4,-24.5,0.61,0.39,128,,455,10.7935,35.3206,71.2,4.656,0.007,13.46,30.3,0,1.84
2010,12,601,17.4,-24.5,0.6,0.27,110,,606,8.6514,35.05245,83.9,4.6629,0.0065,17.76,32.4,0,2.04
2010,12,601,17.4,-24.5,0.6,0.27,110,,606,8.6514,35.05245,83.9,4.6629,0.0065,17.76,32.38,0,2.05
2010,12,801,17.4,-24.5,0.98,0.31,,82,808,6.98895,34.9286,99.5,4.66655,0.007,22.25,33.39,0,2.17
2010,12,801,17.4,-24.5,0.98,0.31,,82,808,6.98895,34.9286,99.5,4.66655,0.007,22.35,33.31,0,2.17
2010,12,964,17.4,-24.5,0.51,0.1,75,,973,6.1959,34.9362,126,4.6691,0.006,23.42,31.69,0.01,2.08
2010,12,964,17.4,-24.5,0.51,0.1,75,,973,6.1959,34.9362,126,4.6691,0.006,23.23,31.21,0.01,2.06
2010,12,1099,17.4,-24.5,0.5,0.16,,52,1110,5.717,34.9773,150.1,4.6707,0.006,22.83,28.4,0.01,1.89
2010,12,1099,17.4,-24.5,0.5,0.16,,52,1110,5.717,34.9773,150.1,4.6707,0.006,22.64,28.42,0.01,1.9
2010,12,1257,17.4,-24.5,0.58,0.16,,,1270,5.2749,35.0176,172.7,4.6735,0.005,22.15,25.95,0.01,1.75
2010,12,1257,17.4,-24.5,0.58,0.16,,,1270,5.2749,35.0176,172.7,4.6735,0.005,22.25,25.98,0,1.75
2010,12,1499,17.4,-24.5,0.68,0.05,45,53,1515,4.432,35.0005,199.6,4.6745,0.005,23.13,23.76,0,1.62
2010,12,1499,17.4,-24.5,0.68,0.05,45,53,1515,4.432,35.0005,199.6,4.6745,0.005,23.22,23.82,0,1.62
2010,12,1749,17.4,-24.5,0.79,0.17,38,,1769,3.9301,34.9879,218,4.6763,0.005,24.01,22.28,0.01,1.52
2010,12,1749,17.4,-24.5,0.79,0.17,38,,1769,3.9301,34.9879,218,4.6763,0.005,23.91,22.35,0,1.52
2010,12,1999,17.4,-24.5,0.53,0.15,52,56,2023,3.5591,34.9719,229.1,4.6762,0.005,25.66,21.57,0,1.48
2010,12,1999,17.4,-24.5,0.53,0.15,52,56,2023,3.5591,34.9719,229.1,4.6762,0.005,25.47,21.58,0.01,1.47
2010,12,2248,17.4,-24.5,0.63,0.13,25,27,2277,3.3002,34.9617,234.8,4.6774,0.005,27.62,21.18,0,1.44
2010,12,2248,17.4,-24.5,0.63,0.13,25,27,2277,3.3002,34.9617,234.8,4.6774,0.005,28.1,21.22,0,1.46
2010,12,2499,17.4,-24.5,0.57,0.09,21,,2533,3.0821,34.9516,237.3,4.6789,0.005,30.94,21.16,0,1.45
2010,12,2499,17.4,-24.5,0.57,0.09,21,,2533,3.0821,34.9516,237.3,4.6789,0.005,30.94,21.14,0.01,1.45
2010,12,2749,17.4,-24.5,0.55,0.07,,,2788,2.9029,34.9402,240.2,4.6799,0.005,33.28,21.08,0,1.45
2010,12,2749,17.4,-24.5,0.55,0.07,,,2788,2.9029,34.9402,240.2,4.6799,0.005,33.28,21.05,0,1.44
2010,12,2998,17.4,-24.5,0.92,0.07,27,,3042,2.7452,34.9296,241.2,4.6801,0.005,35.81,21.13,0,1.44
2010,12,2998,17.4,-24.5,0.92,0.07,27,,3042,2.7452,34.9296,241.2,4.6801,0.005,35.91,21.1,0,1.44
2010,12,3198,17.4,-24.5,,0.17,33,,3246,2.6232,34.9201,240.6,4.6799,0.005,39.23,21.43,0,1.46
2010,12,3198,17.4,-24.5,,0.17,33,,3246,2.6232,34.9201,240.6,4.6799,0.005,38.74,21.37,0,1.46
2010,12,3498,17.4,-24.5,,0.21,84,,3553,2.5534,34.9124,238.3,4.6783,0.005,41.87,21.76,0,1.47
2010,12,3498,17.4,-24.5,,0.21,84,,3553,2.5534,34.9124,238.3,4.6783,0.005,41.77,21.76,0,1.47
2011,1,30,39.7,-69.8,0.54,0.13,,0,30,19.40015,35.0914,223.8,4.5716,0.4135,0.68,0.69,0.1,0.06
2011,1,30,39.7,-69.8,0.54,0.13,,0,30,19.40015,35.0914,223.8,4.5716,0.4135,0.88,0.58,0.1,0.07
2011,1,135,39.7,-69.8,0.78,0.4,,131,136,14.04715,35.80035,145.8,4.69445,0.0075,6.54,16.03,0,1.01
2011,1,135,39.7,-69.8,0.78,0.4,,131,136,14.04715,35.80035,145.8,4.69445,0.0075,6.54,15.99,0,1
2011,1,600,39.7,-69.8,0.95,0.41,,84,605,5.4183,35.022,229.7,4.7189,0.005,12.12,19.15,0,2.14
2011,1,600,39.7,-69.8,0.95,0.41,,84,605,5.4183,35.022,229.7,4.7189,0.005,12.02,19.12,0,1.72
2011,1,1800,39.7,-69.8,0.66,0.36,51,,1821,3.7905,34.9485,266.1,4.7228,0.005,12.9,17.37,0,1.12
2011,1,1800,39.7,-69.8,0.66,0.36,51,,1821,3.7905,34.9485,266.1,4.7228,0.005,12.61,17.37,0,1.12
2011,1,2050,39.7,-69.8,0.72,0.37,37,,2075,3.575,34.9425,267.1,4.7143,0.005,13.97,17.35,0,1.13
2011,1,2050,39.7,-69.8,0.72,0.37,37,,2075,3.575,34.9425,267.1,4.7143,0.005,13.68,17.44,0.01,1.14
2011,2,35,39.35,-69.54,0.99,0.34,0,23,35,19.88165,35.22595,222.75,4.583,0.322,0.98,0.26,0.06,0.04
2011,2,35,39.35,-69.54,0.99,0.34,0,23,35,19.88165,35.22595,222.75,4.583,0.322,0.98,0.32,0.06,0.03
2011,2,70,39.35,-69.54,1.19,0.52,0,58,70,17.559,35.8459,165.3,4.67035,0.0525,4.19,11.14,0.02,0.61
2011,2,70,39.35,-69.54,1.19,0.52,0,58,70,17.559,35.8459,165.3,4.67035,0.0525,4.19,10.9,0.02,0.61
2011,2,965,39.35,-69.54,1.06,0.5,0,0,974,4.2385,34.9691,259.9,4.7209,0.005,11.32,17.61,0,1.16
2011,2,965,39.35,-69.54,1.06,0.5,0,0,974,4.2385,34.9691,259.9,4.7209,0.005,11.32,17.6,0,1.17
2011,2,1800,39.35,-69.54,0.96,0.35,319,163,1821,3.4672,34.9449,267.1,4.7258,0.009,14.15,17.49,0,1.19
2011,2,1800,39.35,-69.54,0.96,0.35,319,163,1821,3.4672,34.9449,267.1,4.7258,0.009,14.15,17.54,0,1.18
2011,2,2200,39.35,-69.54,1.11,0.52,268,62,2227,3.1875,34.9406,266.7,4.7268,0.005,16.59,17.56,0,1.2
2011,2,2200,39.35,-69.54,1.11,0.52,268,62,2227,3.1875,34.9406,266.7,4.7268,0.005,16.49,17.57,0,1.19
2011,3,28,38.67,-69.1,1.34,0.45,92,9,28,25.21765,36.07635,203.05,4.63445,0.1065,0.68,0,0,0.02
2011,3,28,38.67,-69.1,1.34,0.45,92,9,28,25.21765,36.07635,203.05,4.63445,0.1065,0.59,0,0,0.02
2011,3,537,38.67,-69.1,1.03,0.51,85,81,541,9.4864,35.1807,129.45,4.69965,0.006,13.76,24.97,0,1.59
2011,3,537,38.67,-69.1,1.03,0.51,85,81,541,9.4864,35.1807,129.45,4.69965,0.006,13.85,24.93,0,1.58
2011,3,1500,38.67,-69.1,0.93,0.49,236,227,1515,3.9218,34.9612,262.8,4.72,0.005,12.2,17.52,0,1.17
2011,3,1500,38.67,-69.1,0.93,0.49,236,227,1515,3.9218,34.9612,262.8,4.72,0.005,12.2,17.55,0,1.17
2011,3,2100,38.67,-69.1,1.08,0.45,277,239,2125,3.3973,34.9437,267,4.7233,0.005,15.03,17.41,0,1.18
2011,3,2100,38.67,-69.1,1.08,0.45,277,239,2125,3.3973,34.9437,267,4.7233,0.005,15.03,17.41,0,1.17
2011,3,2400,38.67,-69.1,1.1,0.49,50,112,2430,3.1408,34.9388,266.5,4.7245,0.005,17.47,17.44,0,1.19
2011,3,2400,38.67,-69.1,1.1,0.49,50,112,2430,3.1408,34.9388,266.5,4.7245,0.005,17.37,17.49,0,1.19
2011,6,90,37.61,-68.39,0.9,0.3,2,36,90,23.2796,35.8104,207.7333333,4.621733333,0.141333333,0.78,0,0.02,0
2011,6,90,37.61,-68.39,0.9,0.3,2,36,90,23.2796,35.8104,207.7333333,4.621733333,0.141333333,0.68,0.01,0.02,0
2011,6,750,37.61,-68.39,0.97,0.4,71,213,756,5.9371,35.0669,215.65,4.713,0.005,12.49,20.05,0,1.32
2011,6,750,37.61,-68.39,0.97,0.4,71,213,756,5.9371,35.0669,215.65,4.713,0.005,12.49,20.04,0,1.33
2011,6,1085,37.61,-68.39,0.89,0.32,36,0,1096,4.71695,35.016,250.15,4.71755,0.005,11.22,17.92,0,1.2
2011,6,1085,37.61,-68.39,0.89,0.32,36,0,1096,4.71695,35.016,250.15,4.71755,0.005,11.22,17.88,0,1.2
2011,6,1600,37.61,-68.39,1,0.42,50,,1618,3.8785,34.9672,262.7,4.7195,0.005,12.39,17.54,0,1.18
2011,6,1600,37.61,-68.39,1,0.42,50,,1618,3.8785,34.9672,262.7,4.7195,0.005,12.49,17.47,0,1.18
2011,6,2100,37.61,-68.39,0.98,0.47,21,347,2126,3.411,34.951,265.4,4.7204,0.005,15.13,17.55,0,1.17
2011,6,2100,37.61,-68.39,0.98,0.47,21,347,2126,3.411,34.951,265.4,4.7204,0.005,15.03,17.54,0,1.17
2011,6,2400,37.61,-68.39,1,0.47,129,483,2432,3.1797,34.9436,265.1,4.7204,0.005,17.96,17.96,0,1.21
2011,6,2400,37.61,-68.39,1,0.47,129,483,2432,3.1797,34.9436,265.1,4.7204,0.005,18.54,17.91,0,1.22
2011,8,65,35.42,-66.52,1.33,0.28,,8,65,22.826,36.34125,208.95,4.6387,0.0925,0.29,0,0,0
2011,8,65,35.42,-66.52,1.33,0.28,,8,65,22.826,36.34125,208.95,4.6387,0.0925,0.19,0.01,0,0
2011,8,185,35.42,-66.52,0.84,0.34,,24,186,18.7066,36.6039,188.25,4.6906,0.005,0.88,4.45,0,0.19
2011,8,185,35.42,-66.52,0.84,0.34,,24,186,18.7066,36.6039,188.25,4.6906,0.005,0.97,4.49,0,0.18
2011,8,1500,35.42,-66.52,0.75,0.43,,93,1516,4.2941,34.9784,256.6,4.7172,0.005,11.81,17.76,0,1.17
2011,8,1500,35.42,-66.52,0.75,0.43,,93,1516,4.2941,34.9784,256.6,4.7172,0.005,11.81,17.6,0,1.16
2011,8,1800,35.42,-66.52,0.86,0.34,,172,1821,3.9354,34.9651,262.2,4.7191,0.005,12.98,17.56,0,1.18
2011,8,1800,35.42,-66.52,0.86,0.34,,172,1821,3.9354,34.9651,262.2,4.7191,0.005,13.08,17.57,0,1.18
2011,10,40,31.75,-64.17,0.66,0.19,,,40,24.026025,36.573925,209.7,4.650525,0.04775,0.29,0,0,0.03
2011,10,40,31.75,-64.17,0.66,0.19,,,40,24.026025,36.573925,209.7,4.650525,0.04775,0.29,0,0,0.02
2011,10,84,31.75,-64.17,0.71,0.28,,,84,23.00845,36.6566,211.75,4.647925,0.10825,0.1,0,0,0.02
2011,10,84,31.75,-64.17,0.71,0.28,,,84,23.00845,36.6566,211.75,4.647925,0.10825,0,0,0,0.02
2011,10,84,31.75,-64.17,0.71,0.28,,,84,23.00845,36.6566,211.75,4.647925,0.10825,-999,-999,-999,-999
2011,10,84,31.75,-64.17,0.71,0.28,,,84,23.00845,36.6566,211.75,4.647925,0.10825,-999,-999,-999,-999
2011,10,135,31.75,-64.17,0.67,0.37,,,136,19.130975,36.630575,201.525,4.67915,0.03925,0.39,0.78,0.02,0
2011,10,135,31.75,-64.17,0.67,0.37,,,136,19.130975,36.630575,201.525,4.67915,0.03925,0.29,0.79,0.03,0
2011,10,1800,31.75,-64.17,1.21,0.48,155,,1821,3.80245,34.96555,262.8,4.7192,0.0045,12.88,17.63,0,1.19
2011,10,1800,31.75,-64.17,1.21,0.48,155,,1821,3.80245,34.96555,262.8,4.7192,0.0045,12.88,17.62,0,1.19
2011,10,2101,31.75,-64.17,0.98,0.51,,,2127,3.54485,34.96795,261.95,4.72105,0.005,15.61,17.83,0,1.21
2011,10,2101,31.75,-64.17,0.98,0.51,,,2127,3.54485,34.96795,261.95,4.72105,0.005,15.52,17.86,0,1.21
2011,11,60,30.82,-60.78,1.67,0.21,9,,60,24.6379,36.6413,207.5,4.6513,0.037,0.19,0,0,0
2011,11,60,30.82,-60.78,1.67,0.21,9,,60,24.6379,36.6413,207.5,4.6513,0.037,0.1,0,0,0
2011,11,286,30.82,-60.78,0.73,0.34,,,288,18.1369,36.5703,203.4,4.6927,0.003,0.68,3.79,0,0.16
2011,11,286,30.82,-60.78,0.73,0.34,,,288,18.1369,36.5703,203.4,4.6927,0.003,0.68,3.78,0,0.15
2011,12,351,29.7,-56.82,,,,,354,17.44886667,36.46053333,201.2333333,4.691666667,0.003,1.36,5.39,0,0.26
2011,12,351,29.7,-56.82,,,,,354,17.44886667,36.46053333,201.2333333,4.691666667,0.003,1.36,5.38,0,0.26
2011,12,421,29.7,-56.82,1.06,0.44,0,34,424,16.86,36.3554,199.6,4.6916,0.003,1.66,6.33,0,0.33
2011,12,421,29.7,-56.82,1.06,0.44,0,34,424,16.86,36.3554,199.6,4.6916,0.003,1.66,6.32,0,0.33
2011,13,100,28.64,-53.22,0.56,0.14,,,101,20.4972,36.8096,219.7,4.6607,0.11,0.29,0,0.05,0
2011,13,100,28.64,-53.22,0.56,0.14,,,101,20.4972,36.8096,219.7,4.6607,0.11,0.19,0,0.06,0
2011,13,135,28.64,-53.22,0.55,0.16,,,136,19.5961,36.7332,201.2,4.6738,0.061,0.29,0.88,0,0
2011,13,135,28.64,-53.22,0.55,0.16,,,136,19.5961,36.7332,201.2,4.6738,0.061,0.29,0.87,0.01,0
2011,13,185,28.64,-53.22,0.66,,,,186,18.5523,36.6041,195.3,4.6862,0.016,0.78,3.26,0,0.1
2011,13,185,28.64,-53.22,0.66,,,,186,18.5523,36.6041,195.3,4.6862,0.016,0.68,3.25,0,0.1
2011,13,350,28.64,-53.22,0.64,0.25,,43,352,17.1665,36.4135,201.5,4.6934,0.004,1.36,5.46,0,0.25
2011,13,350,28.64,-53.22,0.64,0.25,,43,352,17.1665,36.4135,201.5,4.6934,0.004,1.27,5.44,0,0.25
2011,13,850,28.64,-53.22,1.14,,,,857,8.8138,35.2298,152.1,4.7091,0.005,13.95,23.83,0,1.52
2011,13,850,28.64,-53.22,1.14,,,,857,8.8138,35.2298,152.1,4.7091,0.005,13.95,23.73,0,1.53
2011,13,1000,28.64,-53.22,1.11,,,,1009,7.0404,35.1097,170.1,4.7131,0.005,15.9,23.73,0,1.56
2011,13,1000,28.64,-53.22,1.11,,,,1009,7.0404,35.1097,170.1,4.7131,0.005,15.9,23.78,0,1.56
2011,14,70,27.58,-49.63,0.58,0.11,,0,70,23.19285,37.00495,230,4.6471,0.059,0.1,0,0,0
2011,14,70,27.58,-49.63,0.58,0.11,,0,70,23.19285,37.00495,230,4.6471,0.059,0,0,0,0
2011,14,185,27.58,-49.63,0.56,0.28,,,186,18.67295,36.6336,190.55,4.6879,0.0105,0.58,3.03,0,0.1
2011,14,185,27.58,-49.63,0.56,0.28,,,186,18.67295,36.6336,190.55,4.6879,0.0105,0.58,2.95,0,0.09
2011,14,235,27.58,-49.63,0.54,0.24,,155,237,18.02405,36.55315,191.5,4.6905,0.0035,0.97,4.54,0,0.19
2011,14,235,27.58,-49.63,0.54,0.24,,155,237,18.02405,36.55315,191.5,4.6905,0.0035,0.88,4.54,0,0.2
2011,14,430,27.58,-49.63,0.65,0.3,,28,433,16.04955,36.20605,187.6,4.69635,0.0035,2.34,8.31,0,0.47
2011,14,430,27.58,-49.63,0.65,0.3,,28,433,16.04955,36.20605,187.6,4.69635,0.0035,2.24,8.24,0,0.46
2011,15,50,26.86,-47.23,0.62,0.28,5,156,50,25.2672,37.0772,205.2,4.6423,0.042,0.29,0,0,0
2011,15,50,26.86,-47.23,0.62,0.28,5,156,50,25.2672,37.0772,205.2,4.6423,0.042,0.19,0,0,0
2011,15,136,26.86,-47.23,0.62,0.18,0,176,137,20.3513,36.8289,215.3,4.6779,0.045,0.1,0.33,0.01,0
2011,15,136,26.86,-47.23,0.62,0.18,0,176,137,20.3513,36.8289,215.3,4.6779,0.045,0,0.32,0.01,0
2011,15,421,26.86,-47.23,0.71,0.3,,230,424,16.5467,36.295,191.4,4.6957,0.004,1.75,7.42,0,0.38
2011,15,421,26.86,-47.23,0.71,0.3,,230,424,16.5467,36.295,191.4,4.6957,0.004,1.75,7.4,0,0.38
2011,16,56,26.14,-44.83,0.87,0.13,45,3,56,25.14183333,37.3953,205.9,4.641166667,0.039,0.19,0,0,0
2011,16,56,26.14,-44.83,0.87,0.13,45,3,56,25.14183333,37.3953,205.9,4.641166667,0.039,0.29,0,0,0
2011,16,92,26.14,-44.83,0.63,0.15,152,1,92,22.6021,37.17386667,221.0333333,4.6573,0.090333333,0.19,0,0.01,0
2011,16,92,26.14,-44.83,0.63,0.15,152,1,92,22.6021,37.17386667,221.0333333,4.6573,0.090333333,0.1,0.01,0.01,0
2011,16,108,26.14,-44.83,0.58,0.13,167,7,109,21.7219,37.07426667,215.4333333,4.6615,0.092666667,0.19,0.17,0.05,0
2011,16,108,26.14,-44.83,0.58,0.13,167,7,109,21.7219,37.07426667,215.4333333,4.6615,0.092666667,0.29,0.16,0.05,0
2011,16,235,26.14,-44.83,0.84,0.38,119,8,237,18.02583333,36.56736667,189.6,4.6905,0.004333333,1.07,5.07,0,0.22
2011,16,235,26.14,-44.83,0.84,0.38,119,8,237,18.02583333,36.56736667,189.6,4.6905,0.004333333,1.07,5.09,0,0.23
2011,16,285,26.14,-44.83,0.86,0.37,224,8,287,17.3809,36.45276667,192.8333333,4.6923,0.003666667,1.17,5.56,0,0.27
2011,16,285,26.14,-44.83,0.86,0.37,224,8,287,17.3809,36.45276667,192.8333333,4.6923,0.003666667,1.36,5.58,0,0.27
2011,16,338,26.14,-44.83,0.86,0.47,335,4,340,16.74596667,36.3378,196.3666667,4.6945,0.003333333,1.56,6.61,0,0.34
2011,16,338,26.14,-44.83,0.86,0.47,335,4,340,16.74596667,36.3378,196.3666667,4.6945,0.003333333,1.75,6.59,0,0.34
2011,16,965,26.14,-44.83,1.18,0.28,155,52,974,6.89725,35.0258,151.85,4.7137,0.005,17.95,26.24,0,1.74
2011,16,965,26.14,-44.83,1.18,0.28,155,52,974,6.89725,35.0258,151.85,4.7137,0.005,17.86,26.23,0,1.74
2011,16,1500,26.14,-44.83,1.12,0.29,,84,1516,4.99965,35.09235,231.4,4.7204,0.005,14.05,18.96,0,1.29
2011,16,1500,26.14,-44.83,1.12,0.29,,84,1516,4.99965,35.09235,231.4,4.7204,0.005,14.15,18.99,0,1.29
2011,16,1650,26.14,-44.83,1.17,0.31,,103,1668,4.66825,35.0924,236.6,4.72115,0.005,15.71,18.87,0,1.29
2011,16,1650,26.14,-44.83,1.17,0.31,,103,1668,4.66825,35.0924,236.6,4.72115,0.005,15.61,18.84,0,1.29
2011,17,50,25.14,-42.52,,0.09,109,3,50,25.396,37.6314,204.2,4.6423,0.033,0.19,0,0,0
2011,17,50,25.14,-42.52,,0.09,109,3,50,25.396,37.6314,204.2,4.6423,0.033,0.19,0,0,0
2011,17,135,25.14,-42.52,,0.15,173,7,136,21.4584,37.1816,203.4,4.6756,0.059,0.1,0.22,0.05,0
2011,17,135,25.14,-42.52,,0.15,173,7,136,21.4584,37.1816,203.4,4.6756,0.059,0,0.21,0.05,0
2011,17,185,25.14,-42.52,0.6,0.21,186,13,186,19.5744,36.8543,173.4,4.6862,0.017,0.58,3.85,0,0.16
2011,17,185,25.14,-42.52,0.6,0.21,186,13,186,19.5744,36.8543,173.4,4.6862,0.017,0.58,3.82,0,0.15
2011,17,530,25.14,-42.52,0.75,0.41,,28,534,13.2617,35.791,177,4.7011,0.004,4.49,13.78,0,0.81
2011,17,530,25.14,-42.52,0.75,0.41,,28,534,13.2617,35.791,177,4.7011,0.004,4.39,13.73,0,0.81
2011,18,40,24.15,-40.22,0.71,0.11,63,3,40,25.21765,37.6324,205.45,4.64775,0.0355,0.29,0,0,0.01
2011,18,40,24.15,-40.22,0.71,0.11,63,3,40,25.21765,37.6324,205.45,4.64775,0.0355,0.19,0,0,0
2011,18,286,24.15,-40.22,1.16,0.41,,24,288,17.3065,36.4528,187.4,4.6905,0.0075,1.17,6.14,0,0.32
2011,18,286,24.15,-40.22,1.16,0.41,,24,288,17.3065,36.4528,187.4,4.6905,0.0075,1.27,6.1,0,0.31
2011,18,421,24.15,-40.22,1.2,0.36,292,12,424,14.87555,36.03465,176.8,4.69535,0.0035,3.12,11.55,0,0.67
2011,18,421,24.15,-40.22,1.2,0.36,292,12,424,14.87555,36.03465,176.8,4.69535,0.0035,3.12,11.52,0,0.68
2011,18,966,24.15,-40.22,0.92,0.1,134,102,975,7.1497,35.1402,161.4,4.7131,0.005,16.69,24.71,0,1.61
2011,18,966,24.15,-40.22,0.92,0.1,134,102,975,7.1497,35.1402,161.4,4.7131,0.005,16.69,24.68,0,1.61
2011,18,1325,24.15,-40.22,0.98,,126,89,1339,5.6949,35.1532,206.8,4.7179,0.005,16.1,21.25,0,1.41
2011,18,1325,24.15,-40.22,0.98,,126,89,1339,5.6949,35.1532,206.8,4.7179,0.005,16.2,21.28,0,1.41
2011,18,1800,24.15,-40.22,0.96,0.12,195,36,1821,4.0644,35.0349,237,4.7211,0.005,19.81,19.96,0,1.34
2011,18,1800,24.15,-40.22,0.96,0.12,195,36,1821,4.0644,35.0349,237,4.7211,0.005,19.81,19.96,0,1.34
2011,18,2550,24.15,-40.22,1.07,0.12,,35,2584,3.0441,34.9605,241.5,4.7228,0.005,30.25,20.51,0,1.41
2011,18,2550,24.15,-40.22,1.07,0.12,,35,2584,3.0441,34.9605,241.5,4.7228,0.005,30.15,20.46,0,1.4
2011,18,3000,24.15,-40.22,0.85,0.12,298,73,3044,2.7515,34.9349,241.3,4.7231,0.005,35.62,20.98,0,1.43
2011,18,3000,24.15,-40.22,0.85,0.12,298,73,3044,2.7515,34.9349,241.3,4.7231,0.005,35.52,20.97,0,1.43
2011,19,61,23.24,-38.04,0.64,0.1,,4,61,25.7312,37.4585,203,4.6552,0.034,0.19,0.04,0,0
2011,19,61,23.24,-38.04,0.64,0.1,,4,61,25.7312,37.4585,203,4.6552,0.034,0.19,0,0,0
2011,19,106,23.24,-38.04,0.46,,,4,107,23.3165,37.397,209.4,4.6593,0.099,0.1,0,0.08,0
2011,19,106,23.24,-38.04,0.46,,,4,107,23.3165,37.397,209.4,4.6593,0.099,0,0.01,0.08,0
2011,19,136,23.24,-38.04,0.44,0.1,61,4,137,22.2062,37.2795,194.9,4.6711,0.063,0.19,0.62,0.01,0.11
2011,19,136,23.24,-38.04,0.44,0.1,61,4,137,22.2062,37.2795,194.9,4.6711,0.063,0.19,0.59,0.02,0.09
2011,19,187,23.24,-38.04,0.57,0.2,96,10,188,19.9999,36.9241,176.6,4.6856,0.012,0.68,3.74,0,0.23
2011,19,187,23.24,-38.04,0.57,0.2,96,10,188,19.9999,36.9241,176.6,4.6856,0.012,0.58,3.73,0,0.22
2011,19,238,23.24,-38.04,0.65,0.12,13,2,240,18.4549,36.6549,173.2,4.6885,0.004,1.17,6.32,0,0.39
2011,19,238,23.24,-38.04,0.65,0.12,13,2,240,18.4549,36.6549,173.2,4.6885,0.004,1.27,6.33,0,0.38
2011,19,285,23.24,-38.04,0.68,0.24,142,5,287,17.4297,36.4752,177,4.6903,0.004,1.85,8.2,0,0.5
2011,19,285,23.24,-38.04,0.68,0.24,142,5,287,17.4297,36.4752,177,4.6903,0.004,1.85,8.17,0,0.49
2011,19,353,23.24,-38.04,0.74,0.36,409,12,355,16.1941,36.2489,169.3,4.6926,0.004,2.93,11.54,0,0.7
2011,19,353,23.24,-38.04,0.74,0.36,409,12,355,16.1941,36.2489,169.3,4.6926,0.004,2.93,11.35,0,0.69
2011,19,422,23.24,-38.04,0.77,0.12,364,6,425,14.9009,36.024,154.2,4.6955,0.004,3.9,13.93,0,0.85
2011,19,422,23.24,-38.04,0.77,0.12,364,6,425,14.9009,36.024,154.2,4.6955,0.004,3.9,13.92,0,0.85
2011,19,531,23.24,-38.04,0.97,0.14,212,62,535,13.3848,35.7991,152.5,4.6991,0.005,5.46,16.72,0,1.02
2011,19,531,23.24,-38.04,0.97,0.14,212,62,535,13.3848,35.7991,152.5,4.6991,0.005,5.56,16.64,0,1.02
2011,19,601,23.24,-38.04,1.1,0.26,,61,606,12.1389,35.6337,148.1,4.7021,0.005,7.12,18.67,0,1.16
2011,19,601,23.24,-38.04,1.1,0.26,,61,606,12.1389,35.6337,148.1,4.7021,0.005,7.12,18.64,0,1.15
2011,19,852,23.24,-38.04,1.04,,216,15,860,8.1463,35.1877,149.4,4.7106,0.005,15.61,25.09,0,1.64
2011,19,852,23.24,-38.04,1.04,,216,15,860,8.1463,35.1877,149.4,4.7106,0.005,15.61,25.01,0,1.64
2011,19,1002,23.24,-38.04,0.96,0.07,,35,1011,6.6934,35.0634,159.9,4.7136,0.005,18.44,25.86,0,1.73
2011,19,1002,23.24,-38.04,0.96,0.07,,35,1011,6.6934,35.0634,159.9,4.7136,0.005,18.34,25.88,0,1.74
2011,20,700,22.33,-35.87,1.11,0.52,131,92,706,9.7916,35.34905,135,4.70695,0.005,11.8,23.8,0,1.48
2011,20,700,22.33,-35.87,1.11,0.52,131,92,706,9.7916,35.34905,135,4.70695,0.005,12.1,23.84,0,1.48
2011,20,810,22.33,-35.87,1.12,,141,89,817,8.1008,35.15605,135.85,4.70955,0.005,16,26.38,0,1.69
2011,20,810,22.33,-35.87,1.12,,141,89,817,8.1008,35.15605,135.85,4.70955,0.005,15.9,26.38,0,1.69
2011,20,926,22.33,-35.87,1,0.09,135,72,934.3333333,7.021666667,35.05993333,145.5,4.711866667,0.005,18.64,27.21,0,1.79
2011,20,926,22.33,-35.87,1,0.09,135,72,934.3333333,7.021666667,35.05993333,145.5,4.711866667,0.005,18.64,27.19,0,1.78
2011,20,1061,22.33,-35.87,0.87,0.08,29,34,1071,6.0934,35.0137,163.95,4.71455,0.005,19.32,26.05,0,1.73
2011,20,1061,22.33,-35.87,0.87,0.08,29,34,1071,6.0934,35.0137,163.95,4.71455,0.005,19.22,26.07,0,1.73
2011,20,1500,22.33,-35.87,,0.06,,24,1516,4.7121,35.04225,215.2,4.7192,0.005,18.35,21.62,0,1.45
2011,20,1500,22.33,-35.87,,0.06,,24,1516,4.7121,35.04225,215.2,4.7192,0.005,18.25,21.63,0,1.45
2011,20,1750,22.33,-35.87,0.84,0.08,30,,1770,4.2175,35.0323,226.5,4.72035,0.005,20.2,20.9,0,1.41
2011,20,1750,22.33,-35.87,0.84,0.08,30,,1770,4.2175,35.0323,226.5,4.72035,0.005,20.2,20.91,0,1.41
2011,21,100,20.88,-32.62,0.5,0.14,78,19,101,23.2701,37.0688,205.4,4.6266,0.208,0.19,0.67,0.1,0.07
2011,21,100,20.88,-32.62,0.5,0.14,78,19,101,23.2701,37.0688,205.4,4.6266,0.208,0.19,0.65,0.1,0.07
2011,21,286,20.88,-32.62,0.92,0.24,406,7,288,15.2679,36.0806,144.5,4.6886,0.006,3.51,13.72,0,0.8
2011,21,286,20.88,-32.62,0.92,0.24,406,7,288,15.2679,36.0806,144.5,4.6886,0.006,3.61,13.74,0,0.81
2011,22,51,19.43,-29.38,0.42,0.1,111,4,51,24.8187,37.1725,206.2,4.64925,0.045,0.1,0,0,0
2011,22,51,19.43,-29.38,0.42,0.1,111,4,51,24.8187,37.1725,206.2,4.64925,0.045,0,0,0,0
2011,22,95,19.43,-29.38,0.35,0.09,,3,95.66666667,22.3062,37.02836667,203.2333333,4.6525,0.147,0.19,0.12,0.08,0.02
2011,22,95,19.43,-29.38,0.35,0.09,,3,95.66666667,22.3062,37.02836667,203.2333333,4.6525,0.147,0.19,0.15,0.07,0.02
2011,22,125,19.43,-29.38,0.53,0.2,,16,126,19.87755,36.71425,156.7,4.67495,0.0425,1.07,6.13,0.02,0.38
2011,22,125,19.43,-29.38,0.53,0.2,,16,126,19.87755,36.71425,156.7,4.67495,0.0425,1.07,5.92,0.02,0.37
2011,22,186,19.43,-29.38,0.73,0.22,19,41,187,16.50795,36.1741,110.7,4.685,0.0085,3.7,14.74,0,0.86
2011,22,186,19.43,-29.38,0.73,0.22,19,41,187,16.50795,36.1741,110.7,4.685,0.0085,3.7,14.78,0,0.86
2011,22,236,19.43,-29.38,0.86,0.18,1,56,238,15.3804,36.058,114.45,4.6874,0.0055,4.29,15.73,0,0.93
2011,22,236,19.43,-29.38,0.86,0.18,1,56,238,15.3804,36.058,114.45,4.6874,0.0055,4.39,15.72,0,0.93
2011,22,665,19.43,-29.38,1.26,0.32,,114,671,8.72355,35.18685,112.05,4.7061,0.006,15.51,27.89,0,1.79
2011,22,665,19.43,-29.38,1.26,0.32,,114,671,8.72355,35.18685,112.05,4.7061,0.006,15.42,27.89,0,1.8
2011,22,1200,19.43,-29.38,1.09,,,,1212,5.57015,35.0273,171.85,4.7155,0.006,20.2,25.49,0,1.74
2011,22,1200,19.43,-29.38,1.09,,,,1212,5.57015,35.0273,171.85,4.7155,0.006,20.3,25.55,0,1.75
2011,23,128,18.39,-26.77,0.84,0.14,217,10,129,19.3563,36.6942,169.9,4.6808,0.03,0.97,6.33,0.01,0.37
2011,23,128,18.39,-26.77,0.84,0.14,217,10,129,19.3563,36.6942,169.9,4.6808,0.03,1.07,6.25,0.02,0.37
2011,23,282,18.39,-26.77,1.08,0.24,137,145,284,13.6918,35.6869,85.1,4.6874,0.007,7.22,23.42,0,1.4
2011,23,282,18.39,-26.77,1.08,0.24,137,145,284,13.6918,35.6869,85.1,4.6874,0.007,7.22,23.38,0,1.39
2011,23,401,18.39,-26.77,1.37,0.33,103,155,404,12.4337,35.5924,91.7,4.6942,0.007,8.39,24.1,0,1.43
2011,23,401,18.39,-26.77,1.37,0.33,103,155,404,12.4337,35.5924,91.7,4.6942,0.007,8.39,24.02,0,1.43
2011,23,474,18.39,-26.77,1.55,0.67,,99,478,11.2413,35.4254,84.7,4.6982,0.007,10.73,27.26,0,1.64
2011,23,474,18.39,-26.77,1.55,0.67,,99,478,11.2413,35.4254,84.7,4.6982,0.007,10.73,27.22,0,1.63
2011,24,40,17.4,-24.5,0.47,,178,13,40,24.7018,36.82375,207.1,4.6316,0.048,0,0.01,0,0
2011,24,40,17.4,-24.5,0.47,,178,13,40,24.7018,36.82375,207.1,4.6316,0.048,0,0,0,0
2011,24,71,17.4,-24.5,0.58,0.06,0,140,71,21.62265,36.6588,201.3,4.61325,0.2235,0.49,0.71,0.11,0.13
2011,24,71,17.4,-24.5,0.58,0.06,0,140,71,21.62265,36.6588,201.3,4.61325,0.2235,0.49,0.65,0.11,0.13
2011,24,286,17.4,-24.5,1.29,0.43,54,58,288,12.5515,35.49435,70.65,4.6848,0.004,8.97,26.42,0,1.6
2011,24,286,17.4,-24.5,1.29,0.43,54,58,288,12.5515,35.49435,70.65,4.6848,0.004,9.07,26.41,0,1.6
2011,24,451,17.4,-24.5,1.38,0.25,110,191,454.5,10.557425,35.26955,61.875,4.6912,0.0085,12.59,30.75,0,1.86
2011,24,451,17.4,-24.5,1.38,0.25,110,191,454.5,10.557425,35.26955,61.875,4.6912,0.0085,12.78,30.82,0,1.87
2011,24,801,17.4,-24.5,1.29,,183,76,808,7.1641,34.92195,101.2,4.7064,0.007,20.88,32.49,0,2.11
2011,24,801,17.4,-24.5,1.29,,183,76,808,7.1641,34.92195,101.2,4.7064,0.007,20.79,32.42,0,2.11
2011,24,1099,17.4,-24.5,1.01,0.11,220,60,1110,5.9015,34.96035,141.85,4.7099,0.007,22.25,28.79,0,1.92
2011,24,1099,17.4,-24.5,1.01,0.11,220,60,1110,5.9015,34.96035,141.85,4.7099,0.007,22.05,28.85,0,1.93
