,Hg0_pM,HgT_pM,DMHg_pM,MMHg_pM,PRES,TEMP,PSAL,DOXY,NITRAT,NITRIT,SILCAT,PHSPHT
0,0.0,0.49,0.01,0.19,20.0,17.63,35.18333333,255.7666667,7.495,0.6,2.63,0.965
1,0.17,0.69,0.01,0.0,30.0,17.49333333,35.19333333,252.66666669999998,7.78,0.62,2.1,1.05
2,0.09,0.51,0.0,0.07,45.0,17.29333333,35.19,247.1333333,7.42,0.6,1.27,1.31
3,0.03,0.98,0.03,0.06,80.0,14.18666667,34.95666667,23.03333333,17.74,3.14,21.42,2.635
4,0.07,0.44,0.1,0.09,236.0,12.23,34.87,6.266666667000001,14.785,8.955,31.28,2.54
5,0.12,1.14,0.22,0.05,301.0,11.39,34.81666667,6.4,23.615,5.505,30.89,2.575
6,0.29,1.1,0.105,0.045,377.0,10.03666667,34.72,6.3666666670000005,34.78,0.0,33.405,2.7675
7,0.02,0.87,0.12,0.1,553.0,7.405,34.58,9.3,43.145,0.0,48.27,3.14
8,0.03,1.29,0.08,0.08,805.0,5.48,34.535,28.55,45.62,0.0,68.72,3.26
9,0.08,0.88,0.11,0.0,1209.0,3.8,34.565,69.25,42.435,0.0,102.155,3.095
10,0.03,0.73,0.03,0.07,1614.0,2.79,34.615,90.4,40.71,0.0,129.87,2.995
11,0.14,0.74,0.04,0.02,20.0,14.29,34.95,46.4,14.03,1.31,10.975,2.145
12,0.04,1.89,0.0,0.04,38.0,13.77,34.93,16.9,17.505,0.69,16.1,2.44
13,0.31,2.05,0.0,0.05,55.0,13.22,34.93,7.0,20.875,0.36,21.81,2.605
14,0.34,1.29,0.09,0.07,70.0,13.09,34.93,6.6,17.33,5.005,30.11,2.505
15,0.27,0.95,0.18,0.0,90.0,13.0,34.93,6.1,17.075,5.61,33.13,2.49
16,0.28,1.62,0.08,0.03,110.0,12.88,34.92,5.9,1.08,4.91,47.82,2.54
17,0.13,0.81,0.14,0.05,20.0,14.54,34.96,29.8,19.08,1.145,19.37,2.565
18,0.08,1.49,0.05,0.06,30.0,13.72,34.9,12.3,14.935,3.085,23.765,2.605
19,0.18,1.01,0.16,0.03,50.0,13.63,34.96,6.8,6.15,9.295,33.375,2.51
20,0.27,1.1,0.17,0.1,90.0,13.11,34.93,6.1,11.635,8.82,31.18,2.53
21,0.13,0.94,0.07,0.03,131.0,12.88,34.92,5.9,11.74,9.45,31.81,2.55
22,0.09,0.64,0.01,0.08,20.0,15.56,34.97,185.0,12.425,0.555,4.245,1.82
23,0.07,0.73,0.01,0.0,110.0,13.21,34.93,6.7,8.595,10.57,32.06,2.525
24,0.2,1.23,0.1,,141.0,12.87,34.91,6.5,13.365,8.71,30.55,2.52
25,0.17,1.14,0.06,0.0,301.0,10.73,34.77,6.1,27.17,3.715,33.915,2.675
26,0.19,0.47,,0.08,20.0,17.105,35.01,252.15,11.555,0.455,4.88,1.365
27,0.145,2.5,0.07,0.09,75.0,13.83,34.96,8.8,4.23,9.555,32.01,2.455
28,0.05,0.78,0.03,0.11,151.0,12.94,34.92,6.5,-488.84,-497.565,-485.545,-498.305
29,0.06,0.74,0.03,0.08,201.0,12.285,34.87,6.2,18.84,6.355,29.96,2.45
30,0.19,1.01,0.18,0.29,382.0,9.46,34.685,6.25,33.18,1.385,36.02,2.725
31,0.055,1.07,0.1,0.115,503.0,7.79,34.595,7.55,41.775,0.0,46.56,3.055
32,0.17,0.77,,0.05,604.0,6.83,34.57,8.9,44.165,0.0,56.57,3.175
33,0.09,0.9,0.12,0.11,1007.0,4.33,34.55,56.3,43.25,0.0,90.295,3.17
34,0.07,3.0,0.09,0.13,1209.0,3.54,34.57,71.5,41.63,0.03,108.305,3.1
35,0.19,0.83,0.02,0.1,1614.0,2.6,34.62,94.2,40.21,0.0,136.705,3.015
36,0.22,0.45,0.06,0.18,1817.0,2.4,34.63,98.5,39.58,0.0,141.68,2.975
39,0.02,0.21,0.0,0.19,20.0,18.15,35.13,252.7,14.69,0.52,4.05,1.325
40,0.1,0.22,0.0,0.02,50.0,17.21,35.22,241.7,9.29,0.605,3.95,1.255
41,0.19,0.4,0.01,0.18,95.0,14.13,34.93,11.7,22.25,0.56,18.3,2.49
42,0.03,0.55,0.07,0.0,151.0,12.71,34.89,5.8,18.845,3.875,28.01,2.535
43,0.02,0.27,0.0,0.06,20.0,18.91666667,35.28666667,247.3,14.28,0.42,4.73,1.015
44,0.01,0.33,0.0,0.03,40.0,18.83,35.28666667,246.2333333,14.29,0.425,4.73,1.005
45,0.04,0.39,0.0,0.04,60.0,18.06333333,35.28333333,238.2333333,14.34,0.42,4.68,1.0
46,0.05,0.28,0.0,0.03,80.0,16.86,35.15333333,182.6333333,17.705,0.865,7.075,1.59
47,0.25,0.63,0.01,0.06,110.0,13.66666667,34.93,8.633333333,18.505,3.145,25.03,2.49
48,0.29,0.9,0.06,0.13,151.0,12.91666667,34.92,7.0,21.135,3.64,27.72,2.475
49,0.1,0.76,0.05,0.22,301.0,10.87,34.78333333,6.333333333,22.67,7.0,33.33,2.635
50,0.05,0.79,0.16,0.04,352.0,10.08333333,34.72666667,6.2,32.23,1.355,34.26,2.72
51,0.04,0.695,0.105,0.17,402.0,9.336666667000001,34.68333333,6.333333333,37.1,0.0,37.555,2.8225
52,0.02,0.75,0.05,0.09,452.0,8.583333332999999,34.63333333,6.7,39.94,0.0,40.9,2.935
53,0.03,0.84,0.11,0.17,503.0,7.94,34.59666667,9.733333333,41.435,0.0,42.51,2.94
54,0.02,0.63,0.09,0.19,629.0,6.7,34.55,16.9,44.29,0.0,52.075,3.115
55,0.05,0.7,0.14,0.03,755.0,5.806666667000001,34.53,23.16666667,45.705,0.0,63.21,3.21
56,0.02,0.71,0.15,0.09,1007.0,4.433333333,34.53666667,59.8,43.515,0.0,84.975,3.12
57,0.03,0.71,0.13,0.03,1513.0,2.9933333330000003,34.59333333,85.66666667,41.105,0.0,123.92,3.015
58,0.02,0.75,0.02,0.03,1766.0,2.58,34.62,103.35,39.96,0.0,134.995,2.925
66,0.01,0.52,0.0,0.07,20.0,18.94,35.39,247.7,12.26,0.39,4.39,1.09
67,0.01,0.36,0.0,0.06,50.0,18.04,35.3,243.9,12.485,0.51,4.2,1.215
68,0.03,1.1,0.16,0.16,327.0,10.28,34.75,7.1,34.285,0.0,33.28,2.665
69,0.0,0.57,0.0,0.08,20.0,19.05666667,35.35666667,245.93333330000002,13.9,0.45,5.415,1.15
70,0.02,0.52,0.0,0.05,60.0,18.05666667,35.32,240.06666669999998,13.26,0.52,4.44,1.245
71,0.01,0.81,0.0,0.04,100.0,15.52,34.98,142.43333330000002,23.31,0.06,15.665,2.365
72,0.04,0.76,0.02,0.06,120.0,13.87,34.86333333,20.76666667,15.985,2.11,24.25,2.62
73,0.04,1.1,0.41,0.07,156.0,12.88666667,34.88,7.2,13.385,5.075,28.59,2.61
74,0.06,1.14,0.08,0.11,176.0,12.6,34.87333333,6.8,14.965,5.08,29.52,2.605
75,0.04,1.33,0.03,0.07,251.0,11.39,34.81,6.3,28.65,0.655,28.89,2.585
76,0.06,1.37,0.07,0.03,301.0,10.6,34.76,6.433333332999999,32.345,0.015,30.79,2.64
77,0.02,1.26,0.11,0.07,452.0,8.335,34.62,11.4,39.93,0.015,39.095,2.89
78,0.04,1.45,0.07,0.2,503.0,7.785,34.595,14.8,41.725,0.0,42.56,2.98
79,0.04,1.44,0.08,0.07,629.0,6.455,34.535,25.9,44.39,0.0,52.91,3.125
80,0.04,1.2,0.32,0.13,755.0,5.575,34.515,44.7,44.115,0.0,61.06,3.1
81,0.01,1.26,0.07,0.11,1007.0,4.39,34.53,64.85,43.255,0.0,83.66,3.13
82,0.03,1.13,0.08,0.11,1260.0,3.59,34.56,81.5,41.835,0.0,103.81,3.07
83,0.02,1.22,0.05,0.02,1512.666667,2.996666667,34.59,95.26666667,40.725,0.0,119.625,3.015
91,0.02,0.72,0.03,0.09,251.0,11.14,34.79,8.3,31.525,0.0,29.08,2.57
92,0.0,1.21,0.3,0.21,402.0,8.98,34.66,14.6,38.2,0.0,36.21,2.725
93,0.0,0.14,0.0,0.06,40.0,20.94333333,35.47333333,238.9666667,9.405,0.34,3.27,0.86
94,0.0,0.13,0.0,0.03,75.0,19.98333333,35.55,233.4,6.6,0.41,2.585,0.8
95,0.0,0.15,0.0,0.04,110.0,18.30666667,35.32,209.0,7.025,0.96,2.39,0.855
96,0.0,0.17,0.07,0.04,130.0,15.95,35.01333333,157.9666667,14.33,0.04,4.93,1.3
97,0.03,0.41,0.04,0.04,181.0,12.92,34.80333333,17.16666667,20.55,0.02,22.15,2.575
98,0.03,0.66,0.06,0.08,261.0,11.18,34.77,6.9,27.115,0.0,27.33,2.64
99,0.01,0.645,0.055,0.06,321.0,10.24,34.73,9.233333333,33.89,0.0,30.795,2.625
100,0.01,0.81,0.02,0.06,503.0,7.57,34.575,30.65,41.175,0.0,40.75,2.87
101,0.025,0.66,0.07,0.03,1766.0,2.535,34.62,113.4,39.355,0.0,129.14,2.88
106,0.01,0.19,0.0,0.04,25.0,21.44,35.57,235.5,6.38,0.2,2.88,0.665
107,0.02,0.21,0.0,0.06,50.0,20.4,35.74,227.2,1.72,0.23,1.61,0.525
108,0.05,0.14,0.0,0.04,120.0,19.92,35.76,227.8,1.545,0.475,1.22,0.495
109,0.02,0.22,0.0,0.1,161.0,16.37,35.07,178.6,10.34,0.065,3.12,0.995
110,0.01,0.13,0.0,0.04,20.0,21.33,35.74666667,237.3,3.035,0.1,1.61,0.49
111,0.01,0.16,0.0,,60.0,21.17333333,35.79333333,237.16666669999998,1.93,0.07,1.32,0.445
112,0.02,0.42,0.02,0.08,805.0,5.59,34.51,46.9,43.91,0.0,60.965,3.07
113,0.01,0.52,0.06,0.21,906.0,5.02,34.515,51.0,44.04,0.0,71.115,3.115
114,0.02,0.44,0.06,0.04,1007.0,4.54,34.52,62.7,43.31,0.0,79.755,3.095
115,0.03,0.36,0.02,0.04,1209.0,3.805,34.55,81.75,41.81,0.0,96.74,3.055
116,0.01,0.47,0.06,0.09,1816.0,2.525,34.615,119.1,38.875,0.0,126.55,2.84
126,0.02,0.17,0.0,0.1,20.0,21.85,35.81,234.3,1.49,0.05,1.32,0.38
127,0.02,0.25,,0.04,70.0,21.83,35.87,233.7,1.19,0.05,1.27,0.385
128,0.03,0.12,,0.11,125.0,20.28,35.74,216.3,2.02,0.745,1.365,0.535
129,0.02,0.62,0.12,0.09,503.0,7.89,34.59,52.8,37.81,0.0,35.775,2.625
130,0.0,0.17,0.0,0.1,20.0,22.34,35.95333333,230.43333330000002,0.86,0.03,1.12,0.285
131,0.01,0.17,0.0,0.0,75.0,22.14333333,36.01333333,232.66666669999998,0.57,0.035,1.12,0.29
132,0.01,0.24,0.0,0.0,105.0,21.55333333,35.96,226.9,1.02,0.1,1.17,0.34
133,0.01,0.18,,0.0,150.0,20.13,35.71,214.0,1.23,1.09,1.025,0.385
134,0.03,0.82,0.13,0.04,412.0,8.686666667,34.57666667,29.1,36.755,0.0,29.19,2.66
135,0.045,0.72,0.085,0.14,503.0,7.476666667000001,34.53333333,50.66666667,39.07,0.0,34.31,2.685
136,0.01,0.73,0.11,0.05,755.0,5.565,34.49,65.55,42.185,0.0,54.765,2.935
137,0.02,0.48,0.09,0.04,1766.0,2.585,34.61,118.4,39.13,0.0,122.65,2.855
142,0.02,0.3,,0.05,20.0,22.74,35.85,230.9,1.785,0.04,1.025,0.39
143,0.02,0.31,0.0,0.0,60.0,22.46,36.02,231.2,0.205,0.02,1.025,0.32
144,0.04,0.34,,0.03,90.0,22.17,36.15,228.8,0.095,0.03,1.025,0.34
145,0.02,0.24,,0.04,125.0,21.71,36.1,221.1,0.025,0.21,0.83,0.345
146,0.0,0.5,0.03,0.05,296.0,11.42,34.55,92.3,23.27,0.0,16.055,2.11
147,0.0,0.24,0.0,0.02,20.0,23.48333333,35.91,226.9666667,2.505,0.05,1.415,0.41
148,0.02,0.165,0.01,0.0,251.0,14.27,34.75666667,187.7666667,11.635,0.0,3.71,0.995
149,0.0,0.79,0.07,0.06,452.0,8.33,34.57333333,37.9,36.25,0.0,30.065,2.555
160,0.02,0.33,0.0,0.05,20.0,24.305,35.815,224.1,3.805,0.075,1.71,0.465
161,0.0,0.18,0.0,0.05,60.0,23.87,36.17,226.8,0.535,0.03,1.12,0.32
162,0.01,0.25,0.0,0.05,95.0,22.7575,36.22,222.8,0.3,0.1,1.12,0.365
163,0.02,0.31,,0.07,150.0,21.6,36.0675,215.05,0.42,0.785,0.73,0.335
164,0.02,0.54,0.1,0.05,356.0,10.445,34.6425,23.275,30.705,0.0,25.38,2.6
165,,,0.02,0.09,1411.0,3.106666667,34.57333333,103.4333333,39.935,0.0,109.715,2.855
166,,,0.02,0.09,1816.0,2.406666667,34.62,127.46666670000002,38.19,0.0,124.405,2.725
179,0.0,0.09,0.0,,20.0,24.26,35.99,223.6,2.6,0.05,1.46,0.39
180,0.0,0.15,0.0,0.02,50.0,24.08333333,36.09,226.0,1.765,0.04,1.22,0.355
181,0.02,0.11,,,86.0,23.49333333,36.43,224.2666667,0.0,0.0,0.975,0.225
182,,,,0.22,95.0,23.48333333,36.46333333,222.9666667,0.0,0.0,0.925,0.22
183,0.03,0.18,,,227.0,18.21333333,35.39,204.83333330000002,5.265,0.02,0.93,0.59
184,0.0,0.41,,,327.0,11.43333333,34.56666667,74.53333333,23.17,0.0,16.01,2.145
185,0.02,0.68,,,403.0,9.143333333,34.55,45.6,32.23,0.0,23.43,2.525
186,0.01,0.68,,,503.0,7.3833333329999995,34.50666667,75.26666667,36.655,0.0,30.31,2.515
187,0.01,0.72,,,1008.0,4.26,34.52,91.56666667,40.615,0.0,78.385,2.86
188,0.01,0.75,0.08,,1512.0,2.88,34.59,113.1,39.29,0.0,113.67,2.84
189,0.01,0.71,0.05,0.12,1766.0,2.475,34.61,125.8,38.27,0.0,122.7,2.755
204,,,0.0,,20.0,24.61666667,35.91666667,222.8,3.165,0.07,1.61,0.42
205,0.01,0.34,0.0,,90.0,23.14333333,36.19333333,220.16666669999998,0.61,0.05,1.315,0.36
206,0.02,0.32,0.0,,226.0,17.84333333,35.31333333,190.7666667,7.155,0.02,1.805,0.73
207,,,0.04,,1259.0,3.59,34.55,111.1,38.95,0.0,95.37,2.75
218,0.0,0.2,,0.0,20.0,24.65,36.03,221.4,2.09,0.04,1.51,0.345
219,0.02,0.09,0.0,0.0,85.0,23.61,36.25,220.1,0.295,0.02,1.17,0.285
220,0.02,0.18,,,122.0,23.36,36.44,215.8,0.05,0.105,0.83,0.28
221,,,0.0,0.0,150.0,22.22,36.19,209.9,0.38,0.97,0.78,0.335
222,0.01,0.49,0.06,0.04,377.0,9.47,34.56,44.8,31.205,0.0,22.94,2.445
223,0.0,0.75,,,453.0,8.07,34.54,65.6,35.435,0.0,28.795,2.455
224,,,0.06,0.02,553.0,6.78,34.51,93.2,36.315,0.0,37.045,2.445
225,0.0,0.15,0.0,,75.0,24.38666667,36.16666667,224.43333330000002,1.06,0.02,1.22,0.3
226,0.0,0.15,0.02,,90.0,24.04,36.24333333,220.33333330000002,0.385,0.02,1.36,0.3
227,0.01,0.15,,,121.0,23.36,36.32333333,212.0333333,0.03,0.105,1.22,0.295
228,,,0.19,,1007.0,4.273333333,34.51333333,121.23333329999998,38.145,0.0,74.875,2.695
229,,,0.06,,1259.0,3.57,34.54,127.1,37.78,0.0,91.37,2.71
230,,,0.0,0.02,1512.0,2.94,34.575,131.65,37.83,0.0,107.13,2.74
239,0.02,0.15,0.0,,20.0,25.59,35.93,219.7,3.165,0.07,1.95,0.43
240,0.01,0.15,0.0,,40.0,25.59,35.93,218.3,3.15,0.07,1.85,0.435
241,0.02,0.22,0.0,,55.0,24.91,36.02,222.7,2.85,0.06,1.71,0.425
242,0.01,0.07,0.0,,70.0,24.53,36.09,221.3,1.565,0.04,1.465,0.36
243,0.04,0.16,,,111.0,23.79,36.33,209.7,0.27,0.09,1.315,0.355
244,0.05,0.15,0.0,,180.0,20.21,35.77,198.5,3.66,0.06,1.17,0.52
245,0.07,0.19,,,227.0,17.59,35.29,180.4,8.72,0.025,2.34,0.885
246,0.06,0.54,,,292.0,12.13,34.64,103.6,21.9,0.0,14.74,2.05
247,0.02,1.71,,,352.0,10.7,34.67,17.5,30.775,0.0,25.77,2.65
248,0.03,0.8,,,1009.0,4.53,34.51,95.9,40.515,0.0,74.78,2.84
249,0.01,0.19,0.0,,30.0,26.31,36.02666667,215.7,2.405,0.05,1.12,0.355
250,,,,,60.0,26.22666667,36.02333333,215.5333333,2.355,0.04,1.17,0.36
251,0.04,0.15,,,86.0,25.41,36.00666667,219.16666669999998,2.175,0.04,1.075,0.37
252,,,0.235,,1007.0,4.336666667,34.52,98.16666667,39.89,0.0,76.97,2.81
253,,,0.16,,1259.0,3.465,34.55,113.65,39.02,0.0,95.66,2.795
254,,,0.07,,1765.0,2.535,34.61,134.75,37.64,0.0,118.5,2.715
265,0.0,0.11,0.0,,20.0,26.62666667,36.07,214.56666669999998,2.31,0.04,1.415,0.36
266,0.0,0.13,0.0,,45.0,26.56,36.10333333,215.7,2.31,0.04,1.27,0.375
267,,,0.0,,80.0,25.13333333,36.15666667,212.1,1.4,0.03,1.265,0.32
268,0.02,0.08,,,141.0,22.21666667,36.13666667,199.83333330000002,1.2,1.545,1.12,0.425
269,0.01,0.18,,,253.0,15.15333333,34.98,163.2333333,15.36,0.0,7.12,1.375
270,0.0,0.31,,,302.0,11.99333333,34.68333333,61.93333333,25.515,0.0,19.325,2.34
271,0.0,0.72,,,857.0,5.17,34.5,90.86666667,39.89,0.0,61.6,2.77
272,0.02,0.95,0.15,,1259.0,3.54,34.55,114.75,38.99,0.0,95.91,2.745
273,0.03,0.53,,,1513.0,2.925,34.58,127.85,38.195,0.0,110.94,2.71
285,0.01,0.24,,,20.0,26.93,35.83,213.5,3.925,0.08,1.61,0.435
286,0.0,0.32,,,45.0,26.93,35.84,214.9,3.9,0.08,1.465,0.445
287,,,,,65.0,26.7,35.97,216.9,2.81,0.055,1.075,0.375
288,0.0,0.3,,,200.0,19.23,35.61,197.5,3.53,0.045,0.88,0.45
289,0.0,0.07,0.0,,20.0,27.28666667,36.0,213.4666667,2.34,0.05,1.465,0.37
290,0.01,0.15,,,41.0,27.29333333,36.0,212.4,2.325,0.05,1.465,0.36
291,0.0,0.08,,,61.0,27.03333333,36.0,213.7666667,2.34,0.05,1.415,0.36
292,0.01,0.12,,,76.0,26.34666667,36.01333333,216.3666667,2.295,0.045,1.32,0.38
293,0.0,0.16,,,121.0,25.17666667,36.28333333,202.2666667,0.615,0.26,1.12,0.41
294,0.01,0.26,,,273.0,14.89,34.98666667,123.8,17.465,0.0,8.54,1.56
295,0.01,0.59,,,342.0,11.12333333,34.7,34.83333333,29.15,0.0,22.84,2.4
296,0.01,0.86,,,443.0,8.83,34.64666667,86.76666667,32.275,0.0,29.035,2.235
297,0.01,0.73,,,614.0,7.003333333,34.56,65.1,39.41,0.0,44.855,2.69
298,0.02,0.74,0.02,,865.0,5.226666667,34.51333333,74.8,41.545,0.0,65.84,2.895
299,0.01,0.83,,,1513.0,3.005,34.58,126.55,38.29,0.0,110.645,2.75
311,0.0,0.18,,,31.0,27.36,35.83,213.0,3.41,0.07,1.855,0.43
312,0.01,0.22,,,40.0,27.36,35.83,213.8,3.4,0.07,1.805,0.43
313,0.0,0.15,,,76.0,26.56,35.86,211.6,2.745,0.055,1.465,0.425
314,0.03,0.17,,,150.0,24.89,36.22,196.8,0.555,2.69,1.265,0.485
315,,,,,231.0,18.93,35.56,188.8,6.725,0.02,1.66,0.695
316,0.04,0.25,,0.03,30.0,27.52333333,35.87,211.7333333,2.505,0.05,1.56,0.36
317,,,,,60.0,27.5,35.88333333,211.7333333,2.54,0.05,1.365,0.365
318,,,,,86.0,26.57333333,35.87333333,206.56666669999998,2.825,0.08,1.465,0.475
319,0.06,0.18,,,110.0,25.77333333,36.11666667,197.5333333,1.545,0.29,1.415,0.45
320,,,,,156.0,22.72333333,36.16,188.5,1.36,2.635,1.17,0.5
321,0.09,0.36,,,283.0,13.31333333,34.81666667,107.83333329999999,16.0,0.0,7.37,1.435
322,0.16,0.65,,,362.0,10.39333333,34.69666667,65.26666667,29.34,0.0,22.45,2.21
323,0.08,0.88,,,463.0,8.356666667,34.62,95.8,32.67,0.0,30.795,2.245
324,0.14,0.8,,,716.0,6.193333332999999,34.53333333,66.33333333,40.175,0.0,49.245,2.735
325,0.26,0.72,,,872.0,5.146666667,34.51,80.63333333,40.985,0.0,63.89,2.83
326,0.09,0.74,,,1006.333333,4.5,34.52,92.6,40.575,0.0,76.04,2.76
327,0.03,0.71,,,1513.0,3.035,34.58,124.5,38.26,0.0,110.155,2.685
328,0.05,0.7,,,1765.0,2.575,34.605,134.15,37.615,0.0,120.6,2.65
336,0.06,0.13,,,30.0,28.07,35.76,210.1,1.585,0.05,1.755,0.32
337,0.04,0.2,,,145.0,23.34,36.26,187.3,1.64,2.145,1.365,0.48
338,0.03,0.15,0.0,,30.0,28.23333333,35.68,209.2,2.135,0.06,1.365,0.345
339,,,0.0,,60.0,28.22666667,35.68,209.2,2.175,0.06,1.415,0.355
340,0.02,0.23,0.0,,95.0,27.42666667,35.82333333,191.9,2.325,0.67,2.29,0.465
341,0.02,0.26,,,131.0,25.8,35.96333333,166.6333333,6.36,0.13,2.145,0.63
342,0.03,0.32,,,201.0,19.93,35.74333333,172.2,7.16,0.02,2.1,0.71
343,0.02,0.77,,,453.0,8.443333333,34.61666667,113.13333329999999,31.545,0.0,30.7,2.165
344,0.03,0.79,,,604.0,6.896666667000001,34.54666667,92.36666667,36.615,0.0,43.39,2.505
345,0.01,0.61,,,1261.0,3.593333333,34.55,123.03333329999998,37.95,0.0,93.66,2.69
346,0.01,0.67,,,1515.0,2.94,34.58,131.2,37.63,0.0,111.72,2.685
347,0.02,0.84,,,1765.0,2.5,34.605,140.7,37.07,0.0,119.525,2.685
351,0.02,0.18,,,200.0,20.86,35.94,186.6,4.095,0.02,0.83,0.47
352,,,0.0,0.0,30.0,28.485,35.41,208.05,1.95,0.06,1.805,0.335
353,0.01,0.13,0.0,0.0,75.0,28.305,35.64,206.4,2.4,0.07,1.51,0.365
354,0.02,0.24,,,151.0,24.39,36.02,165.15,6.955,0.29,2.0,0.67
355,0.02,0.35,,,302.0,13.135,34.84,88.55,21.825,0.0,13.03,1.82
356,0.0,0.48,,,352.0,10.665,34.68,86.8,26.695,0.0,19.23,1.995
357,0.0,0.67,,,504.0,7.8,34.575,122.75,31.935,0.0,32.46,2.16
361,0.01,0.17,,,30.0,28.51,35.33,208.3,1.46,0.045,1.805,0.29
362,0.01,0.2,,,65.0,28.65,35.58,201.8,1.945,0.1,1.61,0.38
363,0.02,0.28,,,150.0,23.38,36.21,169.9,5.455,0.1,1.41,0.58
364,0.01,0.46,,,321.0,11.88,34.77,81.2,25.76,0.0,17.96,1.99
365,0.03,0.21,0.0,0.0,30.0,29.10666667,35.23,208.56666669999998,0.315,0.02,1.76,0.2
366,0.02,0.26,0.0,,45.0,29.11,35.23,208.7,0.33,0.02,1.415,0.205
367,0.03,0.15,,,76.0,27.99,35.72333333,194.1333333,1.285,0.405,1.76,0.365
368,,,0.0,,100.0,26.69666667,36.05333333,206.6,0.185,0.18,1.415,0.27
369,0.04,0.23,,,201.0,20.88,35.91333333,175.4,5.88,0.02,1.51,0.595
370,0.04,0.37,,,352.0,11.01,34.70333333,84.86666667,26.635,0.0,19.13,2.05
371,0.02,0.71,,,805.75,5.5075,34.51,108.4,38.15,0.0,57.79,2.66
372,0.01,0.46,0.015,0.0,1006.0,4.47,34.51,120.43333329999999,37.83,0.0,70.045,2.65
373,,,0.0,0.0,1259.0,3.605,34.545,126.5,37.605,0.0,90.93,2.66
374,0.06,0.86,,,1766.0,2.45,34.61,147.95,36.43,0.0,118.405,2.595
0,,2.94,,0.036,24.0,19.11425,36.1221,233.5,0.0,0.0,0.49,0.01
1,,2.94,,0.036,24.0,19.11425,36.1221,233.5,0.0,0.0,0.49,0.01
2,,2.01,,0.034,35.0,18.8331,36.21075,235.0,0.06,0.03,0.58,0.09
3,,2.01,,0.034,35.0,18.8331,36.21075,235.0,0.04,0.02,0.68,0.05
4,,1.65,,0.03,40.0,18.54365,36.2169,237.3,0.1,0.05,0.78,0.07
5,,1.65,,0.03,40.0,18.54365,36.2169,237.3,0.1,0.05,0.68,0.05
6,,1.01,,0.039,68.0,16.7769,36.22315,228.25,0.61,0.09,0.88,0.11
7,,1.01,,0.039,68.0,16.7769,36.22315,228.25,0.64,0.09,0.78,0.11
8,,2.17,,0.033,137.0,15.19465,36.1498,212.05,5.5,0.0,1.76,0.38
9,,2.17,,0.033,137.0,15.19465,36.1498,212.05,5.44,0.01,1.76,0.39
10,,1.75,,0.047,200.0,14.0739,35.9762,207.65,7.57,0.0,2.54,0.52
11,,1.75,,0.047,200.0,14.0739,35.9762,207.65,7.54,0.0,2.63,0.5
12,,2.33,,0.119,302.0,13.07565,35.81725,204.95,10.11,0.0,3.51,0.64
13,,2.33,,0.119,302.0,13.07565,35.81725,204.95,10.08,0.0,3.41,0.64
14,,2.2,,0.111,404.0,12.29865,35.73825,197.85,12.39,0.0,4.78,0.79
15,,2.2,,0.111,404.0,12.29865,35.73825,197.85,12.4,0.0,4.68,0.79
16,,0.96,,0.052,506.0,11.81405,35.8341,185.8,13.43,0.0,6.24,0.85
17,,0.96,,0.052,506.0,11.81405,35.8341,185.8,13.28,0.0,6.24,0.84
18,,2.55,,0.071,648.0,12.93485,36.3099,191.5,10.59,0.0,5.07,0.65
19,,2.55,,0.071,648.0,12.93485,36.3099,191.5,10.66,0.0,5.26,0.66
20,,1.52,,0.061,784.0,12.8688,36.3414,190.3,11.26,0.0,5.75,0.69
21,,1.52,,0.061,784.0,12.8688,36.3414,190.3,11.21,0.0,5.65,0.69
22,,1.78,,,884.0,12.5199,36.32035,184.95,12.21,0.0,6.34,0.76
23,,1.78,,,884.0,12.5199,36.32035,184.95,12.15,0.0,6.34,0.76
24,,1.61,0.00013000000000000002,,909.0,12.5434,36.361999999999995,188.6,12.2,0.0,6.63,0.74
25,,1.61,0.00013000000000000002,,909.0,12.5434,36.361999999999995,188.6,12.21,0.0,6.73,0.74
26,,1.83,,,1000.0,12.5659,36.4571,187.0,12.07,0.0,6.63,0.73
27,,1.83,,,1000.0,12.5659,36.4571,187.0,12.08,0.0,6.53,0.74
28,,,,,1162.0,12.5304,36.5157,185.3,12.33,0.0,7.02,0.75
29,,,,,1162.0,12.5304,36.5157,185.3,12.33,0.0,7.02,0.75
30,,1.54,,0.027,1307.0,11.1714,36.2702,178.8,14.6,0.0,9.16,0.92
31,,1.54,,0.027,1307.0,11.1714,36.2702,178.8,14.59,0.0,9.26,0.93
32,,,,0.024,1496.0,10.8176,36.2999,185.5,14.58,0.0,9.94,0.93
33,,,,0.024,1496.0,10.8176,36.2999,185.5,14.58,0.0,9.65,0.92
34,,,,0.02,1721.0,7.1471,35.6033,213.8,17.13,0.0,14.73,1.13
35,,,,0.02,1721.0,7.1471,35.6033,213.8,17.11,0.0,14.83,1.13
36,,,,0.026,1924.0,5.4015,35.3057,231.1,17.97,0.0,18.24,1.21
37,,,,0.026,1924.0,5.4015,35.3057,231.1,17.99,0.0,18.34,1.21
48,,,,,49.0,21.1178,36.5255,221.4,0.0,0.0,0.39,0.03
49,,,,,49.0,21.1178,36.5255,221.4,0.0,0.0,0.39,0.01
50,,,,,103.0,16.0502,36.1522,234.6,1.04,0.13,0.88,0.13
51,,,,,103.0,16.0502,36.1522,234.6,1.1,0.13,0.78,0.13
52,,,,,142.0,15.1064,36.0795,217.3,5.55,0.01,1.95,0.37
53,,,,,142.0,15.1064,36.0795,217.3,5.51,0.01,1.85,0.37
54,,,,,202.0,14.3479,36.014,218.7,7.46,0.0,2.54,0.48
55,,,,,202.0,14.3479,36.014,218.7,7.44,0.01,2.54,0.49
56,,,,,253.0,13.5029,35.8633,212.4,9.31,0.0,3.41,0.59
57,,,,,253.0,13.5029,35.8633,212.4,9.31,0.0,3.32,0.59
58,,,,,362.0,12.7819,35.7791,220.7,9.88,0.0,3.41,0.63
59,,,,,362.0,12.7819,35.7791,220.7,9.88,0.0,3.41,0.63
60,,,,,505.0,11.6496,35.6234,198.6,13.81,0.0,5.56,0.87
61,,,,,505.0,11.6496,35.6234,198.6,13.76,0.0,5.46,0.87
62,,,,,668.0,11.1097,35.711999999999996,179.0,16.31,0.0,8.0,1.03
63,,,,,668.0,11.1097,35.711999999999996,179.0,16.32,0.0,8.1,1.03
64,,,,,829.0,11.9245,36.1428,183.7,14.96,0.0,8.19,0.95
65,,,,,829.0,11.9245,36.1428,183.7,14.88,0.0,8.09,0.95
66,,,,,911.0,10.8006,35.9654,177.0,16.47,0.0,9.65,1.05
67,,,,,911.0,10.8006,35.9654,177.0,16.41,0.0,9.75,1.04
68,,,,,1061.0,10.5374,36.0612,180.3,16.16,0.0,10.24,1.02
69,,,,,1061.0,10.5374,36.0612,180.3,16.11,0.0,10.14,1.02
70,,,,,1213.0,10.4072,36.1429,185.4,15.56,0.0,10.24,0.98
71,,,,,1213.0,10.4072,36.1429,185.4,15.5,0.0,10.24,0.98
72,,0.57,,0.036,35.0,22.16445,36.6359,219.8,0.0,0.0,0.49,0.0
73,,0.57,,0.036,35.0,22.16445,36.6359,219.8,0.0,0.0,0.58,0.0
74,,,,0.053,51.0,19.6364,36.3828,258.75,0.0,0.0,0.29,0.0
75,,,,0.053,51.0,19.6364,36.3828,258.75,0.0,0.0,0.29,0.01
76,,0.5,,0.084,77.0,17.1104,36.30715,210.4,0.07,0.02,0.68,0.01
77,,0.5,,0.084,77.0,17.1104,36.30715,210.4,0.11,0.02,0.68,0.02
78,,0.2,,,101.0,16.4864,36.26435,205.35,4.01,0.04,1.36,0.23
79,,0.2,,,101.0,16.4864,36.26435,205.35,4.01,0.04,1.36,0.23
80,,0.43,,0.093,137.0,15.88275,36.1809,205.5,4.89,0.01,1.66,0.3
81,,0.43,,0.093,137.0,15.88275,36.1809,205.5,4.92,0.01,1.66,0.3
82,,0.55,,0.069,192.0,14.9229,36.05235,204.4,6.43,0.01,2.24,0.39
83,,0.55,,0.069,192.0,14.9229,36.05235,204.4,6.42,0.0,2.15,0.4
84,,0.29,,0.069,303.0,13.4473,35.83265,203.65,9.85,0.0,3.61,0.61
85,,0.29,,0.069,303.0,13.4473,35.83265,203.65,9.82,0.0,3.61,0.61
86,,0.64,,0.065,404.0,12.65765,35.7287,202.2,10.94,0.0,4.0,0.68
87,,0.64,,0.065,404.0,12.65765,35.7287,202.2,10.95,0.0,4.0,0.68
88,,0.04,0.00023999999999999998,0.11,494.0,11.93175,35.6392,190.05,13.77,0.0,5.46,0.85
89,,0.04,0.00023999999999999998,0.11,494.0,11.93175,35.6392,190.05,13.72,0.0,5.36,0.86
90,,,,0.15,616.0,11.06165,35.586,181.65,15.91,0.0,7.12,0.99
91,,,,0.15,616.0,11.06165,35.586,181.65,15.91,0.0,7.22,0.99
92,,1.74,,0.215,784.0,10.6057,35.7243,177.95,17.02,0.0,9.17,1.08
93,,1.74,,0.215,784.0,10.6057,35.7243,177.95,16.98,0.0,9.07,1.07
94,,0.38,,0.192,884.0,10.373,35.81245,178.9,16.94,0.0,9.75,1.08
95,,0.38,,0.192,884.0,10.373,35.81245,178.9,16.81,0.0,9.85,1.08
96,,0.17,0.00027,0.146,1004.0,10.234,35.9047,180.7,16.64,0.0,10.53,1.05
97,,0.17,0.00027,0.146,1004.0,10.234,35.9047,180.7,16.67,0.0,10.43,1.06
98,,0.8,0.00047,0.094,1061.0,10.2017,35.9535,182.9,16.82,0.0,10.92,1.07
99,,0.8,0.00047,0.094,1061.0,10.2017,35.9535,182.9,16.81,0.0,10.92,1.07
100,,0.86,0.0001,,1213.0,9.0833,35.8218,191.4,17.16,0.0,11.9,1.11
101,,0.86,0.0001,,1213.0,9.0833,35.8218,191.4,17.16,0.0,11.8,1.11
102,,0.21,0.00047,0.065,1365.0,7.9878,35.673,205.2,17.35,0.0,12.68,1.14
103,,0.21,0.00047,0.065,1365.0,7.9878,35.673,205.2,17.36,0.0,12.68,1.13
104,,0.08,,0.061,1518.0,6.8528,35.5033,217.4,17.37,0.0,13.56,1.14
105,,0.08,,0.061,1518.0,6.8528,35.5033,217.4,17.34,0.0,13.56,1.14
106,,0.94,,,1721.0,5.3745,35.2643,235.5,17.65,0.0,14.93,1.18
107,,0.94,,,1721.0,5.3745,35.2643,235.5,17.66,0.0,14.83,1.18
108,,0.89,,,1924.0,4.6187,35.1623,241.4,18.08,0.0,17.56,1.22
109,,0.89,,,1924.0,4.6187,35.1623,241.4,18.09,0.0,17.56,1.22
120,,1.18,,0.032,31.0,24.31545,37.235,212.15,0.0,0.0,0.39,0.0
121,,1.18,,0.032,31.0,24.31545,37.235,212.15,0.0,0.0,0.49,0.0
122,,0.59,,0.025,52.0,21.16685,36.72265,247.5,0.0,0.0,0.29,0.0
123,,0.59,,0.025,52.0,21.16685,36.72265,247.5,0.0,0.0,0.39,0.0
124,,0.39,,0.023,81.66666667,19.37656667,36.65813333,218.4,0.0,0.0,0.58,0.0
125,,0.39,,0.023,81.66666667,19.37656667,36.65813333,218.4,0.0,0.0,0.58,0.0
126,,0.43,,0.029,102.0,18.50785,36.59855,206.55,0.07,0.07,0.68,0.0
127,,0.43,,0.029,102.0,18.50785,36.59855,206.55,0.07,0.07,0.68,0.01
128,,0.55,,0.035,137.0,17.94685,36.5444,203.15,2.77,0.02,1.27,0.15
129,,0.55,,0.035,137.0,17.94685,36.5444,203.15,2.74,0.02,1.17,0.15
130,,0.61,,0.029,188.0,17.39755,36.46635,199.95,3.78,0.01,1.46,0.2
131,,0.61,,0.029,188.0,17.39755,36.46635,199.95,3.78,0.01,1.46,0.2
132,,0.62,,0.03,253.0,16.49925,36.3137,197.95,5.68,0.01,2.24,0.33
133,,0.62,,0.03,253.0,16.49925,36.3137,197.95,5.66,0.01,2.14,0.36
134,,0.59,,0.05,354.0,14.9272,36.0564,194.75,7.64,0.0,3.02,0.49
135,,0.59,,0.05,354.0,14.9272,36.0564,194.75,7.63,0.0,2.93,0.47
136,,0.71,,0.073,558.0,12.38645,35.678000000000004,188.75,13.06,0.0,5.66,0.81
137,,0.71,,0.073,558.0,12.38645,35.678000000000004,188.75,12.97,0.0,5.56,0.81
138,,0.98,,0.076,809.0,9.94615,35.46435,159.35,20.03,0.0,11.32,1.3
139,,0.98,,0.076,809.0,9.94615,35.46435,159.35,19.98,0.0,11.22,1.27
140,,0.87,,0.139,972.0,9.11395,35.51805,171.05,20.22,0.0,12.97,1.31
141,,0.87,,0.139,972.0,9.11395,35.51805,171.05,20.15,0.0,12.97,1.32
142,,0.68,,0.117,1214.0,8.1293,35.5506,185.95,19.32,0.0,14.14,1.26
143,,0.68,,0.117,1214.0,8.1293,35.5506,185.95,19.26,0.0,14.34,1.26
144,,0.78,,0.05,1517.0,6.5513,35.3975,211.7,18.47,0.0,15.22,1.24
145,,0.78,,0.05,1517.0,6.5513,35.3975,211.7,18.54,0.0,14.93,1.24
146,,0.89,0.046,0.047,1821.0,5.0918,35.2112,234.1,18.01,0.0,15.71,1.23
147,,0.89,0.046,0.047,1821.0,5.0918,35.2112,234.1,17.99,0.0,15.71,1.22
168,,0.5,,0.024,41.0,24.3568,37.2725,209.6,0.0,0.0,0.49,0.02
169,,0.5,,0.024,41.0,24.3568,37.2725,209.6,0.01,0.0,0.29,0.02
170,,0.34,,0.023,66.0,22.8641,37.1319,226.9,0.0,0.0,0.29,0.02
171,,0.34,,0.023,66.0,22.8641,37.1319,226.9,0.0,0.0,0.29,0.01
172,,0.29,,0.03,92.0,20.3333,36.8778,229.1,0.0,0.0,0.39,0.01
173,,0.29,,0.03,92.0,20.3333,36.8778,229.1,0.0,0.0,0.39,0.05
174,,0.23,,0.03,117.0,19.1374,36.7416,219.2,0.0,0.06,0.39,0.01
175,,0.23,,0.03,117.0,19.1374,36.7416,219.2,0.0,0.06,0.49,0.01
176,,0.23,,0.03,136.0,18.4804,36.6429,213.1,0.53,0.03,0.68,0.03
177,,0.23,,0.03,136.0,18.4804,36.6429,213.1,0.52,0.03,0.68,0.03
178,,0.26,0.029,,187.0,17.739,36.5591,198.5,3.67,0.01,1.17,0.21
179,,0.26,0.029,,187.0,17.739,36.5591,198.5,3.64,0.01,1.07,0.22
180,,0.41,,0.049,304.0,15.5145,36.1537,197.2,7.22,0.0,2.34,0.43
181,,0.41,,0.049,304.0,15.5145,36.1537,197.2,7.19,0.0,2.34,0.43
182,,0.59,,0.058,404.0,13.7892,35.8807,193.9,10.22,0.0,3.61,0.62
183,,0.59,,0.058,404.0,13.7892,35.8807,193.9,10.21,0.0,3.61,0.62
184,,0.65,,0.049,607.0,11.524000000000001,35.5895,162.3,18.15,0.0,8.0,1.12
185,,0.65,,0.049,607.0,11.524000000000001,35.5895,162.3,18.12,0.0,7.9,1.13
186,,0.7,,0.037,808.0,9.5606,35.4195,150.7,22.93,0.0,13.27,1.47
187,,0.7,,0.037,808.0,9.5606,35.4195,150.7,22.85,0.0,13.17,1.46
188,,0.71,,,1013.0,8.1803,35.3717,160.1,22.84,0.0,15.51,1.5
189,,0.71,,,1013.0,8.1803,35.3717,160.1,22.85,0.0,15.51,1.5
190,,0.66,,0.051,1214.0,7.7406,35.4628,176.5,20.99,0.0,15.32,1.39
191,,0.66,,0.051,1214.0,7.7406,35.4628,176.5,20.95,0.0,15.41,1.39
192,,0.47,,0.02,35.0,25.5905,36.7807,207.55,0.0,0.0,0.58,0.09
193,,0.47,,0.02,35.0,25.5905,36.7807,207.55,0.0,0.0,0.49,0.09
194,,0.3,,0.022,46.0,24.9641,37.0337,217.0,0.0,0.0,0.49,0.06
195,,0.3,,0.022,46.0,24.9641,37.0337,217.0,0.0,0.0,0.58,0.06
196,,0.26,,0.023,71.0,22.21075,36.8736,200.55,0.19,0.05,0.78,0.1
197,,0.26,,0.023,71.0,22.21075,36.8736,200.55,0.19,0.05,0.78,0.1
198,,0.41,,0.036,152.0,17.2526,36.24815,104.8,15.37,0.02,4.78,0.96
199,,0.41,,0.036,152.0,17.2526,36.24815,104.8,15.32,0.01,4.68,0.96
200,,0.44,,0.042,202.0,16.46075,36.218,118.4,15.15,0.01,5.07,0.93
201,,0.44,,0.042,202.0,16.46075,36.218,118.4,15.15,0.01,4.97,0.94
202,,0.55,,0.048,354.0,14.20805,35.91235,133.2,16.33,0.01,5.75,0.98
203,,0.55,,0.048,354.0,14.20805,35.91235,133.2,16.31,0.01,5.66,0.98
204,,0.46,,,401.0,13.67705,35.8521,146.9,15.95,0.01,5.85,0.97
205,,0.46,,,401.0,13.67705,35.8521,146.9,15.93,0.01,5.95,0.97
206,,0.69,,0.055,454.5,12.46145,35.62315,99.55,22.35,0.01,8.97,1.35
207,,0.69,,0.055,454.5,12.46145,35.62315,99.55,22.0,0.01,8.88,1.34
208,,0.65,,0.06,505.0,12.04935,35.6108,127.75,20.51,0.01,8.78,1.25
209,,0.65,,0.06,505.0,12.04935,35.6108,127.75,20.51,0.01,8.78,1.26
210,,0.8,,0.052,758.0,8.71755,35.18775,105.6,29.18,0.0,17.56,1.87
211,,0.8,,0.052,758.0,8.71755,35.18775,105.6,29.11,0.0,17.47,1.87
212,,0.6,,0.042,1010.5,7.2479,35.153,142.9,26.45,0.0,19.51,1.76
213,,0.6,,0.042,1010.5,7.2479,35.153,142.9,26.38,0.0,19.71,1.78
214,,0.51,,,1213.0,6.77545,35.24005,168.6,23.59,0.01,19.03,1.57
215,,0.51,,,1213.0,6.77545,35.24005,168.6,23.62,0.0,18.83,1.56
216,,0.6,,0.039,1515.0,5.4962,35.1771,198.6,21.87,0.0,20.88,1.52
217,,0.6,,0.039,1515.0,5.4962,35.1771,198.6,21.98,0.0,20.29,1.5
218,,0.54,,0.032,1770.0,4.6759,35.1192,212.3,21.34,0.0,24.0,1.46
219,,0.54,,0.032,1770.0,4.6759,35.1192,212.3,21.36,0.0,23.91,1.47
240,,0.85,,0.023,35.0,26.1932,36.8235,203.0,0.01,0.0,0.58,0.05
241,,0.85,,0.023,35.0,26.1932,36.8235,203.0,0.01,0.0,0.49,0.04
242,,0.49,,0.02,56.0,24.0994,37.1594,220.4,0.0,0.0,0.49,0.02
243,,0.49,,0.02,56.0,24.0994,37.1594,220.4,0.0,0.0,0.58,0.01
244,,0.78,,,92.0,20.967,36.9269,173.2,0.57,0.18,0.88,0.15
245,,0.78,,,92.0,20.967,36.9269,173.2,0.6,0.18,0.97,0.14
246,,0.63,,0.039,112.0,19.387,36.6914,150.9,3.85,0.08,1.46,0.3
247,,0.63,,0.039,112.0,19.387,36.6914,150.9,4.06,0.08,1.36,0.3
248,,0.46,,0.039,136.0,17.979,36.5086,132.0,10.74,0.02,3.02,0.68
249,,0.46,,0.039,136.0,17.979,36.5086,132.0,10.66,0.02,3.02,0.67
250,,0.62,,0.041,187.0,16.7762,36.3492,144.6,11.08,0.01,3.41,0.67
251,,0.62,,0.041,187.0,16.7762,36.3492,144.6,11.05,0.01,3.31,0.68
252,,0.57,,0.054,238.0,15.4882,36.1097,128.3,13.51,0.01,4.48,0.82
253,,0.57,,0.054,238.0,15.4882,36.1097,128.3,13.46,0.01,4.48,0.82
254,,0.78,,,287.0,14.5673,35.9633,129.8,15.84,0.0,5.46,0.96
255,,0.78,,,287.0,14.5673,35.9633,129.8,15.81,0.01,5.27,0.96
256,,0.72,,0.066,424.0,12.3917,35.6479,115.7,21.03,0.0,8.29,1.27
257,,0.72,,0.066,424.0,12.3917,35.6479,115.7,20.85,0.0,8.29,1.26
258,,0.83,,0.093,672.0,8.8713,35.1683,93.3,30.23,0.0,17.17,1.91
259,,0.83,,0.093,672.0,8.8713,35.1683,93.3,30.16,0.0,17.17,1.91
260,,0.71,,,974.0,6.6138,35.0222,135.6,28.71,0.0,21.76,1.92
261,,0.71,,,974.0,6.6138,35.0222,135.6,28.76,0.0,21.57,1.92
262,,0.58,,0.039,1212.0,6.0111,35.1071,169.4,25.03,0.0,20.39,1.69
263,,0.58,,0.039,1212.0,6.0111,35.1071,169.4,24.97,0.0,20.3,1.68
264,,0.58,0.014,0.017,28.0,27.94185,35.766,199.05,0.0,0.0,0.88,0.04
265,,0.58,0.014,0.017,28.0,27.94185,35.766,199.05,0.0,0.0,0.98,0.03
266,,,,0.023,49.0,19.7874,36.0085,132.05,5.55,0.36,2.44,0.7
267,,,,0.023,49.0,19.7874,36.0085,132.05,5.47,0.35,2.54,0.68
268,,0.66,,0.02,89.0,15.50455,35.69895,52.6,23.28,0.03,6.92,1.52
269,,0.66,,0.02,89.0,15.50455,35.69895,52.6,23.29,0.03,6.92,1.52
270,,0.81,,0.035,110.0,14.93615,35.69635,59.7,23.5,0.02,7.31,1.51
271,,0.81,,0.035,110.0,14.93615,35.69635,59.7,23.55,0.01,7.61,1.51
272,,0.72,,0.041,136.0,14.12645,35.5779,65.2,24.39,0.0,8.19,1.57
273,,0.72,,0.041,136.0,14.12645,35.5779,65.2,24.43,0.0,8.19,1.57
274,,0.78,,,186.0,13.3025,35.49355,61.85,25.87,0.0,9.17,1.64
275,,0.78,,,186.0,13.3025,35.49355,61.85,25.91,0.0,9.17,1.64
276,,1.27,,,223.0,12.86725,35.4652,58.7,26.75,0.0,9.66,1.68
277,,1.27,,,223.0,12.86725,35.4652,58.7,26.73,0.0,9.95,1.68
278,,1.02,,,287.0,12.08775,35.3977,50.65,28.91,0.0,11.12,1.78
279,,1.02,,,287.0,12.08775,35.3977,50.65,28.88,0.0,11.02,1.77
280,,1.02,0.015,0.08,364.0,11.3024,35.3313,44.4,31.53,0.0,12.49,1.92
281,,1.02,0.015,0.08,364.0,11.3024,35.3313,44.4,31.55,0.0,12.68,1.93
282,,1.05,,0.054,671.0,8.38155,35.03815,71.5,34.1,0.0,19.32,2.17
283,,1.05,,0.054,671.0,8.38155,35.03815,71.5,34.12,0.0,19.13,2.17
284,,0.81,,0.038,804.0,7.2723,34.93755,87.3,34.37,0.0,22.35,2.22
285,,0.81,,0.038,804.0,7.2723,34.93755,87.3,33.97,0.0,22.25,2.21
286,,0.94,,,974.0,6.32705,34.91415,111.95,32.39,0.0,24.69,2.15
287,,0.94,,,974.0,6.32705,34.91415,111.95,32.28,0.0,24.4,2.15
288,,0.41,,0.036,1106.0,5.79715,34.945,136.35,29.63,0.0,23.52,1.97
289,,0.41,,0.036,1106.0,5.79715,34.945,136.35,29.66,0.0,23.42,1.98
290,,0.42,,0.033,1212.0,5.40555,34.96435,152.6,28.08,0.0,24.01,1.91
291,,0.42,,0.033,1212.0,5.40555,34.96435,152.6,28.04,0.0,24.2,1.91
292,,0.43,,,1249.0,5.2596,34.9728,158.8,27.56,0.0,23.71,1.85
293,,0.43,,,1249.0,5.2596,34.9728,158.8,27.59,0.0,23.52,1.85
294,,0.42,,,1400.0,4.7881,34.9877,179.8,25.4,0.0,23.32,1.73
295,,0.42,,,1400.0,4.7881,34.9877,179.8,25.42,0.0,23.52,1.73
296,,0.57,,0.037,1555.0,4.3527,34.9858,199.3,24.0,0.0,23.13,1.63
297,,0.57,,0.037,1555.0,4.3527,34.9858,199.3,23.99,0.0,23.32,1.63
298,,0.95,,,1808.0,3.9204,34.9795,215.0,22.55,0.0,24.4,1.54
299,,0.95,,,1808.0,3.9204,34.9795,215.0,22.56,0.0,24.2,1.54
300,,0.79,,0.025,1905.0,3.7679,34.9755,219.8,22.2,0.0,24.59,1.51
301,,0.79,,0.025,1905.0,3.7679,34.9755,219.8,22.21,0.0,24.88,1.52
312,,0.84,0.027,0.019,32.0,27.0735,36.27185,201.5,0.0,0.01,0.39,0.04
313,,0.84,0.027,0.019,32.0,27.0735,36.27185,201.5,0.01,0.0,0.49,0.03
314,,0.47,,0.018,51.0,19.56015,36.12005,125.65,16.03,0.44,3.9,1.13
315,,0.47,,0.018,51.0,19.56015,36.12005,125.65,16.26,0.44,4.0,1.17
316,,1.22,,0.041,85.0,15.45935,35.6939,59.65,24.72,0.03,6.83,1.53
317,,1.22,,0.041,85.0,15.45935,35.6939,59.65,24.64,0.03,6.93,1.52
318,,1.17,0.052,,102.0,14.65485,35.6018,61.95,25.09,0.02,7.61,1.56
319,,1.17,0.052,,102.0,14.65485,35.6018,61.95,25.14,0.02,7.8,1.56
320,,0.88,,,142.0,14.0325,35.6152,74.15,24.56,0.01,8.39,1.53
321,,0.88,,,142.0,14.0325,35.6152,74.15,24.48,0.01,8.29,1.52
322,,1.16,0.079,0.033,187.0,12.93905,35.41515,75.3,25.77,0.01,9.27,1.61
323,,1.16,0.079,0.033,187.0,12.93905,35.41515,75.3,25.78,0.01,9.27,1.62
324,,1.19,,0.054,237.0,12.5862,35.41865,71.2,26.57,0.0,9.76,1.65
325,,1.19,,0.054,237.0,12.5862,35.41865,71.2,26.52,0.01,9.66,1.65
326,,1.23,,0.084,293.0,12.03755,35.3901,59.15,28.9,0.01,10.93,1.77
327,,1.23,,0.084,293.0,12.03755,35.3901,59.15,28.93,0.01,10.83,1.76
328,,1.2,,0.056,424.0,10.68465,35.26465,52.9,32.35,0.0,13.66,1.97
329,,1.2,,0.056,424.0,10.68465,35.26465,52.9,32.28,0.0,13.85,1.96
330,,0.99,,0.047,503.0,9.8256,35.16605,56.0,33.51,0.0,15.51,2.09
331,,0.99,,0.047,503.0,9.8256,35.16605,56.0,33.49,0.0,15.81,2.06
332,,0.86,,0.038,671.0,8.2156,35.0084,70.55,34.84,0.0,19.81,2.33
333,,0.86,,0.038,671.0,8.2156,35.0084,70.55,34.83,0.0,20.3,2.28
334,,0.79,,0.035,807.0,7.07475,34.9084,88.15,34.73,0.0,22.93,2.28
335,,0.79,,0.035,807.0,7.07475,34.9084,88.15,34.65,0.0,22.84,2.27
336,,0.84,,0.031,973.0,6.2476,34.9183,119.0,32.23,0.0,23.91,2.14
337,,0.84,,0.031,973.0,6.2476,34.9183,119.0,32.24,0.0,23.62,2.14
338,,1.15,,0.035,1111.0,5.8481,34.9598,140.0,29.74,0.0,23.42,1.98
339,,1.15,,0.035,1111.0,5.8481,34.9598,140.0,29.8,0.0,23.71,1.99
340,,1.06,,0.031,1262.0,5.416,34.9878,159.7,27.63,0.0,23.42,1.85
341,,1.06,,0.031,1262.0,5.416,34.9878,159.7,27.67,0.0,23.23,1.86
342,,0.63,,0.031,1514.0,4.6415,35.0075,192.0,24.43,0.0,23.13,1.65
343,,0.63,,0.031,1514.0,4.6415,35.0075,192.0,24.43,0.0,23.32,1.66
344,,0.76,0.027,0.031,1770.0,4.1075,34.9957,211.0,22.81,0.0,24.4,1.55
345,,0.76,0.027,0.031,1770.0,4.1075,34.9957,211.0,22.82,0.0,24.2,1.54
360,,0.8,,0.021,30.0,27.1003,36.2209,202.0,0.01,0.0,0.39,0.05
361,,0.8,,0.021,30.0,27.1003,36.2209,202.0,0.0,0.0,0.29,0.04
362,,0.81,0.079,0.017,62.0,21.086,36.6912,168.25,1.77,0.26,1.17,0.25
363,,0.81,0.079,0.017,62.0,21.086,36.6912,168.25,1.82,0.27,1.27,0.26
364,,0.74,,0.029,85.0,18.44495,36.37305,108.95,13.61,0.05,3.22,0.85
365,,0.74,,0.029,85.0,18.44495,36.37305,108.95,13.46,0.05,3.22,0.84
366,,0.62,0.388,0.041,137.0,16.20615,36.12745,98.4,17.81,0.0,5.07,1.07
367,,0.62,0.388,0.041,137.0,16.20615,36.12745,98.4,17.76,0.0,5.17,1.07
368,,0.74,0.31,0.048,181.0,15.06015,35.9414,91.4,19.55,0.0,6.14,1.17
369,,0.74,0.31,0.048,181.0,15.06015,35.9414,91.4,19.5,0.0,6.05,1.17
370,,0.7,,0.056,201.0,14.79055,35.9131,95.55,20.08,0.0,6.44,1.2
371,,0.7,,0.056,201.0,14.79055,35.9131,95.55,20.07,0.0,6.44,1.2
372,,0.89,0.16,0.063,252.0,13.7989,35.75225,87.85,22.71,0.0,7.9,1.36
373,,0.89,0.16,0.063,252.0,13.7989,35.75225,87.85,22.64,0.0,7.7,1.36
374,,0.99,,0.072,303.0,12.77645,35.59675,77.15,25.5,0.0,9.27,1.53
375,,0.99,,0.072,303.0,12.77645,35.59675,77.15,25.48,0.0,9.36,1.52
376,,0.74,0.052,0.105,354.0,12.0854,35.51385,78.0,26.87,0.0,10.44,1.6
377,,0.74,0.052,0.105,354.0,12.0854,35.51385,78.0,26.82,0.0,10.44,1.61
378,,0.71,0.026,0.14,454.0,10.47405,35.29465,74.65,29.86,0.0,13.56,1.81
379,,0.71,0.026,0.14,454.0,10.47405,35.29465,74.65,29.83,0.0,13.66,1.81
380,,0.69,,0.064,605.0,8.7052,35.09045,83.55,32.4,0.0,18.25,2.04
381,,0.69,,0.064,605.0,8.7052,35.09045,83.55,32.19,0.0,18.34,2.04
382,,1.16,,,808.0,7.0315,34.9365,103.55,32.78,0.0,22.15,2.12
383,,1.16,,,808.0,7.0315,34.9365,103.55,32.67,0.0,22.05,2.12
384,,0.95,,0.054,973.0,6.3199,34.9386,124.6,31.03,0.01,23.13,2.04
385,,0.95,,0.054,973.0,6.3199,34.9386,124.6,30.67,0.01,23.23,2.03
386,,0.83,0.026,0.055,1109.0,5.8677,34.9572,144.1,28.74,0.01,22.84,1.91
387,,0.83,0.026,0.055,1109.0,5.8677,34.9572,144.1,28.74,0.0,22.84,1.92
388,,0.7,0.05,,1261.0,5.5163,35.0132,165.3,26.4,0.0,22.35,1.78
389,,0.7,0.05,,1261.0,5.5163,35.0132,165.3,26.41,0.0,22.35,1.78
390,,0.98,,0.054,1515.0,4.715,35.0247,192.7,23.9,0.0,23.42,1.63
391,,0.98,,0.054,1515.0,4.715,35.0247,192.7,23.94,0.0,23.32,1.62
392,,1.06,,0.048,1768.0,4.0418,34.9982,213.1,22.31,0.0,24.4,1.52
393,,1.06,,0.048,1768.0,4.0418,34.9982,213.1,22.29,0.0,24.3,1.52
408,,0.2,0.104,0.04,38.0,26.64765,36.92185,203.75,0.0,0.0,0.39,0.02
409,,0.2,0.104,0.04,38.0,26.64765,36.92185,203.75,0.0,0.0,0.29,0.02
410,,0.47,,0.037,48.0,24.392,36.896,215.15,0.0,0.0,0.49,0.07
411,,0.47,,0.037,48.0,24.392,36.896,215.15,0.0,0.0,0.39,0.07
412,,0.8,,,72.0,22.4051,36.8213,181.65,1.74,0.2,0.88,0.22
413,,0.8,,,72.0,22.4051,36.8213,181.65,1.71,0.2,0.78,0.22
414,,0.9,,,90.5,20.8353,36.738,156.575,5.94,0.08,1.46,0.43
415,,0.9,,,90.5,20.8353,36.738,156.575,6.0,0.08,1.56,0.43
416,,0.73,,0.046,136.0,18.43445,36.58905,147.1,9.28,0.02,2.34,0.56
417,,0.73,,0.046,136.0,18.43445,36.58905,147.1,9.23,0.02,2.34,0.57
418,,0.59,,,186.0,16.2494,36.1759,114.45,-999.0,-999.0,-999.0,-999.0
419,,0.59,,,186.0,16.2494,36.1759,114.45,16.73,0.0,4.97,1.0
420,,0.99,,0.06,237.0,14.68305,35.891999999999996,96.3,21.42,0.0,6.83,1.29
421,,0.99,,0.06,237.0,14.68305,35.891999999999996,96.3,21.35,0.0,6.83,1.29
422,,1.33,,0.116,288.0,13.4152,35.67935,81.0,25.2,0.0,8.88,1.51
423,,1.33,,0.116,288.0,13.4152,35.67935,81.0,25.18,0.0,9.07,1.51
424,,0.78,,,354.0,12.10045,35.4885,71.0,27.94,0.0,10.93,1.68
425,,0.78,,,354.0,12.10045,35.4885,71.0,27.89,0.0,10.83,1.68
426,,0.61,,0.128,455.0,10.7935,35.3206,71.2,30.49,0.0,13.46,1.85
427,,0.61,,0.128,455.0,10.7935,35.3206,71.2,30.3,0.0,13.46,1.84
428,,0.6,,0.11,606.0,8.6514,35.05245,83.9,32.4,0.0,17.76,2.04
429,,0.6,,0.11,606.0,8.6514,35.05245,83.9,32.38,0.0,17.76,2.05
430,,0.98,0.082,,808.0,6.98895,34.9286,99.5,33.39,0.0,22.25,2.17
431,,0.98,0.082,,808.0,6.98895,34.9286,99.5,33.31,0.0,22.35,2.17
432,,0.51,,0.075,973.0,6.1959,34.9362,126.0,31.69,0.01,23.42,2.08
433,,0.51,,0.075,973.0,6.1959,34.9362,126.0,31.21,0.01,23.23,2.06
434,,0.5,0.052,,1110.0,5.7170000000000005,34.9773,150.1,28.4,0.01,22.83,1.89
435,,0.5,0.052,,1110.0,5.7170000000000005,34.9773,150.1,28.42,0.01,22.64,1.9
436,,0.58,,,1270.0,5.2749,35.0176,172.7,25.95,0.01,22.15,1.75
437,,0.58,,,1270.0,5.2749,35.0176,172.7,25.98,0.0,22.25,1.75
438,,0.68,0.053,0.045,1515.0,4.4319999999999995,35.0005,199.6,23.76,0.0,23.13,1.62
439,,0.68,0.053,0.045,1515.0,4.4319999999999995,35.0005,199.6,23.82,0.0,23.22,1.62
440,,0.79,,0.038,1769.0,3.9301,34.9879,218.0,22.28,0.01,24.01,1.52
441,,0.79,,0.038,1769.0,3.9301,34.9879,218.0,22.35,0.0,23.91,1.52
456,,0.54,0.0,,30.0,19.40015,35.0914,223.8,0.69,0.1,0.68,0.06
457,,0.54,0.0,,30.0,19.40015,35.0914,223.8,0.58,0.1,0.88,0.07
458,,0.78,0.131,,136.0,14.04715,35.80035,145.8,16.03,0.0,6.54,1.01
459,,0.78,0.131,,136.0,14.04715,35.80035,145.8,15.99,0.0,6.54,1.0
460,,0.95,0.084,,605.0,5.4183,35.022,229.7,19.15,0.0,12.12,2.14
461,,0.95,0.084,,605.0,5.4183,35.022,229.7,19.12,0.0,12.02,1.72
462,,0.66,,0.051,1821.0,3.7905,34.9485,266.1,17.37,0.0,12.9,1.12
463,,0.66,,0.051,1821.0,3.7905,34.9485,266.1,17.37,0.0,12.61,1.12
466,,0.99,0.023,0.0,35.0,19.88165,35.22595,222.75,0.26,0.06,0.98,0.04
467,,0.99,0.023,0.0,35.0,19.88165,35.22595,222.75,0.32,0.06,0.98,0.03
468,,1.19,0.058,0.0,70.0,17.559,35.8459,165.3,11.14,0.02,4.19,0.61
469,,1.19,0.058,0.0,70.0,17.559,35.8459,165.3,10.9,0.02,4.19,0.61
470,,1.06,0.0,0.0,974.0,4.2385,34.9691,259.9,17.61,0.0,11.32,1.16
471,,1.06,0.0,0.0,974.0,4.2385,34.9691,259.9,17.6,0.0,11.32,1.17
472,,0.96,0.163,0.319,1821.0,3.4672,34.9449,267.1,17.49,0.0,14.15,1.19
473,,0.96,0.163,0.319,1821.0,3.4672,34.9449,267.1,17.54,0.0,14.15,1.18
476,,1.34,0.009,0.092,28.0,25.21765,36.07635,203.05,0.0,0.0,0.68,0.02
477,,1.34,0.009,0.092,28.0,25.21765,36.07635,203.05,0.0,0.0,0.59,0.02
478,,1.03,0.081,0.085,541.0,9.4864,35.1807,129.45,24.97,0.0,13.76,1.59
479,,1.03,0.081,0.085,541.0,9.4864,35.1807,129.45,24.93,0.0,13.85,1.58
480,,0.93,0.227,0.236,1515.0,3.9218,34.9612,262.8,17.52,0.0,12.2,1.17
481,,0.93,0.227,0.236,1515.0,3.9218,34.9612,262.8,17.55,0.0,12.2,1.17
486,,0.9,0.036,0.002,90.0,23.2796,35.8104,207.7333333,0.0,0.02,0.78,0.0
487,,0.9,0.036,0.002,90.0,23.2796,35.8104,207.7333333,0.01,0.02,0.68,0.0
488,,0.97,0.213,0.071,756.0,5.9371,35.0669,215.65,20.05,0.0,12.49,1.32
489,,0.97,0.213,0.071,756.0,5.9371,35.0669,215.65,20.04,0.0,12.49,1.33
490,,0.89,0.0,0.036,1096.0,4.71695,35.016,250.15,17.92,0.0,11.22,1.2
491,,0.89,0.0,0.036,1096.0,4.71695,35.016,250.15,17.88,0.0,11.22,1.2
492,,1.0,,0.05,1618.0,3.8785,34.9672,262.7,17.54,0.0,12.39,1.18
493,,1.0,,0.05,1618.0,3.8785,34.9672,262.7,17.47,0.0,12.49,1.18
498,,1.33,0.008,,65.0,22.826,36.34125,208.95,0.0,0.0,0.29,0.0
499,,1.33,0.008,,65.0,22.826,36.34125,208.95,0.01,0.0,0.19,0.0
500,,0.84,0.024,,186.0,18.7066,36.6039,188.25,4.45,0.0,0.88,0.19
501,,0.84,0.024,,186.0,18.7066,36.6039,188.25,4.49,0.0,0.97,0.18
502,,0.75,0.093,,1516.0,4.2941,34.9784,256.6,17.76,0.0,11.81,1.17
503,,0.75,0.093,,1516.0,4.2941,34.9784,256.6,17.6,0.0,11.81,1.16
504,,0.86,0.172,,1821.0,3.9354,34.9651,262.2,17.56,0.0,12.98,1.18
505,,0.86,0.172,,1821.0,3.9354,34.9651,262.2,17.57,0.0,13.08,1.18
506,,0.66,,,40.0,24.026025,36.573925,209.7,0.0,0.0,0.29,0.03
507,,0.66,,,40.0,24.026025,36.573925,209.7,0.0,0.0,0.29,0.02
508,,0.71,,,84.0,23.00845,36.6566,211.75,0.0,0.0,0.1,0.02
509,,0.71,,,84.0,23.00845,36.6566,211.75,0.0,0.0,0.0,0.02
510,,0.71,,,84.0,23.00845,36.6566,211.75,-999.0,-999.0,-999.0,-999.0
511,,0.71,,,84.0,23.00845,36.6566,211.75,-999.0,-999.0,-999.0,-999.0
512,,0.67,,,136.0,19.130975,36.630575,201.525,0.78,0.02,0.39,0.0
513,,0.67,,,136.0,19.130975,36.630575,201.525,0.79,0.03,0.29,0.0
514,,1.21,,0.155,1821.0,3.80245,34.96555,262.8,17.63,0.0,12.88,1.19
515,,1.21,,0.155,1821.0,3.80245,34.96555,262.8,17.62,0.0,12.88,1.19
518,,1.67,,0.009,60.0,24.6379,36.6413,207.5,0.0,0.0,0.19,0.0
519,,1.67,,0.009,60.0,24.6379,36.6413,207.5,0.0,0.0,0.1,0.0
520,,0.73,,,288.0,18.1369,36.5703,203.4,3.79,0.0,0.68,0.16
521,,0.73,,,288.0,18.1369,36.5703,203.4,3.78,0.0,0.68,0.15
522,,,,,354.0,17.44886667,36.46053333,201.2333333,5.39,0.0,1.36,0.26
523,,,,,354.0,17.44886667,36.46053333,201.2333333,5.38,0.0,1.36,0.26
524,,1.06,0.034,0.0,424.0,16.86,36.3554,199.6,6.33,0.0,1.66,0.33
525,,1.06,0.034,0.0,424.0,16.86,36.3554,199.6,6.32,0.0,1.66,0.33
526,,0.56,,,101.0,20.4972,36.8096,219.7,0.0,0.05,0.29,0.0
527,,0.56,,,101.0,20.4972,36.8096,219.7,0.0,0.06,0.19,0.0
528,,0.55,,,136.0,19.5961,36.7332,201.2,0.88,0.0,0.29,0.0
529,,0.55,,,136.0,19.5961,36.7332,201.2,0.87,0.01,0.29,0.0
530,,0.66,,,186.0,18.5523,36.6041,195.3,3.26,0.0,0.78,0.1
531,,0.66,,,186.0,18.5523,36.6041,195.3,3.25,0.0,0.68,0.1
532,,0.64,0.043,,352.0,17.1665,36.4135,201.5,5.46,0.0,1.36,0.25
533,,0.64,0.043,,352.0,17.1665,36.4135,201.5,5.44,0.0,1.27,0.25
534,,1.14,,,857.0,8.8138,35.2298,152.1,23.83,0.0,13.95,1.52
535,,1.14,,,857.0,8.8138,35.2298,152.1,23.73,0.0,13.95,1.53
536,,1.11,,,1009.0,7.0404,35.1097,170.1,23.73,0.0,15.9,1.56
537,,1.11,,,1009.0,7.0404,35.1097,170.1,23.78,0.0,15.9,1.56
538,,0.58,0.0,,70.0,23.19285,37.00495,230.0,0.0,0.0,0.1,0.0
539,,0.58,0.0,,70.0,23.19285,37.00495,230.0,0.0,0.0,0.0,0.0
540,,0.56,,,186.0,18.67295,36.6336,190.55,3.03,0.0,0.58,0.1
541,,0.56,,,186.0,18.67295,36.6336,190.55,2.95,0.0,0.58,0.09
542,,0.54,0.155,,237.0,18.02405,36.55315,191.5,4.54,0.0,0.97,0.19
543,,0.54,0.155,,237.0,18.02405,36.55315,191.5,4.54,0.0,0.88,0.2
544,,0.65,0.028,,433.0,16.04955,36.20605,187.6,8.31,0.0,2.34,0.47
545,,0.65,0.028,,433.0,16.04955,36.20605,187.6,8.24,0.0,2.24,0.46
546,,0.62,0.156,0.005,50.0,25.2672,37.0772,205.2,0.0,0.0,0.29,0.0
547,,0.62,0.156,0.005,50.0,25.2672,37.0772,205.2,0.0,0.0,0.19,0.0
548,,0.62,0.176,0.0,137.0,20.3513,36.8289,215.3,0.33,0.01,0.1,0.0
549,,0.62,0.176,0.0,137.0,20.3513,36.8289,215.3,0.32,0.01,0.0,0.0
550,,0.71,0.23,,424.0,16.5467,36.295,191.4,7.42,0.0,1.75,0.38
551,,0.71,0.23,,424.0,16.5467,36.295,191.4,7.4,0.0,1.75,0.38
552,,0.87,0.003,0.045,56.0,25.14183333,37.3953,205.9,0.0,0.0,0.19,0.0
553,,0.87,0.003,0.045,56.0,25.14183333,37.3953,205.9,0.0,0.0,0.29,0.0
554,,0.63,0.001,0.152,92.0,22.6021,37.17386667,221.0333333,0.0,0.01,0.19,0.0
555,,0.63,0.001,0.152,92.0,22.6021,37.17386667,221.0333333,0.01,0.01,0.1,0.0
556,,0.58,0.007,0.167,109.0,21.7219,37.07426667,215.43333330000002,0.17,0.05,0.19,0.0
557,,0.58,0.007,0.167,109.0,21.7219,37.07426667,215.43333330000002,0.16,0.05,0.29,0.0
558,,0.84,0.008,0.119,237.0,18.02583333,36.56736667,189.6,5.07,0.0,1.07,0.22
559,,0.84,0.008,0.119,237.0,18.02583333,36.56736667,189.6,5.09,0.0,1.07,0.23
560,,0.86,0.008,0.224,287.0,17.3809,36.45276667,192.83333330000002,5.56,0.0,1.17,0.27
561,,0.86,0.008,0.224,287.0,17.3809,36.45276667,192.83333330000002,5.58,0.0,1.36,0.27
562,,0.86,0.004,0.335,340.0,16.74596667,36.3378,196.3666667,6.61,0.0,1.56,0.34
563,,0.86,0.004,0.335,340.0,16.74596667,36.3378,196.3666667,6.59,0.0,1.75,0.34
564,,1.18,0.052,0.155,974.0,6.89725,35.0258,151.85,26.24,0.0,17.95,1.74
565,,1.18,0.052,0.155,974.0,6.89725,35.0258,151.85,26.23,0.0,17.86,1.74
566,,1.12,0.084,,1516.0,4.99965,35.09235,231.4,18.96,0.0,14.05,1.29
567,,1.12,0.084,,1516.0,4.99965,35.09235,231.4,18.99,0.0,14.15,1.29
568,,1.17,0.103,,1668.0,4.66825,35.0924,236.6,18.87,0.0,15.71,1.29
569,,1.17,0.103,,1668.0,4.66825,35.0924,236.6,18.84,0.0,15.61,1.29
570,,,0.003,0.109,50.0,25.396,37.6314,204.2,0.0,0.0,0.19,0.0
571,,,0.003,0.109,50.0,25.396,37.6314,204.2,0.0,0.0,0.19,0.0
572,,,0.007,0.173,136.0,21.4584,37.1816,203.4,0.22,0.05,0.1,0.0
573,,,0.007,0.173,136.0,21.4584,37.1816,203.4,0.21,0.05,0.0,0.0
574,,0.6,0.013,0.186,186.0,19.5744,36.8543,173.4,3.85,0.0,0.58,0.16
575,,0.6,0.013,0.186,186.0,19.5744,36.8543,173.4,3.82,0.0,0.58,0.15
576,,0.75,0.028,,534.0,13.2617,35.791,177.0,13.78,0.0,4.49,0.81
577,,0.75,0.028,,534.0,13.2617,35.791,177.0,13.73,0.0,4.39,0.81
578,,0.71,0.003,0.063,40.0,25.21765,37.6324,205.45,0.0,0.0,0.29,0.01
579,,0.71,0.003,0.063,40.0,25.21765,37.6324,205.45,0.0,0.0,0.19,0.0
580,,1.16,0.024,,288.0,17.3065,36.4528,187.4,6.14,0.0,1.17,0.32
581,,1.16,0.024,,288.0,17.3065,36.4528,187.4,6.1,0.0,1.27,0.31
582,,1.2,0.012,0.292,424.0,14.87555,36.03465,176.8,11.55,0.0,3.12,0.67
583,,1.2,0.012,0.292,424.0,14.87555,36.03465,176.8,11.52,0.0,3.12,0.68
584,,0.92,0.102,0.134,975.0,7.1497,35.1402,161.4,24.71,0.0,16.69,1.61
585,,0.92,0.102,0.134,975.0,7.1497,35.1402,161.4,24.68,0.0,16.69,1.61
586,,0.98,0.089,0.126,1339.0,5.6949,35.1532,206.8,21.25,0.0,16.1,1.41
587,,0.98,0.089,0.126,1339.0,5.6949,35.1532,206.8,21.28,0.0,16.2,1.41
588,,0.96,0.036,0.195,1821.0,4.0644,35.0349,237.0,19.96,0.0,19.81,1.34
589,,0.96,0.036,0.195,1821.0,4.0644,35.0349,237.0,19.96,0.0,19.81,1.34
594,,0.64,0.004,,61.0,25.7312,37.4585,203.0,0.04,0.0,0.19,0.0
595,,0.64,0.004,,61.0,25.7312,37.4585,203.0,0.0,0.0,0.19,0.0
596,,0.46,0.004,,107.0,23.3165,37.397,209.4,0.0,0.08,0.1,0.0
597,,0.46,0.004,,107.0,23.3165,37.397,209.4,0.01,0.08,0.0,0.0
598,,0.44,0.004,0.061,137.0,22.2062,37.2795,194.9,0.62,0.01,0.19,0.11
599,,0.44,0.004,0.061,137.0,22.2062,37.2795,194.9,0.59,0.02,0.19,0.09
600,,0.57,0.01,0.096,188.0,19.9999,36.9241,176.6,3.74,0.0,0.68,0.23
601,,0.57,0.01,0.096,188.0,19.9999,36.9241,176.6,3.73,0.0,0.58,0.22
602,,0.65,0.002,0.013,240.0,18.4549,36.6549,173.2,6.32,0.0,1.17,0.39
603,,0.65,0.002,0.013,240.0,18.4549,36.6549,173.2,6.33,0.0,1.27,0.38
604,,0.68,0.005,0.142,287.0,17.4297,36.4752,177.0,8.2,0.0,1.85,0.5
605,,0.68,0.005,0.142,287.0,17.4297,36.4752,177.0,8.17,0.0,1.85,0.49
606,,0.74,0.012,0.409,355.0,16.1941,36.2489,169.3,11.54,0.0,2.93,0.7
607,,0.74,0.012,0.409,355.0,16.1941,36.2489,169.3,11.35,0.0,2.93,0.69
608,,0.77,0.006,0.364,425.0,14.9009,36.024,154.2,13.93,0.0,3.9,0.85
609,,0.77,0.006,0.364,425.0,14.9009,36.024,154.2,13.92,0.0,3.9,0.85
610,,0.97,0.062,0.212,535.0,13.3848,35.7991,152.5,16.72,0.0,5.46,1.02
611,,0.97,0.062,0.212,535.0,13.3848,35.7991,152.5,16.64,0.0,5.56,1.02
612,,1.1,0.061,,606.0,12.1389,35.6337,148.1,18.67,0.0,7.12,1.16
613,,1.1,0.061,,606.0,12.1389,35.6337,148.1,18.64,0.0,7.12,1.15
614,,1.04,0.015,0.216,860.0,8.1463,35.1877,149.4,25.09,0.0,15.61,1.64
615,,1.04,0.015,0.216,860.0,8.1463,35.1877,149.4,25.01,0.0,15.61,1.64
616,,0.96,0.035,,1011.0,6.6934,35.0634,159.9,25.86,0.0,18.44,1.73
617,,0.96,0.035,,1011.0,6.6934,35.0634,159.9,25.88,0.0,18.34,1.74
618,,1.11,0.092,0.131,706.0,9.7916,35.34905,135.0,23.8,0.0,11.8,1.48
619,,1.11,0.092,0.131,706.0,9.7916,35.34905,135.0,23.84,0.0,12.1,1.48
620,,1.12,0.089,0.141,817.0,8.1008,35.15605,135.85,26.38,0.0,16.0,1.69
621,,1.12,0.089,0.141,817.0,8.1008,35.15605,135.85,26.38,0.0,15.9,1.69
622,,1.0,0.072,0.135,934.3333332999998,7.021666667000001,35.05993333,145.5,27.21,0.0,18.64,1.79
623,,1.0,0.072,0.135,934.3333332999998,7.021666667000001,35.05993333,145.5,27.19,0.0,18.64,1.78
624,,0.87,0.034,0.029,1071.0,6.0934,35.0137,163.95,26.05,0.0,19.32,1.73
625,,0.87,0.034,0.029,1071.0,6.0934,35.0137,163.95,26.07,0.0,19.22,1.73
626,,,0.024,,1516.0,4.7121,35.04225,215.2,21.62,0.0,18.35,1.45
627,,,0.024,,1516.0,4.7121,35.04225,215.2,21.63,0.0,18.25,1.45
628,,0.84,,0.03,1770.0,4.2175,35.0323,226.5,20.9,0.0,20.2,1.41
629,,0.84,,0.03,1770.0,4.2175,35.0323,226.5,20.91,0.0,20.2,1.41
630,,0.5,0.019,0.078,101.0,23.2701,37.0688,205.4,0.67,0.1,0.19,0.07
631,,0.5,0.019,0.078,101.0,23.2701,37.0688,205.4,0.65,0.1,0.19,0.07
632,,0.92,0.007,0.406,288.0,15.2679,36.0806,144.5,13.72,0.0,3.51,0.8
633,,0.92,0.007,0.406,288.0,15.2679,36.0806,144.5,13.74,0.0,3.61,0.81
634,,0.42,0.004,0.111,51.0,24.8187,37.1725,206.2,0.0,0.0,0.1,0.0
635,,0.42,0.004,0.111,51.0,24.8187,37.1725,206.2,0.0,0.0,0.0,0.0
636,,0.35,0.003,,95.66666667,22.3062,37.02836667,203.2333333,0.12,0.08,0.19,0.02
637,,0.35,0.003,,95.66666667,22.3062,37.02836667,203.2333333,0.15,0.07,0.19,0.02
638,,0.53,0.016,,126.0,19.87755,36.71425,156.7,6.13,0.02,1.07,0.38
639,,0.53,0.016,,126.0,19.87755,36.71425,156.7,5.92,0.02,1.07,0.37
640,,0.73,0.041,0.019,187.0,16.50795,36.1741,110.7,14.74,0.0,3.7,0.86
641,,0.73,0.041,0.019,187.0,16.50795,36.1741,110.7,14.78,0.0,3.7,0.86
642,,0.86,0.056,0.001,238.0,15.3804,36.058,114.45,15.73,0.0,4.29,0.93
643,,0.86,0.056,0.001,238.0,15.3804,36.058,114.45,15.72,0.0,4.39,0.93
644,,1.26,0.114,,671.0,8.72355,35.18685,112.05,27.89,0.0,15.51,1.79
645,,1.26,0.114,,671.0,8.72355,35.18685,112.05,27.89,0.0,15.42,1.8
646,,1.09,,,1212.0,5.57015,35.0273,171.85,25.49,0.0,20.2,1.74
647,,1.09,,,1212.0,5.57015,35.0273,171.85,25.55,0.0,20.3,1.75
648,,0.84,0.01,0.217,129.0,19.3563,36.6942,169.9,6.33,0.01,0.97,0.37
649,,0.84,0.01,0.217,129.0,19.3563,36.6942,169.9,6.25,0.02,1.07,0.37
650,,1.08,0.145,0.137,284.0,13.6918,35.6869,85.1,23.42,0.0,7.22,1.4
651,,1.08,0.145,0.137,284.0,13.6918,35.6869,85.1,23.38,0.0,7.22,1.39
652,,1.37,0.155,0.103,404.0,12.4337,35.5924,91.7,24.1,0.0,8.39,1.43
653,,1.37,0.155,0.103,404.0,12.4337,35.5924,91.7,24.02,0.0,8.39,1.43
654,,1.55,0.099,,478.0,11.2413,35.4254,84.7,27.26,0.0,10.73,1.64
655,,1.55,0.099,,478.0,11.2413,35.4254,84.7,27.22,0.0,10.73,1.63
656,,0.47,0.013,0.178,40.0,24.7018,36.82375,207.1,0.01,0.0,0.0,0.0
657,,0.47,0.013,0.178,40.0,24.7018,36.82375,207.1,0.0,0.0,0.0,0.0
658,,0.58,0.14,0.0,71.0,21.62265,36.6588,201.3,0.71,0.11,0.49,0.13
659,,0.58,0.14,0.0,71.0,21.62265,36.6588,201.3,0.65,0.11,0.49,0.13
660,,1.29,0.058,0.054,288.0,12.5515,35.49435,70.65,26.42,0.0,8.97,1.6
661,,1.29,0.058,0.054,288.0,12.5515,35.49435,70.65,26.41,0.0,9.07,1.6
662,,1.38,0.191,0.11,454.5,10.557425,35.26955,61.875,30.75,0.0,12.59,1.86
663,,1.38,0.191,0.11,454.5,10.557425,35.26955,61.875,30.82,0.0,12.78,1.87
664,,1.29,0.076,0.183,808.0,7.1641,34.92195,101.2,32.49,0.0,20.88,2.11
665,,1.29,0.076,0.183,808.0,7.1641,34.92195,101.2,32.42,0.0,20.79,2.11
666,,1.01,0.06,0.22,1110.0,5.9015,34.96035,141.85,28.79,0.0,22.25,1.92
667,,1.01,0.06,0.22,1110.0,5.9015,34.96035,141.85,28.85,0.0,22.05,1.93
