,MMHg_pM,PRES,TEMP,PSAL,DOXY,NITRAT
0,0.012,20.2,-0.7891,29.412,433.4,0.33
1,0.012,20.2,-0.7891,29.412,433.4,0.01
2,0.026000000000000002,44.3,-1.2086,31.7411,399.2,6.8
3,0.026000000000000002,44.3,-1.2086,31.7411,398.4,5.1
4,0.045,80.7,-1.5536,32.3635,318.8,11.79
5,0.045,80.7,-1.5536,32.3635,318.8,11.22
6,0.038,121.2,-1.7012,32.878,310.0,16.46
7,0.038,121.2,-1.7012,32.878,313.9,15.34
8,0.016,19.0,-0.5989,28.576999999999998,394.3,0.27
9,0.016,19.0,-0.5989,28.576999999999998,394.3,1.31
10,0.016,19.6,-0.6061,28.6159,393.9,0.04
11,0.016,19.6,-0.6061,28.6159,393.9,0.09
12,0.022000000000000002,39.0,-0.7804,29.962,392.6,0.04
13,0.022000000000000002,39.0,-0.7804,29.962,392.6,0.03
14,0.022000000000000002,39.4,-0.7766,29.9845,391.7,0.05
15,0.022000000000000002,39.4,-0.7766,29.9845,391.7,0.17
16,0.046,59.5,-0.2656,31.17,369.6,1.8
17,0.046,59.5,-0.2656,31.17,369.6,2.09
18,0.026000000000000002,16.8,-0.4721,28.5222,373.4,0.04
19,0.026000000000000002,16.8,-0.4721,28.5222,373.4,0.04
20,0.026000000000000002,16.8,-0.4721,28.5222,373.4,0.04
21,0.026000000000000002,16.8,-0.4721,28.5222,373.4,0.04
22,0.027000000000000003,29.0,-0.9131,29.2525,377.0,0.18
23,0.027000000000000003,29.0,-0.9131,29.2525,377.0,3.2
24,0.027000000000000003,29.0,-0.9131,29.2525,377.0,0.18
25,0.027000000000000003,29.0,-0.9131,29.2525,377.0,3.2
26,0.02,55.4,-0.0172,31.1036,353.3,6.84
27,0.02,55.4,-0.0172,31.1036,353.3,4.99
28,0.02,55.4,-0.0172,31.1036,353.3,6.84
29,0.02,55.4,-0.0172,31.1036,353.3,4.99
30,0.025,74.6,-0.8271,31.849,311.8,10.65
31,0.025,74.6,-0.8271,31.849,311.8,9.36
32,0.025,74.6,-0.8271,31.849,311.8,10.65
33,0.025,74.6,-0.8271,31.849,311.8,9.36
34,0.018000000000000002,99.9,-1.3139,32.4026,286.4,12.77
35,0.018000000000000002,99.9,-1.3139,32.4026,286.4,12.82
36,0.018000000000000002,99.9,-1.3139,32.4026,286.4,12.77
37,0.018000000000000002,99.9,-1.3139,32.4026,286.4,12.82
38,0.006,150.6,-1.5505,32.7927,212.1,17.56
39,0.006,150.6,-1.5505,32.7927,212.1,17.07
40,0.006,150.6,-1.5505,32.7927,212.1,17.56
41,0.006,150.6,-1.5505,32.7927,212.1,17.07
42,0.013000000000000001,170.6,-1.5296,32.9555,230.5,16.19
43,0.013000000000000001,170.6,-1.5296,32.9555,230.5,15.48
44,0.013000000000000001,170.6,-1.5296,32.9555,230.5,16.19
45,0.013000000000000001,170.6,-1.5296,32.9555,230.5,15.48
46,0.05,206.1,-1.3951,33.2352,249.8,16.2
47,0.05,206.1,-1.3951,33.2352,249.8,15.68
48,0.05,206.1,-1.3951,33.2352,249.8,16.2
49,0.05,206.1,-1.3951,33.2352,249.8,15.68
50,0.049,227.5,-1.2695,33.5626,258.0,14.56
51,0.049,227.5,-1.2695,33.5626,258.0,14.77
52,0.049,227.5,-1.2695,33.5626,258.0,14.56
53,0.049,227.5,-1.2695,33.5626,258.0,14.77
54,0.012,277.0,-0.1681,34.4782,251.1,12.76
55,0.012,277.0,-0.1681,34.4782,251.1,12.72
56,0.012,277.0,-0.1681,34.4782,251.1,12.76
57,0.012,277.0,-0.1681,34.4782,251.1,12.72
58,0.038,378.1,0.7756,34.8003,279.7,12.27
59,0.038,378.1,0.7756,34.8003,279.7,12.27
60,0.038,378.1,0.7756,34.8003,279.7,12.27
61,0.038,378.1,0.7756,34.8003,279.7,12.27
62,0.01,482.9,0.9259999999999999,34.8458,285.0,12.33
63,0.01,482.9,0.9259999999999999,34.8458,285.0,12.33
64,0.01,482.9,0.9259999999999999,34.8458,285.0,12.33
65,0.01,482.9,0.9259999999999999,34.8458,285.0,12.33
66,0.006999999999999999,484.4,0.9351,34.8468,284.5,12.27
67,0.006999999999999999,484.4,0.9351,34.8468,284.5,12.28
68,0.006999999999999999,484.4,0.9351,34.8468,284.5,12.27
69,0.006999999999999999,484.4,0.9351,34.8468,284.5,12.28
70,0.009000000000000001,606.0,0.6619,34.859,288.0,12.25
71,0.009000000000000001,606.0,0.6619,34.859,288.0,12.25
72,0.009000000000000001,606.0,0.6619,34.859,288.0,12.25
73,0.009000000000000001,606.0,0.6619,34.859,288.0,12.25
74,0.006999999999999999,707.2,0.45,34.8632,290.8,12.18
75,0.006999999999999999,707.2,0.45,34.8632,290.8,12.2
76,0.006999999999999999,707.2,0.45,34.8632,290.8,12.18
77,0.006999999999999999,707.2,0.45,34.8632,290.8,12.2
78,0.006999999999999999,808.8,0.2481,34.8656,292.6,12.11
79,0.006999999999999999,808.8,0.2481,34.8656,292.6,12.12
80,0.013000000000000001,1032.0,-0.0521,34.8764,294.6,12.25
81,0.013000000000000001,1032.0,-0.0521,34.8764,294.6,12.24
82,0.02,1215.2,-0.2074,34.8869,294.6,12.48
83,0.02,1215.2,-0.2074,34.8869,294.6,12.47
84,0.013000000000000001,1418.5,-0.3304,34.8991,295.0,12.93
85,0.013000000000000001,1418.5,-0.3304,34.8991,295.0,13.1
86,0.01,1622.1,-0.4148,34.9151,292.6,13.61
87,0.01,1622.1,-0.4148,34.9151,292.6,13.62
88,0.013000000000000001,1774.8,-0.431,34.9297,288.9,14.08
89,0.013000000000000001,1774.8,-0.431,34.9297,288.9,14.11
96,0.08199999999999999,18.1,-1.3051,28.4017,385.6,0.04
97,0.08199999999999999,18.1,-1.3051,28.4017,385.6,0.09
98,0.08199999999999999,18.1,-1.3051,28.4017,385.6,0.04
99,0.08199999999999999,18.1,-1.3051,28.4017,385.6,0.09
100,0.024,24.3,-1.2443,29.0812,388.9,0.47
101,0.024,24.3,-1.2443,29.0812,388.9,0.45
102,0.024,24.3,-1.2443,29.0812,388.9,0.47
103,0.024,24.3,-1.2443,29.0812,388.9,0.45
104,0.024,47.4,-1.3673,29.7963,381.8,2.8
105,0.024,47.4,-1.3673,29.7963,381.8,2.51
106,0.024,47.4,-1.3673,29.7963,381.8,2.8
107,0.024,47.4,-1.3673,29.7963,381.8,2.51
108,0.008,52.5,-1.3112,30.4657,354.0,2.91
109,0.008,52.5,-1.3112,30.4657,354.0,5.14
110,0.008,52.5,-1.3112,30.4657,354.0,2.91
111,0.008,52.5,-1.3112,30.4657,354.0,5.14
112,0.024,70.5,-1.3032,32.2072,269.9,11.11
113,0.024,70.5,-1.3032,32.2072,269.9,11.16
114,0.024,70.5,-1.3032,32.2072,269.9,11.11
115,0.024,70.5,-1.3032,32.2072,269.9,11.16
116,0.008,95.7,-1.3712,33.6115,286.3,8.24
117,0.008,95.7,-1.3712,33.6115,286.3,8.42
118,0.008,95.7,-1.3712,33.6115,286.3,8.24
119,0.008,95.7,-1.3712,33.6115,286.3,8.42
120,0.025,131.1,-1.3137,34.2096,304.1,7.98
121,0.025,131.1,-1.3137,34.2096,304.1,7.92
122,0.025,131.1,-1.3137,34.2096,304.1,7.98
123,0.025,131.1,-1.3137,34.2096,304.1,7.92
124,0.055,202.1,0.1008,34.6114,295.8,10.22
125,0.055,202.1,0.1008,34.6114,295.8,10.22
126,0.055,202.1,0.1008,34.6114,295.8,10.22
127,0.055,202.1,0.1008,34.6114,295.8,10.22
128,0.075,278.0,0.8439,34.8168,293.8,11.64
129,0.075,278.0,0.8439,34.8168,293.8,11.65
130,0.075,278.0,0.8439,34.8168,293.8,11.64
131,0.075,278.0,0.8439,34.8168,293.8,11.65
132,0.073,353.8,0.9844,34.8529,296.6,11.87
133,0.073,353.8,0.9844,34.8529,296.6,11.86
134,0.073,353.8,0.9844,34.8529,296.6,11.87
135,0.073,353.8,0.9844,34.8529,296.6,11.86
136,0.08199999999999999,429.9,0.9425,34.8725,299.0,11.89
137,0.08199999999999999,429.9,0.9425,34.8725,299.0,11.88
138,0.08199999999999999,429.9,0.9425,34.8725,299.0,11.89
139,0.08199999999999999,429.9,0.9425,34.8725,299.0,11.88
140,0.0895,505.0,0.6778,34.8717,301.2,11.92
141,0.0895,505.0,0.6778,34.8717,301.2,11.94
142,0.0895,505.1,0.7118,34.8745,299.6,11.9
143,0.0895,505.1,0.7118,34.8745,299.6,11.91
144,0.0895,505.0,0.6778,34.8717,301.2,11.92
145,0.0895,505.0,0.6778,34.8717,301.2,11.94
146,0.0895,505.1,0.7118,34.8745,299.6,11.9
147,0.0895,505.1,0.7118,34.8745,299.6,11.91
148,0.091,758.6,0.1365,34.8774,303.1,12.04
149,0.091,758.6,0.1365,34.8774,303.1,12.06
150,0.091,758.6,0.1365,34.8774,303.1,12.04
151,0.091,758.6,0.1365,34.8774,303.1,12.06
152,0.09,1012.5,-0.1363,34.8908,305.0,12.29
153,0.09,1012.5,-0.1363,34.8908,305.0,12.34
154,0.04,1266.3,-0.2998,34.9061,303.8,12.92
155,0.04,1266.3,-0.2998,34.9061,303.8,12.94
156,0.045,1841.6,-0.40700000000000003,34.9427,298.2,14.13
157,0.045,1841.6,-0.40700000000000003,34.9427,298.2,14.14
170,0.301,18.3,-1.4333,28.3995,378.6,0.35
171,0.301,18.3,-1.4333,28.3995,378.6,0.49
172,0.301,18.3,-1.4333,28.3995,378.6,0.35
173,0.301,18.3,-1.4333,28.3995,378.6,0.49
174,0.105,22.9,-1.3993,28.8573,376.3,0.8
175,0.105,22.9,-1.3993,28.8573,376.3,0.59
176,0.105,22.9,-1.3993,28.8573,376.3,0.8
177,0.105,22.9,-1.3993,28.8573,376.3,0.59
178,0.081,39.2,-0.9418,29.9886,339.2,0.33
179,0.081,39.2,-0.9418,29.9886,339.2,0.21
180,0.081,39.2,-0.9418,29.9886,339.2,0.33
181,0.081,39.2,-0.9418,29.9886,339.2,0.21
182,0.042,55.6,-0.3812,31.1428,322.5,3.24
183,0.042,55.6,-0.3812,31.1428,322.5,3.38
184,0.042,55.6,-0.3812,31.1428,322.5,3.24
185,0.042,55.6,-0.3812,31.1428,322.5,3.38
186,0.11,100.1,-1.4353,33.9542,300.9,7.75
187,0.11,100.1,-1.4353,33.9542,300.9,7.76
188,0.11,100.1,-1.4353,33.9542,300.9,7.75
189,0.11,100.1,-1.4353,33.9542,300.9,7.76
190,0.156,125.1,-1.0845,34.2448,301.9,8.33
191,0.156,125.1,-1.0845,34.2448,301.9,8.43
192,0.156,125.1,-1.0845,34.2448,301.9,8.33
193,0.156,125.1,-1.0845,34.2448,301.9,8.43
194,0.040999999999999995,176.1,-0.0007,34.5455,295.0,10.19
195,0.040999999999999995,176.1,-0.0007,34.5455,295.0,10.39
196,0.040999999999999995,176.1,-0.0007,34.5455,295.0,10.19
197,0.040999999999999995,176.1,-0.0007,34.5455,295.0,10.39
198,0.021,226.5,0.7018,34.7885,290.7,11.84
199,0.021,226.5,0.7018,34.7885,290.7,11.85
200,0.021,226.5,0.7018,34.7885,290.7,11.84
201,0.021,226.5,0.7018,34.7885,290.7,11.85
202,0.021,226.5,0.7018,34.7885,290.7,11.84
203,0.021,226.5,0.7018,34.7885,290.7,11.85
204,0.021,226.5,0.7018,34.7885,290.7,11.84
205,0.021,226.5,0.7018,34.7885,290.7,11.85
206,0.069,261.9,0.7885,34.8116,292.0,11.93
207,0.069,261.9,0.7885,34.8116,292.0,11.94
208,0.069,261.9,0.7885,34.8116,292.0,11.93
209,0.069,261.9,0.7885,34.8116,292.0,11.94
210,0.064,378.3,0.9249,34.868,296.6,12.21
211,0.064,378.3,0.9249,34.868,296.6,12.23
212,0.064,378.3,0.9249,34.868,296.6,12.21
213,0.064,378.3,0.9249,34.868,296.6,12.23
214,0.086,504.9,0.5672,34.8697,297.7,12.39
215,0.086,504.9,0.5672,34.8697,297.7,12.37
216,0.086,505.2,0.5735,34.8684,296.5,12.22
217,0.086,505.2,0.5735,34.8684,296.5,12.26
218,0.086,504.9,0.5672,34.8697,297.7,12.39
219,0.086,504.9,0.5672,34.8697,297.7,12.37
220,0.086,505.2,0.5735,34.8684,296.5,12.22
221,0.086,505.2,0.5735,34.8684,296.5,12.26
222,0.032,809.4,0.0067,34.8766,300.5,12.3
223,0.032,809.4,0.0067,34.8766,300.5,12.34
224,0.032,809.4,0.0067,34.8766,300.5,12.3
225,0.032,809.4,0.0067,34.8766,300.5,12.34
226,0.102,1012.5,-0.1695,34.8894,301.5,12.53
227,0.102,1012.5,-0.1695,34.8894,301.5,12.57
228,0.102,1012.5,-0.1695,34.8894,301.5,12.53
229,0.102,1012.5,-0.1695,34.8894,301.5,12.57
230,0.02,1419.0,-0.3467,34.9204,299.6,13.45
231,0.02,1419.0,-0.3467,34.9204,299.6,13.46
232,0.02,1419.0,-0.3467,34.9204,299.6,13.45
233,0.02,1419.0,-0.3467,34.9204,299.6,13.46
234,0.01,1928.5,-0.4058,34.9463,295.9,14.2
235,0.01,1928.5,-0.4058,34.9463,295.9,14.2
236,0.01,1928.5,-0.4058,34.9463,295.9,14.2
237,0.01,1928.5,-0.4058,34.9463,295.9,14.2
250,0.035,19.2,-1.5947,31.4114,341.7,2.54
251,0.035,19.2,-1.5947,31.4114,341.7,2.55
252,0.035,19.2,-1.5947,31.4114,341.7,2.54
253,0.035,19.2,-1.5947,31.4114,341.7,2.55
254,0.03,39.3,-1.7514,32.6726,350.2,2.3
255,0.03,39.3,-1.7514,32.6726,350.2,2.33
256,0.03,39.3,-1.7514,32.6726,350.2,2.3
257,0.03,39.3,-1.7514,32.6726,350.2,2.33
258,0.034,59.8,-1.7930000000000001,33.0834,355.7,2.15
259,0.034,59.8,-1.7930000000000001,33.0834,355.7,2.06
260,0.034,59.8,-1.7930000000000001,33.0834,355.7,2.15
261,0.034,59.8,-1.7930000000000001,33.0834,355.7,2.06
262,0.013000000000000001,79.9,-1.7812,33.3352,350.2,2.57
263,0.013000000000000001,79.9,-1.7812,33.3352,350.2,2.53
264,0.013000000000000001,79.9,-1.7812,33.3352,350.2,2.57
265,0.013000000000000001,79.9,-1.7812,33.3352,350.2,2.53
266,0.054000000000000006,99.9,-1.7248,33.5607,336.3,4.06
267,0.054000000000000006,99.9,-1.7248,33.5607,336.3,3.94
268,0.054000000000000006,99.9,-1.7248,33.5607,336.3,4.06
269,0.054000000000000006,99.9,-1.7248,33.5607,336.3,3.94
270,0.027000000000000003,125.3,-1.5182,34.1083,308.8,6.72
271,0.027000000000000003,125.3,-1.5182,34.1083,308.8,6.7
272,0.027000000000000003,125.3,-1.5182,34.1083,308.8,6.72
273,0.027000000000000003,125.3,-1.5182,34.1083,308.8,6.7
274,0.078,150.6,-0.9451,34.3499,299.1,8.51
275,0.078,150.6,-0.9451,34.3499,299.1,8.52
276,0.078,150.6,-0.9451,34.3499,299.1,8.51
277,0.078,150.6,-0.9451,34.3499,299.1,8.52
278,0.015,201.2,0.0348,34.594,294.8,9.67
279,0.015,201.2,0.0348,34.594,294.8,9.74
280,0.015,201.2,0.0348,34.594,294.8,9.67
281,0.015,201.2,0.0348,34.594,294.8,9.74
282,0.037000000000000005,277.0,1.0716,34.8299,287.0,11.65
283,0.037000000000000005,277.0,1.0716,34.8299,287.0,11.66
284,0.037000000000000005,277.0,1.0716,34.8299,287.0,11.65
285,0.037000000000000005,277.0,1.0716,34.8299,287.0,11.66
286,0.052000000000000005,352.9,1.2222,34.8735,288.8,11.89
287,0.052000000000000005,352.9,1.2222,34.8735,288.8,11.9
288,0.052000000000000005,352.9,1.2222,34.8735,288.8,11.89
289,0.052000000000000005,352.9,1.2222,34.8735,288.8,11.9
290,0.066,428.8,1.0554,34.8867,291.3,12.05
291,0.066,428.8,1.0554,34.8867,291.3,12.04
292,0.066,428.8,1.0554,34.8867,291.3,12.05
293,0.066,428.8,1.0554,34.8867,291.3,12.04
294,0.0345,504.8,0.8424,34.8919,293.6,11.96
295,0.0345,504.8,0.8424,34.8919,293.6,11.99
296,0.0345,505.1,0.8532,34.8927,290.6,11.86
297,0.0345,505.1,0.8532,34.8927,290.6,11.95
298,0.0345,504.8,0.8424,34.8919,293.6,11.96
299,0.0345,504.8,0.8424,34.8919,293.6,11.99
300,0.0345,505.1,0.8532,34.8927,290.6,11.86
301,0.0345,505.1,0.8532,34.8927,290.6,11.95
302,0.012,758.6,0.18899999999999997,34.893,293.2,11.92
303,0.012,758.6,0.18899999999999997,34.893,293.2,11.95
304,0.012,758.6,0.18899999999999997,34.893,293.2,11.92
305,0.012,758.6,0.18899999999999997,34.893,293.2,11.95
306,0.013999999999999999,1012.3,-0.0887,34.9063,292.9,12.2
307,0.013999999999999999,1012.3,-0.0887,34.9063,292.9,12.23
308,0.06,1317.2,-0.3294,34.9142,292.0,12.99
309,0.06,1317.2,-0.3294,34.9142,292.0,12.99
310,0.013000000000000001,1622.7,-0.5317,34.9164,290.6,13.65
311,0.013000000000000001,1622.7,-0.5317,34.9164,290.6,13.75
312,0.044000000000000004,1928.3,-0.5693,34.9255,287.4,14.23
313,0.044000000000000004,1928.3,-0.5693,34.9255,287.4,14.2
326,0.0,19.3,-1.4549,28.5881,365.6,0.75
327,0.0,19.3,-1.4549,28.5881,365.6,0.57
328,0.0,19.3,-1.4549,28.5881,365.6,0.75
329,0.0,19.3,-1.4549,28.5881,365.6,0.57
330,0.0,44.4,-1.5935,30.4279,345.8,2.88
331,0.0,44.4,-1.5935,30.4279,345.8,2.56
332,0.0,44.4,-1.5935,30.4279,345.8,2.88
333,0.0,44.4,-1.5935,30.4279,345.8,2.56
334,0.017,62.6,-1.6084,32.0934,322.6,6.46
335,0.017,62.6,-1.6084,32.0934,322.6,5.47
336,0.017,62.6,-1.6084,32.0934,322.6,6.46
337,0.017,62.6,-1.6084,32.0934,322.6,5.47
338,0.048,82.8,-1.4952,32.966,265.5,10.13
339,0.048,82.8,-1.4952,32.966,265.5,9.48
340,0.048,82.8,-1.4952,32.966,265.5,10.13
341,0.048,82.8,-1.4952,32.966,265.5,9.48
342,0.027999999999999997,100.2,-1.4619,33.6978,285.1,0.85
343,0.027999999999999997,100.2,-1.4619,33.6978,285.1,0.6
344,0.027999999999999997,100.2,-1.4619,33.6978,285.1,0.85
345,0.027999999999999997,100.2,-1.4619,33.6978,285.1,0.6
346,0.023,125.1,-1.3376,34.1522,293.9,7.79
347,0.023,125.1,-1.3376,34.1522,293.9,7.78
348,0.023,125.1,-1.3376,34.1522,293.9,7.79
349,0.023,125.1,-1.3376,34.1522,293.9,7.78
350,0.021,150.6,-0.8505,34.3354,291.1,8.68
351,0.021,150.6,-0.8505,34.3354,291.1,8.66
352,0.021,150.6,-0.8505,34.3354,291.1,8.68
353,0.021,150.6,-0.8505,34.3354,291.1,8.66
354,0.024,201.2,0.1405,34.6055,285.9,10.34
355,0.024,201.2,0.1405,34.6055,285.9,10.43
356,0.024,201.2,0.1405,34.6055,285.9,10.34
357,0.024,201.2,0.1405,34.6055,285.9,10.43
358,0.04,282.3,0.8209,34.8128,284.5,11.66
359,0.04,282.3,0.8209,34.8128,284.5,11.68
360,0.04,282.3,0.8209,34.8128,284.5,11.66
361,0.04,282.3,0.8209,34.8128,284.5,11.68
362,0.04,383.5,0.9346,34.8605,288.0,11.98
363,0.04,383.5,0.9346,34.8605,288.0,11.99
364,0.04,383.5,0.9346,34.8605,288.0,11.98
365,0.04,383.5,0.9346,34.8605,288.0,11.99
366,0.0,444.4,0.7756,34.8652,288.5,12.08
367,0.0,444.4,0.7756,34.8652,288.5,12.06
368,0.0,444.4,0.7756,34.8652,288.5,12.08
369,0.0,444.4,0.7756,34.8652,288.5,12.06
370,0.0575,504.9,0.6131,34.8672,290.1,12.02
371,0.0575,504.9,0.6131,34.8672,290.1,12.03
372,0.0575,505.1,0.6117,34.8656,288.5,11.99
373,0.0575,505.1,0.6117,34.8656,288.5,12.05
374,0.0575,504.9,0.6131,34.8672,290.1,12.02
375,0.0575,504.9,0.6131,34.8672,290.1,12.03
376,0.0575,505.1,0.6117,34.8656,288.5,11.99
377,0.0575,505.1,0.6117,34.8656,288.5,12.05
378,0.036000000000000004,809.5,0.0367,34.8733,290.6,12.24
379,0.036000000000000004,809.5,0.0367,34.8733,290.6,12.23
380,0.036000000000000004,1241.1,-0.2876,34.9032,291.0,12.89
381,0.036000000000000004,1241.1,-0.2876,34.9032,291.0,12.92
382,0.037000000000000005,1699.1,-0.3975,34.9359,286.4,13.87
383,0.037000000000000005,1699.1,-0.3975,34.9359,286.4,13.88
390,0.0,35.6,-1.4554,28.5948,-999.0,0.55
391,0.0,35.6,-1.4554,28.5948,-999.0,0.48
392,0.0,35.6,-1.4554,28.5948,-999.0,0.55
393,0.0,35.6,-1.4554,28.5948,-999.0,0.48
394,0.011000000000000001,54.7,-1.4846,31.0159,-999.0,2.85
395,0.011000000000000001,54.7,-1.4846,31.0159,-999.0,2.75
396,0.011000000000000001,54.7,-1.4846,31.0159,-999.0,2.85
397,0.011000000000000001,54.7,-1.4846,31.0159,-999.0,2.75
398,0.0,75.1,-1.5611,32.0271,-999.0,5.42
399,0.0,75.1,-1.5611,32.0271,-999.0,6.24
400,0.0,75.1,-1.5611,32.0271,-999.0,5.42
401,0.0,75.1,-1.5611,32.0271,-999.0,6.24
402,0.011000000000000001,100.7,-1.4134,33.0933,-999.0,13.24
403,0.011000000000000001,100.7,-1.4134,33.0933,-999.0,13.47
404,0.011000000000000001,100.7,-1.4134,33.0933,-999.0,13.24
405,0.011000000000000001,100.7,-1.4134,33.0933,-999.0,13.47
406,0.018000000000000002,140.8,-1.0482,34.1667,-999.0,9.35
407,0.018000000000000002,140.8,-1.0482,34.1667,-999.0,9.34
408,0.018000000000000002,140.8,-1.0482,34.1667,-999.0,9.35
409,0.018000000000000002,140.8,-1.0482,34.1667,-999.0,9.34
410,0.018000000000000002,140.8,-1.0482,34.1667,-999.0,9.35
411,0.018000000000000002,140.8,-1.0482,34.1667,-999.0,9.34
412,0.018000000000000002,140.8,-1.0482,34.1667,-999.0,9.35
413,0.018000000000000002,140.8,-1.0482,34.1667,-999.0,9.34
414,0.023,176.4,-0.3985,34.4237,-999.0,9.85
415,0.023,176.4,-0.3985,34.4237,-999.0,9.79
416,0.023,176.4,-0.3985,34.4237,-999.0,9.85
417,0.023,176.4,-0.3985,34.4237,-999.0,9.79
418,0.011000000000000001,227.2,0.284,34.6395,-999.0,11.02
419,0.011000000000000001,227.2,0.284,34.6395,-999.0,11.07
420,0.011000000000000001,227.2,0.284,34.6395,-999.0,11.02
421,0.011000000000000001,227.2,0.284,34.6395,-999.0,11.07
422,0.006999999999999999,277.5,0.6763,34.7832,-999.0,11.74
423,0.006999999999999999,277.5,0.6763,34.7832,-999.0,11.76
424,0.006999999999999999,277.5,0.6763,34.7832,-999.0,11.74
425,0.006999999999999999,277.5,0.6763,34.7832,-999.0,11.76
426,0.037000000000000005,332.9,0.8793,34.8416,-999.0,11.58
427,0.037000000000000005,332.9,0.8793,34.8416,-999.0,11.88
428,0.037000000000000005,332.9,0.8793,34.8416,-999.0,11.58
429,0.037000000000000005,332.9,0.8793,34.8416,-999.0,11.88
430,0.034,419.2,0.7894,34.8543,-999.0,12.02
431,0.034,419.2,0.7894,34.8543,-999.0,12.01
432,0.034,419.2,0.7894,34.8543,-999.0,12.02
433,0.034,419.2,0.7894,34.8543,-999.0,12.01
434,0.013999999999999999,505.1,0.5631,34.8515,-999.0,12.45
435,0.013999999999999999,505.1,0.5631,34.8515,-999.0,12.34
436,0.013999999999999999,505.2,0.5533,34.8532,-999.0,12.23
437,0.013999999999999999,505.2,0.5533,34.8532,-999.0,12.23
438,0.013999999999999999,505.1,0.5631,34.8515,-999.0,12.45
439,0.013999999999999999,505.1,0.5631,34.8515,-999.0,12.34
440,0.013999999999999999,505.2,0.5533,34.8532,-999.0,12.23
441,0.013999999999999999,505.2,0.5533,34.8532,-999.0,12.23
442,0.111,707.7,0.2577,34.8668,-999.0,12.09
443,0.111,707.7,0.2577,34.8668,-999.0,12.11
444,0.111,707.7,0.2577,34.8668,-999.0,12.09
445,0.111,707.7,0.2577,34.8668,-999.0,12.11
446,0.018000000000000002,1012.0,-0.0843,34.8867,-999.0,12.54
447,0.018000000000000002,1012.0,-0.0843,34.8867,-999.0,12.52
448,0.025,1418.8,-0.2993,34.9166,-999.0,13.28
449,0.025,1418.8,-0.2993,34.9166,-999.0,13.29
450,0.049,1622.5,-0.3606,34.9275,-999.0,13.67
451,0.049,1622.5,-0.3606,34.9275,-999.0,13.66
454,0.012,506.0,0.8493,34.8515,276.4,12.13
455,0.012,506.0,0.8493,34.8515,276.4,12.14
456,0.026000000000000002,718.8,0.3932,34.8627,279.6,12.29
457,0.026000000000000002,718.8,0.3932,34.8627,279.6,12.3
458,0.016,1419.9,-0.2618,34.907,285.7,13.04
459,0.016,1419.9,-0.2618,34.907,285.7,13.04
470,0.015,20.3,-1.4919,27.7364,320.1,0.0
471,0.015,20.3,-1.4919,27.7364,320.1,0.0
472,0.015,20.5,-1.4909999999999999,27.7388,320.3,0.0
473,0.015,20.5,-1.4909999999999999,27.7388,320.3,0.01
474,0.031,38.5,-1.2094,29.5908,325.8,0.0
475,0.031,38.5,-1.2094,29.5908,325.8,0.16
476,0.175,55.1,-0.3258,31.1152,297.8,3.49
477,0.175,55.1,-0.3258,31.1152,297.8,3.06
478,0.175,55.4,-0.3418,31.1542,297.4,2.81
479,0.175,55.4,-0.3418,31.1542,297.4,2.95
480,0.025,19.6,-1.3994,27.6248,320.8,0.0
481,0.025,19.6,-1.3994,27.6248,320.8,0.02
482,0.025,19.6,-1.3994,27.6248,320.8,0.0
483,0.025,19.6,-1.3994,27.6248,320.8,0.02
484,0.026000000000000002,23.5,-1.1333,29.1016,328.3,0.0
485,0.026000000000000002,23.5,-1.1333,29.1016,328.3,0.01
486,0.026000000000000002,23.5,-1.1333,29.1016,328.3,0.0
487,0.026000000000000002,23.5,-1.1333,29.1016,328.3,0.01
488,0.02,36.2,-1.2604,29.3765,327.2,0.11
489,0.02,36.2,-1.2604,29.3765,327.2,0.0
490,0.02,36.2,-1.2604,29.3765,327.2,0.11
491,0.02,36.2,-1.2604,29.3765,327.2,0.0
492,0.025,60.4,-0.0947,30.8645,310.8,1.79
493,0.025,60.4,-0.0947,30.8645,310.8,1.74
494,0.025,60.4,-0.0947,30.8645,310.8,1.79
495,0.025,60.4,-0.0947,30.8645,310.8,1.74
496,0.04,91.1,-0.9428,31.9779,264.4,9.0
497,0.04,91.1,-0.9428,31.9779,264.4,9.05
498,0.04,91.1,-0.9428,31.9779,264.4,9.0
499,0.04,91.1,-0.9428,31.9779,264.4,9.05
500,0.012,121.4,-1.2893,32.3898,252.1,12.11
501,0.012,121.4,-1.2893,32.3898,252.1,11.84
502,0.012,121.4,-1.2893,32.3898,252.1,12.11
503,0.012,121.4,-1.2893,32.3898,252.1,11.84
504,0.02,151.5,-1.3979,32.6717,240.6,13.89
505,0.02,151.5,-1.3979,32.6717,240.6,13.99
506,0.02,151.5,-1.3979,32.6717,240.6,13.89
507,0.02,151.5,-1.3979,32.6717,240.6,13.99
508,0.02,192.3,-1.4624,33.0728,228.4,15.77
509,0.02,192.3,-1.4624,33.0728,228.4,15.74
510,0.02,192.3,-1.4624,33.0728,228.4,15.77
511,0.02,192.3,-1.4624,33.0728,228.4,15.74
512,0.02,247.7,-0.9063,34.0732,222.9,13.12
513,0.02,247.7,-0.9063,34.0732,222.9,12.98
514,0.02,247.7,-0.9063,34.0732,222.9,13.12
515,0.02,247.7,-0.9063,34.0732,222.9,12.98
516,0.033,353.9,0.5214,34.7342,238.7,12.34
517,0.033,353.9,0.5214,34.7342,238.7,12.36
518,0.033,353.9,0.5214,34.7342,238.7,12.34
519,0.033,353.9,0.5214,34.7342,238.7,12.36
520,0.021,455.3,0.8157,34.8293,246.3,12.28
521,0.021,455.3,0.8157,34.8293,246.3,12.28
522,0.021,455.3,0.8157,34.8293,246.3,12.28
523,0.021,455.3,0.8157,34.8293,246.3,12.28
524,0.028999999999999998,607.4,0.6225,34.8531,248.3,12.43
525,0.028999999999999998,607.4,0.6225,34.8531,248.3,12.47
526,0.028999999999999998,607.4,0.6225,34.8531,248.3,12.43
527,0.028999999999999998,607.4,0.6225,34.8531,248.3,12.47
528,0.035,608.2,0.6203,34.8532,247.4,12.45
529,0.035,608.2,0.6203,34.8532,247.4,12.49
530,0.035,608.2,0.6203,34.8532,247.4,12.45
531,0.035,608.2,0.6203,34.8532,247.4,12.49
532,0.027000000000000003,912.5,0.1314,34.8699,250.2,12.52
533,0.027000000000000003,912.5,0.1314,34.8699,250.2,12.5
534,0.027000000000000003,912.5,0.1314,34.8699,250.2,12.52
535,0.027000000000000003,912.5,0.1314,34.8699,250.2,12.5
536,0.027999999999999997,1217.2,-0.1309,34.8897,250.6,12.77
537,0.027999999999999997,1217.2,-0.1309,34.8897,250.6,12.79
538,0.035,1828.3,-0.3836,34.9297,248.3,13.74
539,0.035,1828.3,-0.3836,34.9297,248.3,13.76
556,0.091,20.2,-0.7927,27.7748,331.8,0.0
557,0.091,20.2,-0.7927,27.7748,331.8,0.0
558,0.091,20.6,-0.5762,28.1098,332.1,0.04
559,0.091,20.6,-0.5762,28.1098,332.1,0.01
560,0.102,41.2,-0.6026,29.2497,327.0,0.07
561,0.102,41.2,-0.6026,29.2497,327.0,0.06
562,0.373,65.6,-0.0083,31.1719,303.8,1.66
563,0.373,65.6,-0.0083,31.1719,303.8,2.11
564,0.373,66.1,-0.1424,31.2088,304.0,3.6
565,0.373,66.1,-0.1424,31.2088,304.0,2.71
566,0.024,19.9,-1.2163,26.3791,320.5,0.01
567,0.024,19.9,-1.2163,26.3791,320.5,0.01
568,0.024,20.6,-1.1953,26.4128,320.1,0.0
569,0.024,20.6,-1.1953,26.4128,320.1,0.01
570,0.111,41.2,-1.057,29.1142,325.6,0.02
571,0.111,41.2,-1.057,29.1142,325.6,0.0
572,0.048,61.3,-0.2635,30.5912,319.1,0.65
573,0.048,61.3,-0.2635,30.5912,319.1,0.5
574,0.048,61.6,-0.2775,30.6221,317.4,1.25
575,0.048,61.6,-0.2775,30.6221,317.4,0.96
576,0.011000000000000001,20.5,-0.5511,27.3722,334.7,0.01
577,0.011000000000000001,20.5,-0.5511,27.3722,334.7,0.02
578,0.011000000000000001,20.5,-0.5511,27.3722,334.7,0.01
579,0.011000000000000001,20.5,-0.5511,27.3722,334.7,0.02
580,0.011000000000000001,20.5,-0.5511,27.3722,334.7,0.01
581,0.011000000000000001,20.5,-0.5511,27.3722,334.7,0.02
582,0.081,20.9,-0.526,27.4274,334.7,0.01
583,0.081,20.9,-0.526,27.4274,334.7,0.02
584,0.081,20.9,-0.526,27.4274,334.7,0.01
585,0.081,20.9,-0.526,27.4274,334.7,0.02
586,0.081,20.9,-0.526,27.4274,334.7,0.01
587,0.081,20.9,-0.526,27.4274,334.7,0.02
588,0.023,37.2,-0.7956,28.5125,331.2,0.01
589,0.023,37.2,-0.7956,28.5125,331.2,0.01
590,0.023,37.2,-0.7956,28.5125,331.2,0.01
591,0.023,37.2,-0.7956,28.5125,331.2,0.01
592,0.023,37.2,-0.7956,28.5125,331.2,0.01
593,0.023,37.2,-0.7956,28.5125,331.2,0.01
594,0.023,58.2,0.4243,30.5816,318.0,0.0
595,0.023,58.2,0.4243,30.5816,318.0,0.0
596,0.023,58.2,0.4243,30.5816,318.0,0.0
597,0.023,58.2,0.4243,30.5816,318.0,0.0
598,0.023,58.2,0.4243,30.5816,318.0,0.0
599,0.023,58.2,0.4243,30.5816,318.0,0.0
600,0.034,67.1,0.1385,31.0035,311.3,0.49
601,0.034,67.1,0.1385,31.0035,311.3,0.61
602,0.034,67.1,0.1385,31.0035,311.3,0.49
603,0.034,67.1,0.1385,31.0035,311.3,0.61
604,0.034,67.1,0.1385,31.0035,311.3,0.49
605,0.034,67.1,0.1385,31.0035,311.3,0.61
606,0.011000000000000001,86.4,-0.9936,31.7679,273.4,7.31
607,0.011000000000000001,86.4,-0.9936,31.7679,273.4,7.31
608,0.011000000000000001,86.4,-0.9936,31.7679,273.4,7.31
609,0.011000000000000001,86.4,-0.9936,31.7679,273.4,7.31
610,0.011000000000000001,86.4,-0.9936,31.7679,273.4,7.31
611,0.011000000000000001,86.4,-0.9936,31.7679,273.4,7.31
612,0.051,106.2,-1.1121,32.1679,256.8,10.63
613,0.051,106.2,-1.1121,32.1679,256.8,10.53
614,0.051,106.2,-1.1121,32.1679,256.8,10.63
615,0.051,106.2,-1.1121,32.1679,256.8,10.53
616,0.051,106.2,-1.1121,32.1679,256.8,10.63
617,0.051,106.2,-1.1121,32.1679,256.8,10.53
618,0.0,127.1,-1.3541,32.4329,250.6,11.97
619,0.0,127.1,-1.3541,32.4329,250.6,12.02
620,0.0,127.1,-1.3541,32.4329,250.6,11.97
621,0.0,127.1,-1.3541,32.4329,250.6,12.02
622,0.0,127.1,-1.3541,32.4329,250.6,11.97
623,0.0,127.1,-1.3541,32.4329,250.6,12.02
624,0.047333333,187.4,-1.4797,33.0936,228.1,15.59
625,0.047333333,187.4,-1.4797,33.0936,228.1,15.73
626,0.047333333,187.4,-1.4775,33.1135,228.4,15.87
627,0.047333333,187.4,-1.4775,33.1135,228.4,15.82
628,0.047333333,187.4,-1.4797,33.0936,228.1,15.59
629,0.047333333,187.4,-1.4797,33.0936,228.1,15.73
630,0.047333333,187.4,-1.4775,33.1135,228.4,15.87
631,0.047333333,187.4,-1.4775,33.1135,228.4,15.82
632,0.047333333,187.4,-1.4797,33.0936,228.1,15.59
633,0.047333333,187.4,-1.4797,33.0936,228.1,15.73
634,0.047333333,187.4,-1.4775,33.1135,228.4,15.87
635,0.047333333,187.4,-1.4775,33.1135,228.4,15.82
636,0.0,236.6,-0.8691,34.0823,229.5,12.55
637,0.0,236.6,-0.8691,34.0823,229.5,12.57
638,0.0,236.6,-0.8691,34.0823,229.5,12.55
639,0.0,236.6,-0.8691,34.0823,229.5,12.57
640,0.0,236.6,-0.8691,34.0823,229.5,12.55
641,0.0,236.6,-0.8691,34.0823,229.5,12.57
642,0.008,308.4,0.2645,34.6501,232.7,12.73
643,0.008,308.4,0.2645,34.6501,232.7,12.74
644,0.008,308.4,0.2645,34.6501,232.7,12.73
645,0.008,308.4,0.2645,34.6501,232.7,12.74
646,0.008,308.4,0.2645,34.6501,232.7,12.73
647,0.008,308.4,0.2645,34.6501,232.7,12.74
648,0.0255,449.6,0.7466,34.830999999999996,243.6,12.87
649,0.0255,449.6,0.7466,34.830999999999996,243.6,12.78
650,0.0255,449.6,0.7466,34.830999999999996,243.6,12.87
651,0.0255,449.6,0.7466,34.830999999999996,243.6,12.78
652,0.0255,449.6,0.7466,34.830999999999996,243.6,12.87
653,0.0255,449.6,0.7466,34.830999999999996,243.6,12.78
654,0.0,450.1,0.7729,34.8315,244.5,12.55
655,0.0,450.1,0.7729,34.8315,244.5,12.61
656,0.0,449.8,0.7463,34.830999999999996,243.6,12.77
657,0.0,449.8,0.7463,34.830999999999996,243.6,12.77
658,0.0,450.1,0.7729,34.8315,244.5,12.55
659,0.0,450.1,0.7729,34.8315,244.5,12.61
660,0.0,449.8,0.7463,34.830999999999996,243.6,12.77
661,0.0,449.8,0.7463,34.830999999999996,243.6,12.77
662,0.0,450.1,0.7729,34.8315,244.5,12.55
663,0.0,450.1,0.7729,34.8315,244.5,12.61
664,0.0,449.8,0.7463,34.830999999999996,243.6,12.77
665,0.0,449.8,0.7463,34.830999999999996,243.6,12.77
666,0.035,556.6,0.5705,34.8505,246.4,12.71
667,0.035,556.6,0.5705,34.8505,246.4,12.73
668,0.035,556.6,0.5705,34.8505,246.4,12.71
669,0.035,556.6,0.5705,34.8505,246.4,12.73
670,0.035,556.6,0.5705,34.8505,246.4,12.71
671,0.035,556.6,0.5705,34.8505,246.4,12.73
672,0.0175,557.8,0.6185,34.8496,246.9,12.59
673,0.0175,557.8,0.6185,34.8496,246.9,12.5
674,0.0175,557.6,0.6424,34.8481,245.3,12.65
675,0.0175,557.6,0.6424,34.8481,245.3,12.52
676,0.0175,557.1,0.5687,34.8505,246.4,12.71
677,0.0175,557.1,0.5687,34.8505,246.4,12.63
678,0.0175,557.8,0.6185,34.8496,246.9,12.59
679,0.0175,557.8,0.6185,34.8496,246.9,12.5
680,0.0175,557.6,0.6424,34.8481,245.3,12.65
681,0.0175,557.6,0.6424,34.8481,245.3,12.52
682,0.0175,557.1,0.5687,34.8505,246.4,12.71
683,0.0175,557.1,0.5687,34.8505,246.4,12.63
684,0.0175,557.8,0.6185,34.8496,246.9,12.59
685,0.0175,557.8,0.6185,34.8496,246.9,12.5
686,0.0175,557.6,0.6424,34.8481,245.3,12.65
687,0.0175,557.6,0.6424,34.8481,245.3,12.52
688,0.0175,557.1,0.5687,34.8505,246.4,12.71
689,0.0175,557.1,0.5687,34.8505,246.4,12.63
690,0.008,668.8,0.4548,34.8582,247.3,12.51
691,0.008,668.8,0.4548,34.8582,247.3,12.49
692,0.015,760.2,0.3055,34.8626,248.8,12.41
693,0.015,760.2,0.3055,34.8626,248.8,12.44
694,0.037000000000000005,963.2,0.0241,34.8747,250.4,12.57
695,0.037000000000000005,963.2,0.0241,34.8747,250.4,12.6
696,0.006,1319.4,-0.2332,34.8988,251.0,12.97
697,0.006,1319.4,-0.2332,34.8988,251.0,13.01
698,0.0,1624.6,-0.3599,34.9207,249.9,13.5
699,0.0,1624.6,-0.3599,34.9207,249.9,13.62
714,0.022000000000000002,25.1,1.6373,29.3987,294.4,0.19
715,0.022000000000000002,25.1,1.6373,29.3987,294.4,0.14
716,0.034,36.7,-0.8848,30.0417,331.0,0.21
717,0.034,36.7,-0.8848,30.0417,331.0,0.17
718,0.03,44.6,-0.5376,30.4837,330.8,0.27
719,0.03,44.6,-0.5376,30.4837,330.8,0.24
720,0.021,57.5,1.784,31.1502,295.7,0.61
721,0.021,57.5,1.784,31.1502,295.7,0.98
722,0.015,111.6,-1.3806,32.4203,249.8,12.13
723,0.015,111.6,-1.3806,32.4203,249.8,12.36
724,0.046,139.0,-1.349,33.0682,225.5,14.82
725,0.046,139.0,-1.349,33.0682,225.5,14.85
726,0.064,243.0,0.1504,34.6148,232.2,13.02
727,0.064,243.0,0.1504,34.6148,232.2,13.05
728,0.016,339.3,0.6792,34.8163,241.1,12.78
729,0.016,339.3,0.6792,34.8163,241.1,12.89
730,0.032,419.9,0.5742,34.8453,245.0,12.75
731,0.032,419.9,0.5742,34.8453,245.0,12.77
732,0.0,668.4,0.4045,34.8557,247.3,12.75
733,0.0,668.4,0.4045,34.8557,247.3,12.74
734,0.040999999999999995,871.0,0.3796,34.858000000000004,248.2,12.66
735,0.040999999999999995,871.0,0.3796,34.858000000000004,248.2,12.71
736,0.032,896.5,0.3409,34.86,248.7,12.72
737,0.032,896.5,0.3409,34.86,248.7,12.69
738,0.02,55.5,-1.6582,32.6127,187.4,17.12
739,0.02,55.5,-1.6582,32.6127,187.4,17.18
740,0.02,55.8,-1.6597,32.6153,187.0,17.22
741,0.02,55.8,-1.6597,32.6153,187.0,17.32
742,0.008,12.8,0.8638,30.7032,293.4,0.03
743,0.008,12.8,0.8638,30.7032,293.4,0.02
744,0.008,12.9,0.8632,30.703000000000003,293.4,0.01
745,0.008,12.9,0.8632,30.703000000000003,293.4,0.01
746,0.008,13.1,0.8643,30.7029,293.4,0.0
747,0.008,13.1,0.8643,30.7029,293.4,0.0
748,0.004,20.7,0.8685,30.7073,293.4,0.01
749,0.004,20.7,0.8685,30.7073,293.4,0.03
750,0.036000000000000004,29.1,1.3246,31.537,275.7,0.36
751,0.036000000000000004,29.1,1.3246,31.537,275.7,0.3
0,0.19,20.0,17.63,35.18333333,255.7666667,7.495
1,0.0,30.0,17.49333333,35.19333333,252.66666669999998,7.78
2,0.07,45.0,17.29333333,35.19,247.1333333,7.42
3,0.06,80.0,14.18666667,34.95666667,23.03333333,17.74
4,0.09,236.0,12.23,34.87,6.266666667000001,14.785
5,0.05,301.0,11.39,34.81666667,6.4,23.615
6,0.045,377.0,10.03666667,34.72,6.3666666670000005,34.78
7,0.1,553.0,7.405,34.58,9.3,43.145
8,0.08,805.0,5.48,34.535,28.55,45.62
9,0.0,1209.0,3.8,34.565,69.25,42.435
10,0.07,1614.0,2.79,34.615,90.4,40.71
11,0.02,20.0,14.29,34.95,46.4,14.03
12,0.04,38.0,13.77,34.93,16.9,17.505
13,0.05,55.0,13.22,34.93,7.0,20.875
14,0.07,70.0,13.09,34.93,6.6,17.33
15,0.0,90.0,13.0,34.93,6.1,17.075
16,0.03,110.0,12.88,34.92,5.9,1.08
17,0.05,20.0,14.54,34.96,29.8,19.08
18,0.06,30.0,13.72,34.9,12.3,14.935
19,0.03,50.0,13.63,34.96,6.8,6.15
20,0.1,90.0,13.11,34.93,6.1,11.635
21,0.03,131.0,12.88,34.92,5.9,11.74
22,0.08,20.0,15.56,34.97,185.0,12.425
23,0.0,110.0,13.21,34.93,6.7,8.595
25,0.0,301.0,10.73,34.77,6.1,27.17
26,0.08,20.0,17.105,35.01,252.15,11.555
27,0.09,75.0,13.83,34.96,8.8,4.23
28,0.11,151.0,12.94,34.92,6.5,-488.84
29,0.08,201.0,12.285,34.87,6.2,18.84
30,0.29,382.0,9.46,34.685,6.25,33.18
31,0.115,503.0,7.79,34.595,7.55,41.775
32,0.05,604.0,6.83,34.57,8.9,44.165
33,0.11,1007.0,4.33,34.55,56.3,43.25
34,0.13,1209.0,3.54,34.57,71.5,41.63
35,0.1,1614.0,2.6,34.62,94.2,40.21
36,0.18,1817.0,2.4,34.63,98.5,39.58
39,0.19,20.0,18.15,35.13,252.7,14.69
40,0.02,50.0,17.21,35.22,241.7,9.29
41,0.18,95.0,14.13,34.93,11.7,22.25
42,0.0,151.0,12.71,34.89,5.8,18.845
43,0.06,20.0,18.91666667,35.28666667,247.3,14.28
44,0.03,40.0,18.83,35.28666667,246.2333333,14.29
45,0.04,60.0,18.06333333,35.28333333,238.2333333,14.34
46,0.03,80.0,16.86,35.15333333,182.6333333,17.705
47,0.06,110.0,13.66666667,34.93,8.633333333,18.505
48,0.13,151.0,12.91666667,34.92,7.0,21.135
49,0.22,301.0,10.87,34.78333333,6.333333333,22.67
50,0.04,352.0,10.08333333,34.72666667,6.2,32.23
51,0.17,402.0,9.336666667000001,34.68333333,6.333333333,37.1
52,0.09,452.0,8.583333332999999,34.63333333,6.7,39.94
53,0.17,503.0,7.94,34.59666667,9.733333333,41.435
54,0.19,629.0,6.7,34.55,16.9,44.29
55,0.03,755.0,5.806666667000001,34.53,23.16666667,45.705
56,0.09,1007.0,4.433333333,34.53666667,59.8,43.515
57,0.03,1513.0,2.9933333330000003,34.59333333,85.66666667,41.105
58,0.03,1766.0,2.58,34.62,103.35,39.96
66,0.07,20.0,18.94,35.39,247.7,12.26
67,0.06,50.0,18.04,35.3,243.9,12.485
68,0.16,327.0,10.28,34.75,7.1,34.285
69,0.08,20.0,19.05666667,35.35666667,245.93333330000002,13.9
70,0.05,60.0,18.05666667,35.32,240.06666669999998,13.26
71,0.04,100.0,15.52,34.98,142.43333330000002,23.31
72,0.06,120.0,13.87,34.86333333,20.76666667,15.985
73,0.07,156.0,12.88666667,34.88,7.2,13.385
74,0.11,176.0,12.6,34.87333333,6.8,14.965
75,0.07,251.0,11.39,34.81,6.3,28.65
76,0.03,301.0,10.6,34.76,6.433333332999999,32.345
77,0.07,452.0,8.335,34.62,11.4,39.93
78,0.2,503.0,7.785,34.595,14.8,41.725
79,0.07,629.0,6.455,34.535,25.9,44.39
80,0.13,755.0,5.575,34.515,44.7,44.115
81,0.11,1007.0,4.39,34.53,64.85,43.255
82,0.11,1260.0,3.59,34.56,81.5,41.835
83,0.02,1512.666667,2.996666667,34.59,95.26666667,40.725
91,0.09,251.0,11.14,34.79,8.3,31.525
92,0.21,402.0,8.98,34.66,14.6,38.2
93,0.06,40.0,20.94333333,35.47333333,238.9666667,9.405
94,0.03,75.0,19.98333333,35.55,233.4,6.6
95,0.04,110.0,18.30666667,35.32,209.0,7.025
96,0.04,130.0,15.95,35.01333333,157.9666667,14.33
97,0.04,181.0,12.92,34.80333333,17.16666667,20.55
98,0.08,261.0,11.18,34.77,6.9,27.115
99,0.06,321.0,10.24,34.73,9.233333333,33.89
100,0.06,503.0,7.57,34.575,30.65,41.175
101,0.03,1766.0,2.535,34.62,113.4,39.355
106,0.04,25.0,21.44,35.57,235.5,6.38
107,0.06,50.0,20.4,35.74,227.2,1.72
108,0.04,120.0,19.92,35.76,227.8,1.545
109,0.1,161.0,16.37,35.07,178.6,10.34
110,0.04,20.0,21.33,35.74666667,237.3,3.035
112,0.08,805.0,5.59,34.51,46.9,43.91
113,0.21,906.0,5.02,34.515,51.0,44.04
114,0.04,1007.0,4.54,34.52,62.7,43.31
115,0.04,1209.0,3.805,34.55,81.75,41.81
116,0.09,1816.0,2.525,34.615,119.1,38.875
126,0.1,20.0,21.85,35.81,234.3,1.49
127,0.04,70.0,21.83,35.87,233.7,1.19
128,0.11,125.0,20.28,35.74,216.3,2.02
129,0.09,503.0,7.89,34.59,52.8,37.81
130,0.1,20.0,22.34,35.95333333,230.43333330000002,0.86
131,0.0,75.0,22.14333333,36.01333333,232.66666669999998,0.57
132,0.0,105.0,21.55333333,35.96,226.9,1.02
133,0.0,150.0,20.13,35.71,214.0,1.23
134,0.04,412.0,8.686666667,34.57666667,29.1,36.755
135,0.14,503.0,7.476666667000001,34.53333333,50.66666667,39.07
136,0.05,755.0,5.565,34.49,65.55,42.185
137,0.04,1766.0,2.585,34.61,118.4,39.13
142,0.05,20.0,22.74,35.85,230.9,1.785
143,0.0,60.0,22.46,36.02,231.2,0.205
144,0.03,90.0,22.17,36.15,228.8,0.095
145,0.04,125.0,21.71,36.1,221.1,0.025
146,0.05,296.0,11.42,34.55,92.3,23.27
147,0.02,20.0,23.48333333,35.91,226.9666667,2.505
148,0.0,251.0,14.27,34.75666667,187.7666667,11.635
149,0.06,452.0,8.33,34.57333333,37.9,36.25
160,0.05,20.0,24.305,35.815,224.1,3.805
161,0.05,60.0,23.87,36.17,226.8,0.535
162,0.05,95.0,22.7575,36.22,222.8,0.3
163,0.07,150.0,21.6,36.0675,215.05,0.42
164,0.05,356.0,10.445,34.6425,23.275,30.705
165,0.09,1411.0,3.106666667,34.57333333,103.4333333,39.935
166,0.09,1816.0,2.406666667,34.62,127.46666670000002,38.19
180,0.02,50.0,24.08333333,36.09,226.0,1.765
182,0.22,95.0,23.48333333,36.46333333,222.9666667,0.0
189,0.12,1766.0,2.475,34.61,125.8,38.27
218,0.0,20.0,24.65,36.03,221.4,2.09
219,0.0,85.0,23.61,36.25,220.1,0.295
221,0.0,150.0,22.22,36.19,209.9,0.38
222,0.04,377.0,9.47,34.56,44.8,31.205
224,0.02,553.0,6.78,34.51,93.2,36.315
230,0.02,1512.0,2.94,34.575,131.65,37.83
316,0.03,30.0,27.52333333,35.87,211.7333333,2.505
352,0.0,30.0,28.485,35.41,208.05,1.95
353,0.0,75.0,28.305,35.64,206.4,2.4
365,0.0,30.0,29.10666667,35.23,208.56666669999998,0.315
372,0.0,1006.0,4.47,34.51,120.43333329999999,37.83
373,0.0,1259.0,3.605,34.545,126.5,37.605
0,0.036,24.0,19.11425,36.1221,233.5,0.0
1,0.036,24.0,19.11425,36.1221,233.5,0.0
2,0.034,35.0,18.8331,36.21075,235.0,0.06
3,0.034,35.0,18.8331,36.21075,235.0,0.04
4,0.03,40.0,18.54365,36.2169,237.3,0.1
5,0.03,40.0,18.54365,36.2169,237.3,0.1
6,0.039,68.0,16.7769,36.22315,228.25,0.61
7,0.039,68.0,16.7769,36.22315,228.25,0.64
8,0.033,137.0,15.19465,36.1498,212.05,5.5
9,0.033,137.0,15.19465,36.1498,212.05,5.44
10,0.047,200.0,14.0739,35.9762,207.65,7.57
11,0.047,200.0,14.0739,35.9762,207.65,7.54
12,0.119,302.0,13.07565,35.81725,204.95,10.11
13,0.119,302.0,13.07565,35.81725,204.95,10.08
14,0.111,404.0,12.29865,35.73825,197.85,12.39
15,0.111,404.0,12.29865,35.73825,197.85,12.4
16,0.052,506.0,11.81405,35.8341,185.8,13.43
17,0.052,506.0,11.81405,35.8341,185.8,13.28
18,0.071,648.0,12.93485,36.3099,191.5,10.59
19,0.071,648.0,12.93485,36.3099,191.5,10.66
20,0.061,784.0,12.8688,36.3414,190.3,11.26
21,0.061,784.0,12.8688,36.3414,190.3,11.21
30,0.027,1307.0,11.1714,36.2702,178.8,14.6
31,0.027,1307.0,11.1714,36.2702,178.8,14.59
32,0.024,1496.0,10.8176,36.2999,185.5,14.58
33,0.024,1496.0,10.8176,36.2999,185.5,14.58
34,0.02,1721.0,7.1471,35.6033,213.8,17.13
35,0.02,1721.0,7.1471,35.6033,213.8,17.11
36,0.026,1924.0,5.4015,35.3057,231.1,17.97
37,0.026,1924.0,5.4015,35.3057,231.1,17.99
72,0.036,35.0,22.16445,36.6359,219.8,0.0
73,0.036,35.0,22.16445,36.6359,219.8,0.0
74,0.053,51.0,19.6364,36.3828,258.75,0.0
75,0.053,51.0,19.6364,36.3828,258.75,0.0
76,0.084,77.0,17.1104,36.30715,210.4,0.07
77,0.084,77.0,17.1104,36.30715,210.4,0.11
80,0.093,137.0,15.88275,36.1809,205.5,4.89
81,0.093,137.0,15.88275,36.1809,205.5,4.92
82,0.069,192.0,14.9229,36.05235,204.4,6.43
83,0.069,192.0,14.9229,36.05235,204.4,6.42
84,0.069,303.0,13.4473,35.83265,203.65,9.85
85,0.069,303.0,13.4473,35.83265,203.65,9.82
86,0.065,404.0,12.65765,35.7287,202.2,10.94
87,0.065,404.0,12.65765,35.7287,202.2,10.95
88,0.11,494.0,11.93175,35.6392,190.05,13.77
89,0.11,494.0,11.93175,35.6392,190.05,13.72
90,0.15,616.0,11.06165,35.586,181.65,15.91
91,0.15,616.0,11.06165,35.586,181.65,15.91
92,0.215,784.0,10.6057,35.7243,177.95,17.02
93,0.215,784.0,10.6057,35.7243,177.95,16.98
94,0.192,884.0,10.373,35.81245,178.9,16.94
95,0.192,884.0,10.373,35.81245,178.9,16.81
96,0.146,1004.0,10.234,35.9047,180.7,16.64
97,0.146,1004.0,10.234,35.9047,180.7,16.67
98,0.094,1061.0,10.2017,35.9535,182.9,16.82
99,0.094,1061.0,10.2017,35.9535,182.9,16.81
102,0.065,1365.0,7.9878,35.673,205.2,17.35
103,0.065,1365.0,7.9878,35.673,205.2,17.36
104,0.061,1518.0,6.8528,35.5033,217.4,17.37
105,0.061,1518.0,6.8528,35.5033,217.4,17.34
120,0.032,31.0,24.31545,37.235,212.15,0.0
121,0.032,31.0,24.31545,37.235,212.15,0.0
122,0.025,52.0,21.16685,36.72265,247.5,0.0
123,0.025,52.0,21.16685,36.72265,247.5,0.0
124,0.023,81.66666667,19.37656667,36.65813333,218.4,0.0
125,0.023,81.66666667,19.37656667,36.65813333,218.4,0.0
126,0.029,102.0,18.50785,36.59855,206.55,0.07
127,0.029,102.0,18.50785,36.59855,206.55,0.07
128,0.035,137.0,17.94685,36.5444,203.15,2.77
129,0.035,137.0,17.94685,36.5444,203.15,2.74
130,0.029,188.0,17.39755,36.46635,199.95,3.78
131,0.029,188.0,17.39755,36.46635,199.95,3.78
132,0.03,253.0,16.49925,36.3137,197.95,5.68
133,0.03,253.0,16.49925,36.3137,197.95,5.66
134,0.05,354.0,14.9272,36.0564,194.75,7.64
135,0.05,354.0,14.9272,36.0564,194.75,7.63
136,0.073,558.0,12.38645,35.678000000000004,188.75,13.06
137,0.073,558.0,12.38645,35.678000000000004,188.75,12.97
138,0.076,809.0,9.94615,35.46435,159.35,20.03
139,0.076,809.0,9.94615,35.46435,159.35,19.98
140,0.139,972.0,9.11395,35.51805,171.05,20.22
141,0.139,972.0,9.11395,35.51805,171.05,20.15
142,0.117,1214.0,8.1293,35.5506,185.95,19.32
143,0.117,1214.0,8.1293,35.5506,185.95,19.26
144,0.05,1517.0,6.5513,35.3975,211.7,18.47
145,0.05,1517.0,6.5513,35.3975,211.7,18.54
146,0.047,1821.0,5.0918,35.2112,234.1,18.01
147,0.047,1821.0,5.0918,35.2112,234.1,17.99
168,0.024,41.0,24.3568,37.2725,209.6,0.0
169,0.024,41.0,24.3568,37.2725,209.6,0.01
170,0.023,66.0,22.8641,37.1319,226.9,0.0
171,0.023,66.0,22.8641,37.1319,226.9,0.0
172,0.03,92.0,20.3333,36.8778,229.1,0.0
173,0.03,92.0,20.3333,36.8778,229.1,0.0
174,0.03,117.0,19.1374,36.7416,219.2,0.0
175,0.03,117.0,19.1374,36.7416,219.2,0.0
176,0.03,136.0,18.4804,36.6429,213.1,0.53
177,0.03,136.0,18.4804,36.6429,213.1,0.52
180,0.049,304.0,15.5145,36.1537,197.2,7.22
181,0.049,304.0,15.5145,36.1537,197.2,7.19
182,0.058,404.0,13.7892,35.8807,193.9,10.22
183,0.058,404.0,13.7892,35.8807,193.9,10.21
184,0.049,607.0,11.524000000000001,35.5895,162.3,18.15
185,0.049,607.0,11.524000000000001,35.5895,162.3,18.12
186,0.037,808.0,9.5606,35.4195,150.7,22.93
187,0.037,808.0,9.5606,35.4195,150.7,22.85
190,0.051,1214.0,7.7406,35.4628,176.5,20.99
191,0.051,1214.0,7.7406,35.4628,176.5,20.95
192,0.02,35.0,25.5905,36.7807,207.55,0.0
193,0.02,35.0,25.5905,36.7807,207.55,0.0
194,0.022,46.0,24.9641,37.0337,217.0,0.0
195,0.022,46.0,24.9641,37.0337,217.0,0.0
196,0.023,71.0,22.21075,36.8736,200.55,0.19
197,0.023,71.0,22.21075,36.8736,200.55,0.19
198,0.036,152.0,17.2526,36.24815,104.8,15.37
199,0.036,152.0,17.2526,36.24815,104.8,15.32
200,0.042,202.0,16.46075,36.218,118.4,15.15
201,0.042,202.0,16.46075,36.218,118.4,15.15
202,0.048,354.0,14.20805,35.91235,133.2,16.33
203,0.048,354.0,14.20805,35.91235,133.2,16.31
206,0.055,454.5,12.46145,35.62315,99.55,22.35
207,0.055,454.5,12.46145,35.62315,99.55,22.0
208,0.06,505.0,12.04935,35.6108,127.75,20.51
209,0.06,505.0,12.04935,35.6108,127.75,20.51
210,0.052,758.0,8.71755,35.18775,105.6,29.18
211,0.052,758.0,8.71755,35.18775,105.6,29.11
212,0.042,1010.5,7.2479,35.153,142.9,26.45
213,0.042,1010.5,7.2479,35.153,142.9,26.38
216,0.039,1515.0,5.4962,35.1771,198.6,21.87
217,0.039,1515.0,5.4962,35.1771,198.6,21.98
218,0.032,1770.0,4.6759,35.1192,212.3,21.34
219,0.032,1770.0,4.6759,35.1192,212.3,21.36
240,0.023,35.0,26.1932,36.8235,203.0,0.01
241,0.023,35.0,26.1932,36.8235,203.0,0.01
242,0.02,56.0,24.0994,37.1594,220.4,0.0
243,0.02,56.0,24.0994,37.1594,220.4,0.0
246,0.039,112.0,19.387,36.6914,150.9,3.85
247,0.039,112.0,19.387,36.6914,150.9,4.06
248,0.039,136.0,17.979,36.5086,132.0,10.74
249,0.039,136.0,17.979,36.5086,132.0,10.66
250,0.041,187.0,16.7762,36.3492,144.6,11.08
251,0.041,187.0,16.7762,36.3492,144.6,11.05
252,0.054,238.0,15.4882,36.1097,128.3,13.51
253,0.054,238.0,15.4882,36.1097,128.3,13.46
256,0.066,424.0,12.3917,35.6479,115.7,21.03
257,0.066,424.0,12.3917,35.6479,115.7,20.85
258,0.093,672.0,8.8713,35.1683,93.3,30.23
259,0.093,672.0,8.8713,35.1683,93.3,30.16
262,0.039,1212.0,6.0111,35.1071,169.4,25.03
263,0.039,1212.0,6.0111,35.1071,169.4,24.97
264,0.017,28.0,27.94185,35.766,199.05,0.0
265,0.017,28.0,27.94185,35.766,199.05,0.0
266,0.023,49.0,19.7874,36.0085,132.05,5.55
267,0.023,49.0,19.7874,36.0085,132.05,5.47
268,0.02,89.0,15.50455,35.69895,52.6,23.28
269,0.02,89.0,15.50455,35.69895,52.6,23.29
270,0.035,110.0,14.93615,35.69635,59.7,23.5
271,0.035,110.0,14.93615,35.69635,59.7,23.55
272,0.041,136.0,14.12645,35.5779,65.2,24.39
273,0.041,136.0,14.12645,35.5779,65.2,24.43
280,0.08,364.0,11.3024,35.3313,44.4,31.53
281,0.08,364.0,11.3024,35.3313,44.4,31.55
282,0.054,671.0,8.38155,35.03815,71.5,34.1
283,0.054,671.0,8.38155,35.03815,71.5,34.12
284,0.038,804.0,7.2723,34.93755,87.3,34.37
285,0.038,804.0,7.2723,34.93755,87.3,33.97
288,0.036,1106.0,5.79715,34.945,136.35,29.63
289,0.036,1106.0,5.79715,34.945,136.35,29.66
290,0.033,1212.0,5.40555,34.96435,152.6,28.08
291,0.033,1212.0,5.40555,34.96435,152.6,28.04
296,0.037,1555.0,4.3527,34.9858,199.3,24.0
297,0.037,1555.0,4.3527,34.9858,199.3,23.99
300,0.025,1905.0,3.7679,34.9755,219.8,22.2
301,0.025,1905.0,3.7679,34.9755,219.8,22.21
312,0.019,32.0,27.0735,36.27185,201.5,0.0
313,0.019,32.0,27.0735,36.27185,201.5,0.01
314,0.018,51.0,19.56015,36.12005,125.65,16.03
315,0.018,51.0,19.56015,36.12005,125.65,16.26
316,0.041,85.0,15.45935,35.6939,59.65,24.72
317,0.041,85.0,15.45935,35.6939,59.65,24.64
322,0.033,187.0,12.93905,35.41515,75.3,25.77
323,0.033,187.0,12.93905,35.41515,75.3,25.78
324,0.054,237.0,12.5862,35.41865,71.2,26.57
325,0.054,237.0,12.5862,35.41865,71.2,26.52
326,0.084,293.0,12.03755,35.3901,59.15,28.9
327,0.084,293.0,12.03755,35.3901,59.15,28.93
328,0.056,424.0,10.68465,35.26465,52.9,32.35
329,0.056,424.0,10.68465,35.26465,52.9,32.28
330,0.047,503.0,9.8256,35.16605,56.0,33.51
331,0.047,503.0,9.8256,35.16605,56.0,33.49
332,0.038,671.0,8.2156,35.0084,70.55,34.84
333,0.038,671.0,8.2156,35.0084,70.55,34.83
334,0.035,807.0,7.07475,34.9084,88.15,34.73
335,0.035,807.0,7.07475,34.9084,88.15,34.65
336,0.031,973.0,6.2476,34.9183,119.0,32.23
337,0.031,973.0,6.2476,34.9183,119.0,32.24
338,0.035,1111.0,5.8481,34.9598,140.0,29.74
339,0.035,1111.0,5.8481,34.9598,140.0,29.8
340,0.031,1262.0,5.416,34.9878,159.7,27.63
341,0.031,1262.0,5.416,34.9878,159.7,27.67
342,0.031,1514.0,4.6415,35.0075,192.0,24.43
343,0.031,1514.0,4.6415,35.0075,192.0,24.43
344,0.031,1770.0,4.1075,34.9957,211.0,22.81
345,0.031,1770.0,4.1075,34.9957,211.0,22.82
360,0.021,30.0,27.1003,36.2209,202.0,0.01
361,0.021,30.0,27.1003,36.2209,202.0,0.0
362,0.017,62.0,21.086,36.6912,168.25,1.77
363,0.017,62.0,21.086,36.6912,168.25,1.82
364,0.029,85.0,18.44495,36.37305,108.95,13.61
365,0.029,85.0,18.44495,36.37305,108.95,13.46
366,0.041,137.0,16.20615,36.12745,98.4,17.81
367,0.041,137.0,16.20615,36.12745,98.4,17.76
368,0.048,181.0,15.06015,35.9414,91.4,19.55
369,0.048,181.0,15.06015,35.9414,91.4,19.5
370,0.056,201.0,14.79055,35.9131,95.55,20.08
371,0.056,201.0,14.79055,35.9131,95.55,20.07
372,0.063,252.0,13.7989,35.75225,87.85,22.71
373,0.063,252.0,13.7989,35.75225,87.85,22.64
374,0.072,303.0,12.77645,35.59675,77.15,25.5
375,0.072,303.0,12.77645,35.59675,77.15,25.48
376,0.105,354.0,12.0854,35.51385,78.0,26.87
377,0.105,354.0,12.0854,35.51385,78.0,26.82
378,0.14,454.0,10.47405,35.29465,74.65,29.86
379,0.14,454.0,10.47405,35.29465,74.65,29.83
380,0.064,605.0,8.7052,35.09045,83.55,32.4
381,0.064,605.0,8.7052,35.09045,83.55,32.19
384,0.054,973.0,6.3199,34.9386,124.6,31.03
385,0.054,973.0,6.3199,34.9386,124.6,30.67
386,0.055,1109.0,5.8677,34.9572,144.1,28.74
387,0.055,1109.0,5.8677,34.9572,144.1,28.74
390,0.054,1515.0,4.715,35.0247,192.7,23.9
391,0.054,1515.0,4.715,35.0247,192.7,23.94
392,0.048,1768.0,4.0418,34.9982,213.1,22.31
393,0.048,1768.0,4.0418,34.9982,213.1,22.29
408,0.04,38.0,26.64765,36.92185,203.75,0.0
409,0.04,38.0,26.64765,36.92185,203.75,0.0
410,0.037,48.0,24.392,36.896,215.15,0.0
411,0.037,48.0,24.392,36.896,215.15,0.0
416,0.046,136.0,18.43445,36.58905,147.1,9.28
417,0.046,136.0,18.43445,36.58905,147.1,9.23
420,0.06,237.0,14.68305,35.891999999999996,96.3,21.42
421,0.06,237.0,14.68305,35.891999999999996,96.3,21.35
422,0.116,288.0,13.4152,35.67935,81.0,25.2
423,0.116,288.0,13.4152,35.67935,81.0,25.18
426,0.128,455.0,10.7935,35.3206,71.2,30.49
427,0.128,455.0,10.7935,35.3206,71.2,30.3
428,0.11,606.0,8.6514,35.05245,83.9,32.4
429,0.11,606.0,8.6514,35.05245,83.9,32.38
432,0.075,973.0,6.1959,34.9362,126.0,31.69
433,0.075,973.0,6.1959,34.9362,126.0,31.21
438,0.045,1515.0,4.4319999999999995,35.0005,199.6,23.76
439,0.045,1515.0,4.4319999999999995,35.0005,199.6,23.82
440,0.038,1769.0,3.9301,34.9879,218.0,22.28
441,0.038,1769.0,3.9301,34.9879,218.0,22.35
462,0.051,1821.0,3.7905,34.9485,266.1,17.37
463,0.051,1821.0,3.7905,34.9485,266.1,17.37
466,0.0,35.0,19.88165,35.22595,222.75,0.26
467,0.0,35.0,19.88165,35.22595,222.75,0.32
468,0.0,70.0,17.559,35.8459,165.3,11.14
469,0.0,70.0,17.559,35.8459,165.3,10.9
470,0.0,974.0,4.2385,34.9691,259.9,17.61
471,0.0,974.0,4.2385,34.9691,259.9,17.6
472,0.319,1821.0,3.4672,34.9449,267.1,17.49
473,0.319,1821.0,3.4672,34.9449,267.1,17.54
476,0.092,28.0,25.21765,36.07635,203.05,0.0
477,0.092,28.0,25.21765,36.07635,203.05,0.0
478,0.085,541.0,9.4864,35.1807,129.45,24.97
479,0.085,541.0,9.4864,35.1807,129.45,24.93
480,0.236,1515.0,3.9218,34.9612,262.8,17.52
481,0.236,1515.0,3.9218,34.9612,262.8,17.55
486,0.002,90.0,23.2796,35.8104,207.7333333,0.0
487,0.002,90.0,23.2796,35.8104,207.7333333,0.01
488,0.071,756.0,5.9371,35.0669,215.65,20.05
489,0.071,756.0,5.9371,35.0669,215.65,20.04
490,0.036,1096.0,4.71695,35.016,250.15,17.92
491,0.036,1096.0,4.71695,35.016,250.15,17.88
492,0.05,1618.0,3.8785,34.9672,262.7,17.54
493,0.05,1618.0,3.8785,34.9672,262.7,17.47
514,0.155,1821.0,3.80245,34.96555,262.8,17.63
515,0.155,1821.0,3.80245,34.96555,262.8,17.62
518,0.009,60.0,24.6379,36.6413,207.5,0.0
519,0.009,60.0,24.6379,36.6413,207.5,0.0
524,0.0,424.0,16.86,36.3554,199.6,6.33
525,0.0,424.0,16.86,36.3554,199.6,6.32
546,0.005,50.0,25.2672,37.0772,205.2,0.0
547,0.005,50.0,25.2672,37.0772,205.2,0.0
548,0.0,137.0,20.3513,36.8289,215.3,0.33
549,0.0,137.0,20.3513,36.8289,215.3,0.32
552,0.045,56.0,25.14183333,37.3953,205.9,0.0
553,0.045,56.0,25.14183333,37.3953,205.9,0.0
554,0.152,92.0,22.6021,37.17386667,221.0333333,0.0
555,0.152,92.0,22.6021,37.17386667,221.0333333,0.01
556,0.167,109.0,21.7219,37.07426667,215.43333330000002,0.17
557,0.167,109.0,21.7219,37.07426667,215.43333330000002,0.16
558,0.119,237.0,18.02583333,36.56736667,189.6,5.07
559,0.119,237.0,18.02583333,36.56736667,189.6,5.09
560,0.224,287.0,17.3809,36.45276667,192.83333330000002,5.56
561,0.224,287.0,17.3809,36.45276667,192.83333330000002,5.58
562,0.335,340.0,16.74596667,36.3378,196.3666667,6.61
563,0.335,340.0,16.74596667,36.3378,196.3666667,6.59
564,0.155,974.0,6.89725,35.0258,151.85,26.24
565,0.155,974.0,6.89725,35.0258,151.85,26.23
570,0.109,50.0,25.396,37.6314,204.2,0.0
571,0.109,50.0,25.396,37.6314,204.2,0.0
572,0.173,136.0,21.4584,37.1816,203.4,0.22
573,0.173,136.0,21.4584,37.1816,203.4,0.21
574,0.186,186.0,19.5744,36.8543,173.4,3.85
575,0.186,186.0,19.5744,36.8543,173.4,3.82
578,0.063,40.0,25.21765,37.6324,205.45,0.0
579,0.063,40.0,25.21765,37.6324,205.45,0.0
582,0.292,424.0,14.87555,36.03465,176.8,11.55
583,0.292,424.0,14.87555,36.03465,176.8,11.52
584,0.134,975.0,7.1497,35.1402,161.4,24.71
585,0.134,975.0,7.1497,35.1402,161.4,24.68
586,0.126,1339.0,5.6949,35.1532,206.8,21.25
587,0.126,1339.0,5.6949,35.1532,206.8,21.28
588,0.195,1821.0,4.0644,35.0349,237.0,19.96
589,0.195,1821.0,4.0644,35.0349,237.0,19.96
598,0.061,137.0,22.2062,37.2795,194.9,0.62
599,0.061,137.0,22.2062,37.2795,194.9,0.59
600,0.096,188.0,19.9999,36.9241,176.6,3.74
601,0.096,188.0,19.9999,36.9241,176.6,3.73
602,0.013,240.0,18.4549,36.6549,173.2,6.32
603,0.013,240.0,18.4549,36.6549,173.2,6.33
604,0.142,287.0,17.4297,36.4752,177.0,8.2
605,0.142,287.0,17.4297,36.4752,177.0,8.17
606,0.409,355.0,16.1941,36.2489,169.3,11.54
607,0.409,355.0,16.1941,36.2489,169.3,11.35
608,0.364,425.0,14.9009,36.024,154.2,13.93
609,0.364,425.0,14.9009,36.024,154.2,13.92
610,0.212,535.0,13.3848,35.7991,152.5,16.72
611,0.212,535.0,13.3848,35.7991,152.5,16.64
614,0.216,860.0,8.1463,35.1877,149.4,25.09
615,0.216,860.0,8.1463,35.1877,149.4,25.01
618,0.131,706.0,9.7916,35.34905,135.0,23.8
619,0.131,706.0,9.7916,35.34905,135.0,23.84
620,0.141,817.0,8.1008,35.15605,135.85,26.38
621,0.141,817.0,8.1008,35.15605,135.85,26.38
622,0.135,934.3333332999998,7.021666667000001,35.05993333,145.5,27.21
623,0.135,934.3333332999998,7.021666667000001,35.05993333,145.5,27.19
624,0.029,1071.0,6.0934,35.0137,163.95,26.05
625,0.029,1071.0,6.0934,35.0137,163.95,26.07
628,0.03,1770.0,4.2175,35.0323,226.5,20.9
629,0.03,1770.0,4.2175,35.0323,226.5,20.91
630,0.078,101.0,23.2701,37.0688,205.4,0.67
631,0.078,101.0,23.2701,37.0688,205.4,0.65
632,0.406,288.0,15.2679,36.0806,144.5,13.72
633,0.406,288.0,15.2679,36.0806,144.5,13.74
634,0.111,51.0,24.8187,37.1725,206.2,0.0
635,0.111,51.0,24.8187,37.1725,206.2,0.0
640,0.019,187.0,16.50795,36.1741,110.7,14.74
641,0.019,187.0,16.50795,36.1741,110.7,14.78
642,0.001,238.0,15.3804,36.058,114.45,15.73
643,0.001,238.0,15.3804,36.058,114.45,15.72
648,0.217,129.0,19.3563,36.6942,169.9,6.33
649,0.217,129.0,19.3563,36.6942,169.9,6.25
650,0.137,284.0,13.6918,35.6869,85.1,23.42
651,0.137,284.0,13.6918,35.6869,85.1,23.38
652,0.103,404.0,12.4337,35.5924,91.7,24.1
653,0.103,404.0,12.4337,35.5924,91.7,24.02
656,0.178,40.0,24.7018,36.82375,207.1,0.01
657,0.178,40.0,24.7018,36.82375,207.1,0.0
658,0.0,71.0,21.62265,36.6588,201.3,0.71
659,0.0,71.0,21.62265,36.6588,201.3,0.65
660,0.054,288.0,12.5515,35.49435,70.65,26.42
661,0.054,288.0,12.5515,35.49435,70.65,26.41
662,0.11,454.5,10.557425,35.26955,61.875,30.75
663,0.11,454.5,10.557425,35.26955,61.875,30.82
664,0.183,808.0,7.1641,34.92195,101.2,32.49
665,0.183,808.0,7.1641,34.92195,101.2,32.42
666,0.22,1110.0,5.9015,34.96035,141.85,28.79
667,0.22,1110.0,5.9015,34.96035,141.85,28.85
