Station_ID,Start_Latitude,Start_Longitude,Sample_Depth,Hg0_pM,HgT_pM,DMHg_pM,MMHg_pM,HgP_pmol_ug,MMHgP_pmol_ug,POC_umolC_kg,Hg0_pM,HgT_pM,DMHg_pM,MMHg_pM,TRANSM,FLUORM,CTDPRS,CTDTMP,CTDSAL,CTDOXY,SILCAT,NITRAT,PHSPHT
10,74.999,-170.042,44,0.04,0.94,,0.026,0.000474276,0.000121731,1.838843524,0.04,0.94,,0.026,4.3208,0.527,44.3,-1.2086,31.7411,399.2,25.65,6.8,1.34
10,74.999,-170.042,44,0.04,0.94,,0.026,0.000474276,0.000121731,1.838843524,0.04,0.94,,0.026,4.3208,0.527,44.3,-1.2086,31.7411,398.4,23.21,5.1,1.26
10,74.999,-170.042,80,0.11,1.73,,0.045,0.000378,0.00018522,0.549226499,0.11,1.73,,0.045,4.4366,0.066,80.7,-1.5536,32.3635,318.8,28.68,11.79,1.57
10,74.999,-170.042,80,0.11,1.73,,0.045,0.000378,0.00018522,0.549226499,0.11,1.73,,0.045,4.4366,0.066,80.7,-1.5536,32.3635,318.8,28.29,11.22,1.56
10,74.999,-170.042,120,0.09,0.58,,0.038,0.000794827,5.41E-05,0.353826836,0.09,0.58,,0.038,4.4394,0.027,121.2,-1.7012,32.878,310,39.63,16.46,1.82
10,74.999,-170.042,120,0.09,0.58,,0.038,0.000794827,5.41E-05,0.353826836,0.09,0.58,,0.038,4.4394,0.027,121.2,-1.7012,32.878,313.9,37.77,15.34,1.77
14,76.5,-172.97,17,0.19,1.27,,0.026,62634.73054,394.011976,0.782129701,0.19,1.27,,0.026,4.4327,0.012,16.8,-0.4721,28.5222,373.4,2.65,0.04,0.64
14,76.5,-172.97,17,0.19,1.27,,0.026,62634.73054,394.011976,0.782129701,0.19,1.27,,0.026,4.4327,0.012,16.8,-0.4721,28.5222,373.4,2.55,0.04,0.63
14,76.5,-172.97,17,0.19,1.27,,0.026,62634.73054,394.011976,0.782129701,0.19,1.27,,0.026,4.4329,0.025,16.8,-0.4721,28.5222,373.4,2.65,0.04,0.64
14,76.5,-172.97,17,0.19,1.27,,0.026,62634.73054,394.011976,0.782129701,0.19,1.27,,0.026,4.4329,0.025,16.8,-0.4721,28.5222,373.4,2.55,0.04,0.63
26,83.729,-174.399,24,0.26,,0.013,0.024,0.006541727,0.000139755,0.776926081,0.26,,0.013,0.024,4.4492,0.041,24.3,-1.2443,29.0812,388.9,4.61,0.47,0.72
26,83.729,-174.399,24,0.26,,0.013,0.024,0.006541727,0.000139755,0.776926081,0.26,,0.013,0.024,4.4492,0.041,24.3,-1.2443,29.0812,388.9,4.61,0.45,0.72
26,83.729,-174.399,24,0.26,,0.013,0.024,0.006541727,0.000139755,0.776926081,0.26,,0.013,0.024,4.4451,0.051,24.3,-1.2443,29.0812,388.9,4.61,0.47,0.72
26,83.729,-174.399,24,0.26,,0.013,0.024,0.006541727,0.000139755,0.776926081,0.26,,0.013,0.024,4.4451,0.051,24.3,-1.2443,29.0812,388.9,4.61,0.45,0.72
26,83.729,-174.399,52,0.24,0.58,0.013,0.008,0.003449968,9.20E-05,0.809776948,0.18,0.55,0.017,0.024,4.4391,0.094,47.4,-1.3673,29.7963,381.8,9.9,2.8,0.92
26,83.729,-174.399,52,0.24,0.58,0.013,0.008,0.003449968,9.20E-05,0.809776948,0.18,0.55,0.017,0.024,4.4391,0.094,47.4,-1.3673,29.7963,381.8,9.41,2.51,0.91
26,83.729,-174.399,52,0.24,0.58,0.013,0.008,0.003449968,9.20E-05,0.809776948,0.18,0.55,0.017,0.024,4.4365,0.091,47.4,-1.3673,29.7963,381.8,9.9,2.8,0.92
26,83.729,-174.399,52,0.24,0.58,0.013,0.008,0.003449968,9.20E-05,0.809776948,0.18,0.55,0.017,0.024,4.4365,0.091,47.4,-1.3673,29.7963,381.8,9.41,2.51,0.91
26,83.729,-174.399,52,0.24,0.58,0.013,0.008,0.003449968,9.20E-05,0.809776948,0.24,0.58,0.013,0.008,4.4119,0.173,52.5,-1.3112,30.4657,354,10.29,2.91,0.95
26,83.729,-174.399,52,0.24,0.58,0.013,0.008,0.003449968,9.20E-05,0.809776948,0.24,0.58,0.013,0.008,4.4119,0.173,52.5,-1.3112,30.4657,354,15.68,5.14,1.11
26,83.729,-174.399,52,0.24,0.58,0.013,0.008,0.003449968,9.20E-05,0.809776948,0.24,0.58,0.013,0.008,4.4149,0.171,52.5,-1.3112,30.4657,354,10.29,2.91,0.95
26,83.729,-174.399,52,0.24,0.58,0.013,0.008,0.003449968,9.20E-05,0.809776948,0.24,0.58,0.013,0.008,4.4149,0.171,52.5,-1.3112,30.4657,354,15.68,5.14,1.11
26,83.729,-174.399,70,0.22,0.5,0.012,0.024,0.003936712,6.95E-06,0.397201133,0.22,0.5,0.012,0.024,4.4455,0.047,70.5,-1.3032,32.2072,269.9,26.22,11.11,1.31
26,83.729,-174.399,70,0.22,0.5,0.012,0.024,0.003936712,6.95E-06,0.397201133,0.22,0.5,0.012,0.024,4.4455,0.047,70.5,-1.3032,32.2072,269.9,30.54,11.16,1.45
26,83.729,-174.399,70,0.22,0.5,0.012,0.024,0.003936712,6.95E-06,0.397201133,0.22,0.5,0.012,0.024,4.4441,0.038,70.5,-1.3032,32.2072,269.9,26.22,11.11,1.31
26,83.729,-174.399,70,0.22,0.5,0.012,0.024,0.003936712,6.95E-06,0.397201133,0.22,0.5,0.012,0.024,4.4441,0.038,70.5,-1.3032,32.2072,269.9,30.54,11.16,1.45
26,83.729,-174.399,95,0.41,0.52,0.02,0.008,0.024997383,0,0.235361913,0.41,0.52,0.02,0.008,4.454,0.02,95.7,-1.3712,33.6115,286.3,10.56,8.24,0.79
26,83.729,-174.399,95,0.41,0.52,0.02,0.008,0.024997383,0,0.235361913,0.41,0.52,0.02,0.008,4.454,0.02,95.7,-1.3712,33.6115,286.3,11.93,8.42,0.83
26,83.729,-174.399,95,0.41,0.52,0.02,0.008,0.024997383,0,0.235361913,0.41,0.52,0.02,0.008,4.4542,0.021,95.7,-1.3712,33.6115,286.3,10.56,8.24,0.79
26,83.729,-174.399,95,0.41,0.52,0.02,0.008,0.024997383,0,0.235361913,0.41,0.52,0.02,0.008,4.4542,0.021,95.7,-1.3712,33.6115,286.3,11.93,8.42,0.83
26,83.729,-174.399,749,0.07,0.66,0.045,0.091,0.00150659,0.000113391,0.075025496,0.07,0.66,0.045,0.091,4.4667,0.01,758.6,0.1365,34.8774,303.1,5.96,12.04,0.83
26,83.729,-174.399,749,0.07,0.66,0.045,0.091,0.00150659,0.000113391,0.075025496,0.07,0.66,0.045,0.091,4.4667,0.01,758.6,0.1365,34.8774,303.1,6.05,12.06,0.84
26,83.729,-174.399,749,0.07,0.66,0.045,0.091,0.00150659,0.000113391,0.075025496,0.07,0.66,0.045,0.091,4.4651,0.01,758.6,0.1365,34.8774,303.1,5.96,12.04,0.83
26,83.729,-174.399,749,0.07,0.66,0.045,0.091,0.00150659,0.000113391,0.075025496,0.07,0.66,0.045,0.091,4.4651,0.01,758.6,0.1365,34.8774,303.1,6.05,12.06,0.84
30,87.64,-179.593,23,0.23,0.77,0.012,0.105,0.009233123,0.000104851,0.643118771,0.26,,0.003,0.301,4.4374,0.097,18.3,-1.4333,28.3995,378.6,11.19,0.35,0.82
30,87.64,-179.593,23,0.23,0.77,0.012,0.105,0.009233123,0.000104851,0.643118771,0.26,,0.003,0.301,4.4374,0.097,18.3,-1.4333,28.3995,378.6,11.09,0.49,0.81
30,87.64,-179.593,23,0.23,0.77,0.012,0.105,0.009233123,0.000104851,0.643118771,0.26,,0.003,0.301,4.4374,0.07,18.3,-1.4333,28.3995,378.6,11.19,0.35,0.82
30,87.64,-179.593,23,0.23,0.77,0.012,0.105,0.009233123,0.000104851,0.643118771,0.26,,0.003,0.301,4.4374,0.07,18.3,-1.4333,28.3995,378.6,11.09,0.49,0.81
30,87.64,-179.593,23,0.23,0.77,0.012,0.105,0.009233123,0.000104851,0.643118771,0.23,0.77,0.012,0.105,4.4363,0.093,22.9,-1.3993,28.8573,376.3,11.08,0.8,0.81
30,87.64,-179.593,23,0.23,0.77,0.012,0.105,0.009233123,0.000104851,0.643118771,0.23,0.77,0.012,0.105,4.4363,0.093,22.9,-1.3993,28.8573,376.3,10.99,0.59,0.81
30,87.64,-179.593,23,0.23,0.77,0.012,0.105,0.009233123,0.000104851,0.643118771,0.23,0.77,0.012,0.105,4.4289,0.062,22.9,-1.3993,28.8573,376.3,11.08,0.8,0.81
30,87.64,-179.593,23,0.23,0.77,0.012,0.105,0.009233123,0.000104851,0.643118771,0.23,0.77,0.012,0.105,4.4289,0.062,22.9,-1.3993,28.8573,376.3,10.99,0.59,0.81
30,87.64,-179.593,39,0.23,0.9,0.005,0.081,0.009214947,0.000238751,0.515811264,0.23,0.9,0.005,0.081,4.4444,0.063,39.2,-0.9418,29.9886,339.2,11.28,0.33,0.82
30,87.64,-179.593,39,0.23,0.9,0.005,0.081,0.009214947,0.000238751,0.515811264,0.23,0.9,0.005,0.081,4.4444,0.063,39.2,-0.9418,29.9886,339.2,11.28,0.21,0.8
30,87.64,-179.593,39,0.23,0.9,0.005,0.081,0.009214947,0.000238751,0.515811264,0.23,0.9,0.005,0.081,4.4412,0.055,39.2,-0.9418,29.9886,339.2,11.28,0.33,0.82
30,87.64,-179.593,39,0.23,0.9,0.005,0.081,0.009214947,0.000238751,0.515811264,0.23,0.9,0.005,0.081,4.4412,0.055,39.2,-0.9418,29.9886,339.2,11.28,0.21,0.8
30,87.64,-179.593,55,0.1,1.21,0.008,0.042,0.004744374,0.000131035,0.389160095,0.1,1.21,0.008,0.042,4.4506,0.031,55.6,-0.3812,31.1428,322.5,10.77,3.24,0.66
30,87.64,-179.593,55,0.1,1.21,0.008,0.042,0.004744374,0.000131035,0.389160095,0.1,1.21,0.008,0.042,4.4506,0.031,55.6,-0.3812,31.1428,322.5,10.67,3.38,0.67
30,87.64,-179.593,55,0.1,1.21,0.008,0.042,0.004744374,0.000131035,0.389160095,0.1,1.21,0.008,0.042,4.4479,0.031,55.6,-0.3812,31.1428,322.5,10.77,3.24,0.66
30,87.64,-179.593,55,0.1,1.21,0.008,0.042,0.004744374,0.000131035,0.389160095,0.1,1.21,0.008,0.042,4.4479,0.031,55.6,-0.3812,31.1428,322.5,10.67,3.38,0.67
30,87.64,-179.593,99,0.09,0.54,0.01,0.11,0.012549912,0.00015212,0.262332502,0.09,0.54,0.01,0.11,4.4572,0.019,100.1,-1.4353,33.9542,300.9,6.94,7.75,0.68
30,87.64,-179.593,99,0.09,0.54,0.01,0.11,0.012549912,0.00015212,0.262332502,0.09,0.54,0.01,0.11,4.4572,0.019,100.1,-1.4353,33.9542,300.9,7.43,7.76,0.69
30,87.64,-179.593,99,0.09,0.54,0.01,0.11,0.012549912,0.00015212,0.262332502,0.09,0.54,0.01,0.11,4.4561,0.018,100.1,-1.4353,33.9542,300.9,6.94,7.75,0.68
30,87.64,-179.593,99,0.09,0.54,0.01,0.11,0.012549912,0.00015212,0.262332502,0.09,0.54,0.01,0.11,4.4561,0.018,100.1,-1.4353,33.9542,300.9,7.43,7.76,0.69
30,87.64,-179.593,124,0.26,0.55,0.033,0.156,0.007549929,0.000120799,0.169299541,0.26,0.55,0.033,0.156,4.4628,0.015,125.1,-1.0845,34.2448,301.9,5.37,8.33,0.67
30,87.64,-179.593,124,0.26,0.55,0.033,0.156,0.007549929,0.000120799,0.169299541,0.26,0.55,0.033,0.156,4.4628,0.015,125.1,-1.0845,34.2448,301.9,5.37,8.43,0.67
30,87.64,-179.593,124,0.26,0.55,0.033,0.156,0.007549929,0.000120799,0.169299541,0.26,0.55,0.033,0.156,4.4609,0.015,125.1,-1.0845,34.2448,301.9,5.37,8.33,0.67
30,87.64,-179.593,124,0.26,0.55,0.033,0.156,0.007549929,0.000120799,0.169299541,0.26,0.55,0.033,0.156,4.4609,0.015,125.1,-1.0845,34.2448,301.9,5.37,8.43,0.67
30,87.64,-179.593,174,0.26,0.57,0.014,0.041,0.007720183,0.000157913,0.181281739,0.26,0.57,0.014,0.041,4.4663,0.015,176.1,-0.0007,34.5455,295,5.67,10.19,0.75
30,87.64,-179.593,174,0.26,0.57,0.014,0.041,0.007720183,0.000157913,0.181281739,0.26,0.57,0.014,0.041,4.4663,0.015,176.1,-0.0007,34.5455,295,5.67,10.39,0.76
30,87.64,-179.593,174,0.26,0.57,0.014,0.041,0.007720183,0.000157913,0.181281739,0.26,0.57,0.014,0.041,4.464,0.014,176.1,-0.0007,34.5455,295,5.67,10.19,0.75
30,87.64,-179.593,174,0.26,0.57,0.014,0.041,0.007720183,0.000157913,0.181281739,0.26,0.57,0.014,0.041,4.464,0.014,176.1,-0.0007,34.5455,295,5.67,10.39,0.76
30,87.64,-179.593,224,0.2,0.67,0.024,0.021,0.007530944,9.41E-05,0.184593636,0.2,0.67,0.024,0.021,4.4672,0.012,226.5,0.7018,34.7885,290.7,5.86,11.84,0.82
30,87.64,-179.593,224,0.2,0.67,0.024,0.021,0.005760947,0.000133857,0.184593636,0.2,0.67,0.024,0.021,4.4672,0.012,226.5,0.7018,34.7885,290.7,5.86,11.84,0.82
30,87.64,-179.593,224,0.2,0.67,0.024,0.021,0.007530944,9.41E-05,0.190557214,0.2,0.67,0.024,0.021,4.4672,0.012,226.5,0.7018,34.7885,290.7,5.86,11.84,0.82
30,87.64,-179.593,224,0.2,0.67,0.024,0.021,0.005760947,0.000133857,0.190557214,0.2,0.67,0.024,0.021,4.4672,0.012,226.5,0.7018,34.7885,290.7,5.86,11.84,0.82
30,87.64,-179.593,224,0.2,0.67,0.024,0.021,0.007530944,9.41E-05,0.184593636,0.2,0.67,0.024,0.021,4.4672,0.012,226.5,0.7018,34.7885,290.7,5.86,11.85,0.81
30,87.64,-179.593,224,0.2,0.67,0.024,0.021,0.005760947,0.000133857,0.184593636,0.2,0.67,0.024,0.021,4.4672,0.012,226.5,0.7018,34.7885,290.7,5.86,11.85,0.81
30,87.64,-179.593,224,0.2,0.67,0.024,0.021,0.007530944,9.41E-05,0.190557214,0.2,0.67,0.024,0.021,4.4672,0.012,226.5,0.7018,34.7885,290.7,5.86,11.85,0.81
30,87.64,-179.593,224,0.2,0.67,0.024,0.021,0.005760947,0.000133857,0.190557214,0.2,0.67,0.024,0.021,4.4672,0.012,226.5,0.7018,34.7885,290.7,5.86,11.85,0.81
30,87.64,-179.593,224,0.2,0.67,0.024,0.021,0.007530944,9.41E-05,0.184593636,0.2,0.67,0.024,0.021,4.4673,0.012,226.5,0.7018,34.7885,290.7,5.86,11.84,0.82
30,87.64,-179.593,224,0.2,0.67,0.024,0.021,0.005760947,0.000133857,0.184593636,0.2,0.67,0.024,0.021,4.4673,0.012,226.5,0.7018,34.7885,290.7,5.86,11.84,0.82
30,87.64,-179.593,224,0.2,0.67,0.024,0.021,0.007530944,9.41E-05,0.190557214,0.2,0.67,0.024,0.021,4.4673,0.012,226.5,0.7018,34.7885,290.7,5.86,11.84,0.82
30,87.64,-179.593,224,0.2,0.67,0.024,0.021,0.005760947,0.000133857,0.190557214,0.2,0.67,0.024,0.021,4.4673,0.012,226.5,0.7018,34.7885,290.7,5.86,11.84,0.82
30,87.64,-179.593,224,0.2,0.67,0.024,0.021,0.007530944,9.41E-05,0.184593636,0.2,0.67,0.024,0.021,4.4673,0.012,226.5,0.7018,34.7885,290.7,5.86,11.85,0.81
30,87.64,-179.593,224,0.2,0.67,0.024,0.021,0.005760947,0.000133857,0.184593636,0.2,0.67,0.024,0.021,4.4673,0.012,226.5,0.7018,34.7885,290.7,5.86,11.85,0.81
30,87.64,-179.593,224,0.2,0.67,0.024,0.021,0.007530944,9.41E-05,0.190557214,0.2,0.67,0.024,0.021,4.4673,0.012,226.5,0.7018,34.7885,290.7,5.86,11.85,0.81
30,87.64,-179.593,224,0.2,0.67,0.024,0.021,0.005760947,0.000133857,0.190557214,0.2,0.67,0.024,0.021,4.4673,0.012,226.5,0.7018,34.7885,290.7,5.86,11.85,0.81
30,87.64,-179.593,224,0.2,0.67,0.024,0.021,0.007530944,9.41E-05,0.184593636,0.2,0.67,0.024,0.021,4.4656,0.011,226.5,0.7018,34.7885,290.7,5.86,11.84,0.82
30,87.64,-179.593,224,0.2,0.67,0.024,0.021,0.005760947,0.000133857,0.184593636,0.2,0.67,0.024,0.021,4.4656,0.011,226.5,0.7018,34.7885,290.7,5.86,11.84,0.82
30,87.64,-179.593,224,0.2,0.67,0.024,0.021,0.007530944,9.41E-05,0.190557214,0.2,0.67,0.024,0.021,4.4656,0.011,226.5,0.7018,34.7885,290.7,5.86,11.84,0.82
30,87.64,-179.593,224,0.2,0.67,0.024,0.021,0.005760947,0.000133857,0.190557214,0.2,0.67,0.024,0.021,4.4656,0.011,226.5,0.7018,34.7885,290.7,5.86,11.84,0.82
30,87.64,-179.593,224,0.2,0.67,0.024,0.021,0.007530944,9.41E-05,0.184593636,0.2,0.67,0.024,0.021,4.4656,0.011,226.5,0.7018,34.7885,290.7,5.86,11.85,0.81
30,87.64,-179.593,224,0.2,0.67,0.024,0.021,0.005760947,0.000133857,0.184593636,0.2,0.67,0.024,0.021,4.4656,0.011,226.5,0.7018,34.7885,290.7,5.86,11.85,0.81
30,87.64,-179.593,224,0.2,0.67,0.024,0.021,0.007530944,9.41E-05,0.190557214,0.2,0.67,0.024,0.021,4.4656,0.011,226.5,0.7018,34.7885,290.7,5.86,11.85,0.81
30,87.64,-179.593,224,0.2,0.67,0.024,0.021,0.005760947,0.000133857,0.190557214,0.2,0.67,0.024,0.021,4.4656,0.011,226.5,0.7018,34.7885,290.7,5.86,11.85,0.81
30,87.64,-179.593,224,0.2,0.67,0.024,0.021,0.007530944,9.41E-05,0.184593636,0.2,0.67,0.024,0.021,4.4658,0.012,226.5,0.7018,34.7885,290.7,5.86,11.84,0.82
30,87.64,-179.593,224,0.2,0.67,0.024,0.021,0.005760947,0.000133857,0.184593636,0.2,0.67,0.024,0.021,4.4658,0.012,226.5,0.7018,34.7885,290.7,5.86,11.84,0.82
30,87.64,-179.593,224,0.2,0.67,0.024,0.021,0.007530944,9.41E-05,0.190557214,0.2,0.67,0.024,0.021,4.4658,0.012,226.5,0.7018,34.7885,290.7,5.86,11.84,0.82
30,87.64,-179.593,224,0.2,0.67,0.024,0.021,0.005760947,0.000133857,0.190557214,0.2,0.67,0.024,0.021,4.4658,0.012,226.5,0.7018,34.7885,290.7,5.86,11.84,0.82
30,87.64,-179.593,224,0.2,0.67,0.024,0.021,0.007530944,9.41E-05,0.184593636,0.2,0.67,0.024,0.021,4.4658,0.012,226.5,0.7018,34.7885,290.7,5.86,11.85,0.81
30,87.64,-179.593,224,0.2,0.67,0.024,0.021,0.005760947,0.000133857,0.184593636,0.2,0.67,0.024,0.021,4.4658,0.012,226.5,0.7018,34.7885,290.7,5.86,11.85,0.81
30,87.64,-179.593,224,0.2,0.67,0.024,0.021,0.007530944,9.41E-05,0.190557214,0.2,0.67,0.024,0.021,4.4658,0.012,226.5,0.7018,34.7885,290.7,5.86,11.85,0.81
30,87.64,-179.593,224,0.2,0.67,0.024,0.021,0.005760947,0.000133857,0.190557214,0.2,0.67,0.024,0.021,4.4658,0.012,226.5,0.7018,34.7885,290.7,5.86,11.85,0.81
30,87.64,-179.593,259,0.14,0.68,0.029,0.069,0.008314907,0.000119527,0.163847712,0.14,0.68,0.029,0.069,4.4674,0.011,261.9,0.7885,34.8116,292,5.76,11.93,0.81
30,87.64,-179.593,259,0.14,0.68,0.029,0.069,0.008314907,0.000119527,0.163847712,0.14,0.68,0.029,0.069,4.4674,0.011,261.9,0.7885,34.8116,292,5.86,11.94,0.82
30,87.64,-179.593,259,0.14,0.68,0.029,0.069,0.008314907,0.000119527,0.163847712,0.14,0.68,0.029,0.069,4.4661,0.011,261.9,0.7885,34.8116,292,5.76,11.93,0.81
30,87.64,-179.593,259,0.14,0.68,0.029,0.069,0.008314907,0.000119527,0.163847712,0.14,0.68,0.029,0.069,4.4661,0.011,261.9,0.7885,34.8116,292,5.86,11.94,0.82
30,87.64,-179.593,374,0.14,0.54,0.014,0.064,0.016385008,0,0.131753178,0.14,0.54,0.014,0.064,4.4666,0.01,378.3,0.9249,34.868,296.6,5.86,12.21,0.83
30,87.64,-179.593,374,0.14,0.54,0.014,0.064,0.016385008,0,0.131753178,0.14,0.54,0.014,0.064,4.4666,0.01,378.3,0.9249,34.868,296.6,5.96,12.23,0.85
30,87.64,-179.593,374,0.14,0.54,0.014,0.064,0.016385008,0,0.131753178,0.14,0.54,0.014,0.064,4.4653,0.01,378.3,0.9249,34.868,296.6,5.86,12.21,0.83
30,87.64,-179.593,374,0.14,0.54,0.014,0.064,0.016385008,0,0.131753178,0.14,0.54,0.014,0.064,4.4653,0.01,378.3,0.9249,34.868,296.6,5.96,12.23,0.85
30,87.64,-179.593,799,0.04,0.74,0.026,0.032,0.008857153,5.21E-05,0.0740489,0.04,0.74,0.026,0.032,4.4677,0.01,809.4,0.0067,34.8766,300.5,6.45,12.3,0.84
30,87.64,-179.593,799,0.04,0.74,0.026,0.032,0.008857153,5.21E-05,0.0740489,0.04,0.74,0.026,0.032,4.4677,0.01,809.4,0.0067,34.8766,300.5,6.35,12.34,0.85
30,87.64,-179.593,799,0.04,0.74,0.026,0.032,0.008857153,5.21E-05,0.0740489,0.04,0.74,0.026,0.032,4.4669,0.01,809.4,0.0067,34.8766,300.5,6.45,12.3,0.84
30,87.64,-179.593,799,0.04,0.74,0.026,0.032,0.008857153,5.21E-05,0.0740489,0.04,0.74,0.026,0.032,4.4669,0.01,809.4,0.0067,34.8766,300.5,6.35,12.34,0.85
30,87.64,-179.593,999,0.04,0.41,0.013,0.102,0.003392523,0.000167841,0.053946978,0.04,0.41,0.013,0.102,4.4689,0.01,1012.5,-0.1695,34.8894,301.5,6.84,12.53,0.87
30,87.64,-179.593,999,0.04,0.41,0.013,0.102,0.003392523,0.000167841,0.053946978,0.04,0.41,0.013,0.102,4.4689,0.01,1012.5,-0.1695,34.8894,301.5,6.84,12.57,0.87
30,87.64,-179.593,999,0.04,0.41,0.013,0.102,0.003392523,0.000167841,0.053946978,0.04,0.41,0.013,0.102,4.4678,0.01,1012.5,-0.1695,34.8894,301.5,6.84,12.53,0.87
30,87.64,-179.593,999,0.04,0.41,0.013,0.102,0.003392523,0.000167841,0.053946978,0.04,0.41,0.013,0.102,4.4678,0.01,1012.5,-0.1695,34.8894,301.5,6.84,12.57,0.87
30,87.64,-179.593,1399,0,0.35,0.051,0.02,0.008805255,3.06E-05,0.033109442,0,0.35,0.051,0.02,4.4701,0.01,1419,-0.3467,34.9204,299.6,8.79,13.45,0.94
30,87.64,-179.593,1399,0,0.35,0.051,0.02,0.008805255,3.06E-05,0.033109442,0,0.35,0.051,0.02,4.4701,0.01,1419,-0.3467,34.9204,299.6,8.79,13.46,0.93
30,87.64,-179.593,1399,0,0.35,0.051,0.02,0.008805255,3.06E-05,0.033109442,0,0.35,0.051,0.02,4.4695,0.01,1419,-0.3467,34.9204,299.6,8.79,13.45,0.94
30,87.64,-179.593,1399,0,0.35,0.051,0.02,0.008805255,3.06E-05,0.033109442,0,0.35,0.051,0.02,4.4695,0.01,1419,-0.3467,34.9204,299.6,8.79,13.46,0.93
32,89.995,11.91,19,0.16,1.13,0.013,0.035,0.002546852,2.38E-05,0.690646225,0.16,1.13,0.013,0.035,4.427,0.096,19.2,-1.5947,31.4114,341.7,9.4,2.54,0.57
32,89.995,11.91,19,0.16,1.13,0.013,0.035,0.002546852,2.38E-05,0.690646225,0.16,1.13,0.013,0.035,4.427,0.096,19.2,-1.5947,31.4114,341.7,9.6,2.55,0.56
32,89.995,11.91,19,0.16,1.13,0.013,0.035,0.002546852,2.38E-05,0.690646225,0.16,1.13,0.013,0.035,4.417,0.07,19.2,-1.5947,31.4114,341.7,9.4,2.54,0.57
32,89.995,11.91,19,0.16,1.13,0.013,0.035,0.002546852,2.38E-05,0.690646225,0.16,1.13,0.013,0.035,4.417,0.07,19.2,-1.5947,31.4114,341.7,9.6,2.55,0.56
32,89.995,11.91,59,0.27,0.97,0.004,0.034,0.008947267,1.94E-05,0.298606598,0.27,0.97,0.004,0.034,4.4543,0.028,59.8,-1.793,33.0834,355.7,3.42,2.15,0.33
32,89.995,11.91,59,0.27,0.97,0.004,0.034,0.008947267,1.94E-05,0.298606598,0.27,0.97,0.004,0.034,4.4543,0.028,59.8,-1.793,33.0834,355.7,3.33,2.06,0.32
32,89.995,11.91,59,0.27,0.97,0.004,0.034,0.008947267,1.94E-05,0.298606598,0.27,0.97,0.004,0.034,4.4451,0.035,59.8,-1.793,33.0834,355.7,3.42,2.15,0.33
32,89.995,11.91,59,0.27,0.97,0.004,0.034,0.008947267,1.94E-05,0.298606598,0.27,0.97,0.004,0.034,4.4451,0.035,59.8,-1.793,33.0834,355.7,3.33,2.06,0.32
32,89.995,11.91,99,0.19,0.74,0.059,0.054,0.008934541,3.41E-05,0.25032441,0.19,0.74,0.059,0.054,4.4599,0.02,99.9,-1.7248,33.5607,336.3,3.91,4.06,0.42
32,89.995,11.91,99,0.19,0.74,0.059,0.054,0.008934541,3.41E-05,0.25032441,0.19,0.74,0.059,0.054,4.4599,0.02,99.9,-1.7248,33.5607,336.3,3.81,3.94,0.42
32,89.995,11.91,99,0.19,0.74,0.059,0.054,0.008934541,3.41E-05,0.25032441,0.19,0.74,0.059,0.054,4.4521,0.019,99.9,-1.7248,33.5607,336.3,3.91,4.06,0.42
32,89.995,11.91,99,0.19,0.74,0.059,0.054,0.008934541,3.41E-05,0.25032441,0.19,0.74,0.059,0.054,4.4521,0.019,99.9,-1.7248,33.5607,336.3,3.81,3.94,0.42
32,89.995,11.91,149,0,0.83,0.041,0.078,0.004966467,6.62E-05,0.195531577,0,0.83,0.041,0.078,4.4639,0.015,150.6,-0.9451,34.3499,299.1,4.59,8.51,0.64
32,89.995,11.91,149,0,0.83,0.041,0.078,0.004966467,6.62E-05,0.195531577,0,0.83,0.041,0.078,4.4639,0.015,150.6,-0.9451,34.3499,299.1,4.59,8.52,0.64
32,89.995,11.91,149,0,0.83,0.041,0.078,0.004966467,6.62E-05,0.195531577,0,0.83,0.041,0.078,4.4563,0.014,150.6,-0.9451,34.3499,299.1,4.59,8.51,0.64
32,89.995,11.91,149,0,0.83,0.041,0.078,0.004966467,6.62E-05,0.195531577,0,0.83,0.041,0.078,4.4563,0.014,150.6,-0.9451,34.3499,299.1,4.59,8.52,0.64
32,89.995,11.91,274,0,,0.06,0.037,0.006671963,6.67E-05,0.12362244,0,,0.06,0.037,4.4676,0.01,277,1.0716,34.8299,287,4.79,11.65,0.77
32,89.995,11.91,274,0,,0.06,0.037,0.006671963,6.67E-05,0.12362244,0,,0.06,0.037,4.4676,0.01,277,1.0716,34.8299,287,4.79,11.66,0.78
32,89.995,11.91,274,0,,0.06,0.037,0.006671963,6.67E-05,0.12362244,0,,0.06,0.037,4.4611,0.01,277,1.0716,34.8299,287,4.79,11.65,0.77
32,89.995,11.91,274,0,,0.06,0.037,0.006671963,6.67E-05,0.12362244,0,,0.06,0.037,4.4611,0.01,277,1.0716,34.8299,287,4.79,11.66,0.78
32,89.995,11.91,349,0.06,1.02,0.034,0.052,0.003834266,3.67E-05,0.106719676,0.06,1.02,0.034,0.052,4.4666,0.01,352.9,1.2222,34.8735,288.8,4.98,11.89,0.79
32,89.995,11.91,349,0.06,1.02,0.034,0.052,0.003834266,3.67E-05,0.106719676,0.06,1.02,0.034,0.052,4.4666,0.01,352.9,1.2222,34.8735,288.8,4.88,11.9,0.78
32,89.995,11.91,349,0.06,1.02,0.034,0.052,0.003834266,3.67E-05,0.106719676,0.06,1.02,0.034,0.052,4.4602,0.01,352.9,1.2222,34.8735,288.8,4.98,11.89,0.79
32,89.995,11.91,349,0.06,1.02,0.034,0.052,0.003834266,3.67E-05,0.106719676,0.06,1.02,0.034,0.052,4.4602,0.01,352.9,1.2222,34.8735,288.8,4.88,11.9,0.78
32,89.995,11.91,499,0.16,0.79,0.016,0.052,0.002309129,3.26E-05,0.088911002,0.08,0.51,0.02,0.0345,4.4664,0.01,504.8,0.8424,34.8919,293.6,5.28,11.96,0.8
32,89.995,11.91,499,0,0.23,0.024,0.017,0.002309129,3.26E-05,0.088911002,0.08,0.51,0.02,0.0345,4.4664,0.01,504.8,0.8424,34.8919,293.6,5.28,11.96,0.8
32,89.995,11.91,499,0.16,0.79,0.016,0.052,0.002309129,3.26E-05,0.088911002,0.08,0.51,0.02,0.0345,4.4664,0.01,504.8,0.8424,34.8919,293.6,5.28,11.99,0.8
32,89.995,11.91,499,0,0.23,0.024,0.017,0.002309129,3.26E-05,0.088911002,0.08,0.51,0.02,0.0345,4.4664,0.01,504.8,0.8424,34.8919,293.6,5.28,11.99,0.8
32,89.995,11.91,499,0.16,0.79,0.016,0.052,0.002309129,3.26E-05,0.088911002,0.08,0.51,0.02,0.0345,4.4664,0.01,505.1,0.8532,34.8927,290.6,5.37,11.86,0.8
32,89.995,11.91,499,0,0.23,0.024,0.017,0.002309129,3.26E-05,0.088911002,0.08,0.51,0.02,0.0345,4.4664,0.01,505.1,0.8532,34.8927,290.6,5.37,11.86,0.8
32,89.995,11.91,499,0.16,0.79,0.016,0.052,0.002309129,3.26E-05,0.088911002,0.08,0.51,0.02,0.0345,4.4664,0.01,505.1,0.8532,34.8927,290.6,5.37,11.95,0.81
32,89.995,11.91,499,0,0.23,0.024,0.017,0.002309129,3.26E-05,0.088911002,0.08,0.51,0.02,0.0345,4.4664,0.01,505.1,0.8532,34.8927,290.6,5.37,11.95,0.81
32,89.995,11.91,499,0.16,0.79,0.016,0.052,0.002309129,3.26E-05,0.088911002,0.08,0.51,0.02,0.0345,4.46,0.01,504.8,0.8424,34.8919,293.6,5.28,11.96,0.8
32,89.995,11.91,499,0,0.23,0.024,0.017,0.002309129,3.26E-05,0.088911002,0.08,0.51,0.02,0.0345,4.46,0.01,504.8,0.8424,34.8919,293.6,5.28,11.96,0.8
32,89.995,11.91,499,0.16,0.79,0.016,0.052,0.002309129,3.26E-05,0.088911002,0.08,0.51,0.02,0.0345,4.46,0.01,504.8,0.8424,34.8919,293.6,5.28,11.99,0.8
32,89.995,11.91,499,0,0.23,0.024,0.017,0.002309129,3.26E-05,0.088911002,0.08,0.51,0.02,0.0345,4.46,0.01,504.8,0.8424,34.8919,293.6,5.28,11.99,0.8
32,89.995,11.91,499,0.16,0.79,0.016,0.052,0.002309129,3.26E-05,0.088911002,0.08,0.51,0.02,0.0345,4.46,0.01,505.1,0.8532,34.8927,290.6,5.37,11.86,0.8
32,89.995,11.91,499,0,0.23,0.024,0.017,0.002309129,3.26E-05,0.088911002,0.08,0.51,0.02,0.0345,4.46,0.01,505.1,0.8532,34.8927,290.6,5.37,11.86,0.8
32,89.995,11.91,499,0.16,0.79,0.016,0.052,0.002309129,3.26E-05,0.088911002,0.08,0.51,0.02,0.0345,4.46,0.01,505.1,0.8532,34.8927,290.6,5.37,11.95,0.81
32,89.995,11.91,499,0,0.23,0.024,0.017,0.002309129,3.26E-05,0.088911002,0.08,0.51,0.02,0.0345,4.46,0.01,505.1,0.8532,34.8927,290.6,5.37,11.95,0.81
32,89.995,11.91,1299,0.16,0.25,0.023,0.06,0.002145634,0,0.059052639,0.16,0.25,0.023,0.06,4.4615,0.011,1317.2,-0.3294,34.9142,292,7.72,12.99,0.89
32,89.995,11.91,1299,0.16,0.25,0.023,0.06,0.002145634,0,0.059052639,0.16,0.25,0.023,0.06,4.4615,0.011,1317.2,-0.3294,34.9142,292,7.72,12.99,0.89
32,89.995,11.91,1899,0,0.66,0.029,0.044,0.005349657,6.62E-05,0.037701394,0,0.66,0.029,0.044,4.4627,0.01,1928.3,-0.5693,34.9255,287.4,10.65,14.23,0.96
32,89.995,11.91,1899,0,0.66,0.029,0.044,0.005349657,6.62E-05,0.037701394,0,0.66,0.029,0.044,4.4627,0.01,1928.3,-0.5693,34.9255,287.4,10.55,14.2,0.97
32,89.995,11.91,2349,0,0.28,0.02,0.027,0.013793845,0.000214571,0.031403126,0,0.28,0.02,0.027,4.463,0.01,2387.9,-0.7175,34.9224,292.6,10.65,14.38,0.98
32,89.995,11.91,2349,0,0.28,0.02,0.027,0.013793845,0.000214571,0.031403126,0,0.28,0.02,0.027,4.463,0.01,2387.9,-0.7175,34.9224,292.6,10.65,14.41,0.98
32,89.995,11.91,2799,0.15,0.66,0.039,0.03,0.006371382,2.91E-05,0.020165452,0.15,0.66,0.039,0.03,4.4643,0.01,2848.4,-0.7435,34.9275,296,10.74,14.47,0.98
32,89.995,11.91,2799,0.15,0.66,0.039,0.03,0.006371382,2.91E-05,0.020165452,0.15,0.66,0.039,0.03,4.4643,0.01,2848.4,-0.7435,34.9275,296,10.84,14.46,0.98
32,89.995,11.91,3224,0.11,0.71,0.038,0.034,0.013830073,1.31E-05,0.032377202,0.11,0.71,0.038,0.034,4.4634,0.01,3284.4,-0.7324,34.9337,299.6,11.13,14.5,0.98
32,89.995,11.91,3224,0.11,0.71,0.038,0.034,0.013830073,1.31E-05,0.032377202,0.11,0.71,0.038,0.034,4.4634,0.01,3284.4,-0.7324,34.9337,299.6,11.04,14.49,0.98
32,89.995,11.91,4159,0.15,0.5,0.027,0.034,0.005095089,7.73E-05,0.060243196,0.15,0.5,0.027,0.034,4.4642,0.011,4246,-0.6491,34.9413,309.7,11.23,14.35,0.99
32,89.995,11.91,4159,0.15,0.5,0.027,0.034,0.005095089,7.73E-05,0.060243196,0.15,0.5,0.027,0.034,4.4642,0.011,4246,-0.6491,34.9413,309.7,11.13,14.38,0.99
32,89.995,11.91,4199,0.18,0.5,0.07,0.013,0.003524616,8.13E-05,0.050482773,0.18,0.5,0.07,0.013,4.4623,0.011,4287.3,-0.6449,34.9411,310.7,11.13,14.39,0.98
32,89.995,11.91,4199,0.18,0.5,0.07,0.013,0.003524616,8.13E-05,0.050482773,0.18,0.5,0.07,0.013,4.4623,0.011,4287.3,-0.6449,34.9411,310.7,11.13,14.4,0.99
38,87.825,-148.874,19,0.33,1.42,0.002,0,0.004623816,0.000127554,0.521392164,0.33,1.42,0.002,0,4.4394,0.055,19.3,-1.4549,28.5881,365.6,13.15,0.75,0.74
38,87.825,-148.874,19,0.33,1.42,0.002,0,0.004623816,0.000127554,0.521392164,0.33,1.42,0.002,0,4.4394,0.055,19.3,-1.4549,28.5881,365.6,13.15,0.57,0.73
38,87.825,-148.874,19,0.33,1.42,0.002,0,0.004623816,0.000127554,0.521392164,0.33,1.42,0.002,0,4.4379,0.074,19.3,-1.4549,28.5881,365.6,13.15,0.75,0.74
38,87.825,-148.874,19,0.33,1.42,0.002,0,0.004623816,0.000127554,0.521392164,0.33,1.42,0.002,0,4.4379,0.074,19.3,-1.4549,28.5881,365.6,13.15,0.57,0.73
38,87.825,-148.874,44,0.04,1.28,0.014,0,0.010211555,7.01E-05,0.352764287,0.04,1.28,0.014,0,4.4468,0.036,44.4,-1.5935,30.4279,345.8,12.15,2.88,0.77
38,87.825,-148.874,44,0.04,1.28,0.014,0,0.010211555,7.01E-05,0.352764287,0.04,1.28,0.014,0,4.4468,0.036,44.4,-1.5935,30.4279,345.8,12.05,2.56,0.77
38,87.825,-148.874,44,0.04,1.28,0.014,0,0.010211555,7.01E-05,0.352764287,0.04,1.28,0.014,0,4.4483,0.038,44.4,-1.5935,30.4279,345.8,12.15,2.88,0.77
38,87.825,-148.874,44,0.04,1.28,0.014,0,0.010211555,7.01E-05,0.352764287,0.04,1.28,0.014,0,4.4483,0.038,44.4,-1.5935,30.4279,345.8,12.05,2.56,0.77
38,87.825,-148.874,62,0.09,1.16,0.018,0.017,0.004183722,7.11E-05,0.29232618,0.09,1.16,0.018,0.017,4.4521,0.023,62.6,-1.6084,32.0934,322.6,14.78,6.46,0.95
38,87.825,-148.874,62,0.09,1.16,0.018,0.017,0.004183722,7.11E-05,0.29232618,0.09,1.16,0.018,0.017,4.4521,0.023,62.6,-1.6084,32.0934,322.6,12.43,5.47,0.85
38,87.825,-148.874,62,0.09,1.16,0.018,0.017,0.004183722,7.11E-05,0.29232618,0.09,1.16,0.018,0.017,4.4517,0.021,62.6,-1.6084,32.0934,322.6,14.78,6.46,0.95
38,87.825,-148.874,62,0.09,1.16,0.018,0.017,0.004183722,7.11E-05,0.29232618,0.09,1.16,0.018,0.017,4.4517,0.021,62.6,-1.6084,32.0934,322.6,12.43,5.47,0.85
38,87.825,-148.874,99,0.15,1.48,0.002,0.028,0.008499056,6.84E-05,0.181849458,0.15,1.48,0.002,0.028,4.4549,0.018,100.2,-1.4619,33.6978,285.1,13.2,0.85,0.76
38,87.825,-148.874,99,0.15,1.48,0.002,0.028,0.008499056,6.84E-05,0.181849458,0.15,1.48,0.002,0.028,4.4549,0.018,100.2,-1.4619,33.6978,285.1,13.2,0.6,0.75
38,87.825,-148.874,99,0.15,1.48,0.002,0.028,0.008499056,6.84E-05,0.181849458,0.15,1.48,0.002,0.028,4.4557,0.018,100.2,-1.4619,33.6978,285.1,13.2,0.85,0.76
38,87.825,-148.874,99,0.15,1.48,0.002,0.028,0.008499056,6.84E-05,0.181849458,0.15,1.48,0.002,0.028,4.4557,0.018,100.2,-1.4619,33.6978,285.1,13.2,0.6,0.75
38,87.825,-148.874,199,0.08,1.04,0.057,0.024,0.002144773,2.41E-05,0.227048427,0.08,1.04,0.057,0.024,4.465,0.014,201.2,0.1405,34.6055,285.9,5.67,10.34,0.75
38,87.825,-148.874,199,0.08,1.04,0.057,0.024,0.002144773,2.41E-05,0.227048427,0.08,1.04,0.057,0.024,4.465,0.014,201.2,0.1405,34.6055,285.9,5.76,10.43,0.77
38,87.825,-148.874,199,0.08,1.04,0.057,0.024,0.002144773,2.41E-05,0.227048427,0.08,1.04,0.057,0.024,4.4671,0.013,201.2,0.1405,34.6055,285.9,5.67,10.34,0.75
38,87.825,-148.874,199,0.08,1.04,0.057,0.024,0.002144773,2.41E-05,0.227048427,0.08,1.04,0.057,0.024,4.4671,0.013,201.2,0.1405,34.6055,285.9,5.76,10.43,0.77
38,87.825,-148.874,799,0,0.57,0.012,0.036,0.002849604,3.26E-05,0.111550118,0,0.57,0.012,0.036,4.4694,0.01,809.5,0.0367,34.8733,290.6,6.45,12.24,0.85
38,87.825,-148.874,799,0,0.57,0.012,0.036,0.002849604,3.26E-05,0.111550118,0,0.57,0.012,0.036,4.4694,0.01,809.5,0.0367,34.8733,290.6,6.45,12.23,0.84
38,87.825,-148.874,1224,0,0.71,0.036,0.036,0.00448373,9.12E-05,0.062493942,0,0.71,0.036,0.036,4.4713,0.01,1241.1,-0.2876,34.9032,291,7.91,12.89,0.9
38,87.825,-148.874,1224,0,0.71,0.036,0.036,0.00448373,9.12E-05,0.062493942,0,0.71,0.036,0.036,4.4713,0.01,1241.1,-0.2876,34.9032,291,7.91,12.92,0.9
38,87.825,-148.874,2549,0.11,0.54,0.03,0.005,0.00459651,0.000143943,0.029971523,0.11,0.54,0.03,0.005,4.4683,0.01,2592.6,-0.3669,34.9516,288.1,12.89,14.5,1.01
38,87.825,-148.874,2549,0.11,0.54,0.03,0.005,0.00459651,0.000143943,0.029971523,0.11,0.54,0.03,0.005,4.4683,0.01,2592.6,-0.3669,34.9516,288.1,12.8,14.48,1.01
38,87.825,-148.874,2549,0.11,0.54,0.03,0.005,0.00459651,0.000143943,0.029971523,0.11,0.54,0.03,0.005,4.4682,0.01,2592.6,-0.3669,34.9516,288.1,12.89,14.5,1.01
38,87.825,-148.874,2549,0.11,0.54,0.03,0.005,0.00459651,0.000143943,0.029971523,0.11,0.54,0.03,0.005,4.4682,0.01,2592.6,-0.3669,34.9516,288.1,12.8,14.48,1.01
43,85.141,-149.873,54,0.13,2.4,0.034,0.011,0.00218334,3.37E-05,0.329326839,0.13,2.4,0.034,0.011,4.4552,0.015,54.7,-1.4846,31.0159,-999,9.99,2.85,0.83
43,85.141,-149.873,54,0.13,2.4,0.034,0.011,0.00218334,3.37E-05,0.329326839,0.13,2.4,0.034,0.011,4.4552,0.015,54.7,-1.4846,31.0159,-999,9.79,2.75,0.83
43,85.141,-149.873,54,0.13,2.4,0.034,0.011,0.00218334,3.37E-05,0.329326839,0.13,2.4,0.034,0.011,4.4518,0.019,54.7,-1.4846,31.0159,-999,9.99,2.85,0.83
43,85.141,-149.873,54,0.13,2.4,0.034,0.011,0.00218334,3.37E-05,0.329326839,0.13,2.4,0.034,0.011,4.4518,0.019,54.7,-1.4846,31.0159,-999,9.79,2.75,0.83
43,85.141,-149.873,74,0.13,0.9,0.036,0,0.017209347,7.62E-05,0.269310174,0.13,0.9,0.036,0,4.46,0.015,75.1,-1.5611,32.0271,-999,13.7,5.42,0.91
43,85.141,-149.873,74,0.13,0.9,0.036,0,0.017209347,7.62E-05,0.269310174,0.13,0.9,0.036,0,4.46,0.015,75.1,-1.5611,32.0271,-999,15.66,6.24,1
43,85.141,-149.873,74,0.13,0.9,0.036,0,0.017209347,7.62E-05,0.269310174,0.13,0.9,0.036,0,4.453,0.018,75.1,-1.5611,32.0271,-999,13.7,5.42,0.91
43,85.141,-149.873,74,0.13,0.9,0.036,0,0.017209347,7.62E-05,0.269310174,0.13,0.9,0.036,0,4.453,0.018,75.1,-1.5611,32.0271,-999,15.66,6.24,1
43,85.141,-149.873,100,0.08,0.93,0.044,0.011,0.007071121,0.000169707,0.276024916,0.08,0.93,0.044,0.011,4.4586,0.016,100.7,-1.4134,33.0933,-999,31.49,13.24,1.55
43,85.141,-149.873,100,0.08,0.93,0.044,0.011,0.007071121,0.000169707,0.276024916,0.08,0.93,0.044,0.011,4.4586,0.016,100.7,-1.4134,33.0933,-999,32.37,13.47,1.58
43,85.141,-149.873,100,0.08,0.93,0.044,0.011,0.007071121,0.000169707,0.276024916,0.08,0.93,0.044,0.011,4.4522,0.017,100.7,-1.4134,33.0933,-999,31.49,13.24,1.55
43,85.141,-149.873,100,0.08,0.93,0.044,0.011,0.007071121,0.000169707,0.276024916,0.08,0.93,0.044,0.011,4.4522,0.017,100.7,-1.4134,33.0933,-999,32.37,13.47,1.58
43,85.141,-149.873,139,0.34,0.99,0.05,0.018,0.004882517,2.79E-05,0.218859361,0.34,0.99,0.05,0.018,4.4642,0.017,140.8,-1.0482,34.1667,-999,9.87,9.35,0.8
43,85.141,-149.873,139,0.34,0.99,0.05,0.018,0.004882517,2.79E-05,0.218859361,0.34,0.99,0.05,0.018,4.4642,0.017,140.8,-1.0482,34.1667,-999,9.97,9.34,0.81
43,85.141,-149.873,139,0.34,0.99,0.05,0.018,0.004882517,2.79E-05,0.218859361,0.34,0.99,0.05,0.018,4.4652,0.017,140.8,-1.0482,34.1667,-999,9.87,9.35,0.8
43,85.141,-149.873,139,0.34,0.99,0.05,0.018,0.004882517,2.79E-05,0.218859361,0.34,0.99,0.05,0.018,4.4652,0.017,140.8,-1.0482,34.1667,-999,9.97,9.34,0.81
43,85.141,-149.873,139,0.34,0.99,0.05,0.018,0.004882517,2.79E-05,0.218859361,0.34,0.99,0.05,0.018,4.4593,0.018,140.8,-1.0482,34.1667,-999,9.87,9.35,0.8
43,85.141,-149.873,139,0.34,0.99,0.05,0.018,0.004882517,2.79E-05,0.218859361,0.34,0.99,0.05,0.018,4.4593,0.018,140.8,-1.0482,34.1667,-999,9.97,9.34,0.81
43,85.141,-149.873,139,0.34,0.99,0.05,0.018,0.004882517,2.79E-05,0.218859361,0.34,0.99,0.05,0.018,4.4598,0.015,140.8,-1.0482,34.1667,-999,9.87,9.35,0.8
43,85.141,-149.873,139,0.34,0.99,0.05,0.018,0.004882517,2.79E-05,0.218859361,0.34,0.99,0.05,0.018,4.4598,0.015,140.8,-1.0482,34.1667,-999,9.97,9.34,0.81
43,85.141,-149.873,225,0.72,,0.044,0.011,0.006743784,0.000182082,0.150722977,0.72,,0.044,0.011,4.4698,0.012,227.2,0.284,34.6395,-999,6.94,11.02,0.79
43,85.141,-149.873,225,0.72,,0.044,0.011,0.006743784,0.000182082,0.150722977,0.72,,0.044,0.011,4.4698,0.012,227.2,0.284,34.6395,-999,6.94,11.07,0.8
43,85.141,-149.873,225,0.72,,0.044,0.011,0.006743784,0.000182082,0.150722977,0.72,,0.044,0.011,4.464,0.011,227.2,0.284,34.6395,-999,6.94,11.02,0.79
43,85.141,-149.873,225,0.72,,0.044,0.011,0.006743784,0.000182082,0.150722977,0.72,,0.044,0.011,4.464,0.011,227.2,0.284,34.6395,-999,6.94,11.07,0.8
43,85.141,-149.873,329,0.1,0.77,0.05,0.037,0.002302642,4.77E-05,0.13015117,0.1,0.77,0.05,0.037,4.471,0.009,332.9,0.8793,34.8416,-999,6.06,11.58,0.82
43,85.141,-149.873,329,0.1,0.77,0.05,0.037,0.002302642,4.77E-05,0.13015117,0.1,0.77,0.05,0.037,4.471,0.009,332.9,0.8793,34.8416,-999,6.06,11.88,0.81
43,85.141,-149.873,329,0.1,0.77,0.05,0.037,0.002302642,4.77E-05,0.13015117,0.1,0.77,0.05,0.037,4.465,0.01,332.9,0.8793,34.8416,-999,6.06,11.58,0.82
43,85.141,-149.873,329,0.1,0.77,0.05,0.037,0.002302642,4.77E-05,0.13015117,0.1,0.77,0.05,0.037,4.465,0.01,332.9,0.8793,34.8416,-999,6.06,11.88,0.81
43,85.141,-149.873,499,0.26,,0.057,0.028,0.004277881,0.000188227,0.11455374,0.25,0.41,0.065,0.014,4.4696,0.009,505.1,0.5631,34.8515,-999,6.93,12.45,0.85
43,85.141,-149.873,499,0.24,0.41,0.073,0,0.004277881,0.000188227,0.11455374,0.25,0.41,0.065,0.014,4.4696,0.009,505.1,0.5631,34.8515,-999,6.93,12.45,0.85
43,85.141,-149.873,499,0.26,,0.057,0.028,0.004277881,0.000188227,0.11455374,0.25,0.41,0.065,0.014,4.4696,0.009,505.1,0.5631,34.8515,-999,7.03,12.34,0.85
43,85.141,-149.873,499,0.24,0.41,0.073,0,0.004277881,0.000188227,0.11455374,0.25,0.41,0.065,0.014,4.4696,0.009,505.1,0.5631,34.8515,-999,7.03,12.34,0.85
43,85.141,-149.873,499,0.26,,0.057,0.028,0.004277881,0.000188227,0.11455374,0.25,0.41,0.065,0.014,4.4696,0.009,505.2,0.5533,34.8532,-999,6.74,12.23,0.84
43,85.141,-149.873,499,0.24,0.41,0.073,0,0.004277881,0.000188227,0.11455374,0.25,0.41,0.065,0.014,4.4696,0.009,505.2,0.5533,34.8532,-999,6.74,12.23,0.84
43,85.141,-149.873,499,0.26,,0.057,0.028,0.004277881,0.000188227,0.11455374,0.25,0.41,0.065,0.014,4.4696,0.009,505.2,0.5533,34.8532,-999,6.74,12.23,0.84
43,85.141,-149.873,499,0.24,0.41,0.073,0,0.004277881,0.000188227,0.11455374,0.25,0.41,0.065,0.014,4.4696,0.009,505.2,0.5533,34.8532,-999,6.74,12.23,0.84
43,85.141,-149.873,499,0.26,,0.057,0.028,0.004277881,0.000188227,0.11455374,0.25,0.41,0.065,0.014,4.4662,0.01,505.1,0.5631,34.8515,-999,6.93,12.45,0.85
43,85.141,-149.873,499,0.24,0.41,0.073,0,0.004277881,0.000188227,0.11455374,0.25,0.41,0.065,0.014,4.4662,0.01,505.1,0.5631,34.8515,-999,6.93,12.45,0.85
43,85.141,-149.873,499,0.26,,0.057,0.028,0.004277881,0.000188227,0.11455374,0.25,0.41,0.065,0.014,4.4662,0.01,505.1,0.5631,34.8515,-999,7.03,12.34,0.85
43,85.141,-149.873,499,0.24,0.41,0.073,0,0.004277881,0.000188227,0.11455374,0.25,0.41,0.065,0.014,4.4662,0.01,505.1,0.5631,34.8515,-999,7.03,12.34,0.85
43,85.141,-149.873,499,0.26,,0.057,0.028,0.004277881,0.000188227,0.11455374,0.25,0.41,0.065,0.014,4.4662,0.01,505.2,0.5533,34.8532,-999,6.74,12.23,0.84
43,85.141,-149.873,499,0.24,0.41,0.073,0,0.004277881,0.000188227,0.11455374,0.25,0.41,0.065,0.014,4.4662,0.01,505.2,0.5533,34.8532,-999,6.74,12.23,0.84
43,85.141,-149.873,499,0.26,,0.057,0.028,0.004277881,0.000188227,0.11455374,0.25,0.41,0.065,0.014,4.4662,0.01,505.2,0.5533,34.8532,-999,6.74,12.23,0.84
43,85.141,-149.873,499,0.24,0.41,0.073,0,0.004277881,0.000188227,0.11455374,0.25,0.41,0.065,0.014,4.4662,0.01,505.2,0.5533,34.8532,-999,6.74,12.23,0.84
43,85.141,-149.873,999,0,0.38,0.143,0.018,0.002610597,0.00012074,0.055879315,0,0.38,0.143,0.018,4.4699,0.01,1012,-0.0843,34.8867,-999,7.42,12.54,0.88
43,85.141,-149.873,999,0,0.38,0.143,0.018,0.002610597,0.00012074,0.055879315,0,0.38,0.143,0.018,4.4699,0.01,1012,-0.0843,34.8867,-999,7.42,12.52,0.88
43,85.141,-149.873,1399,0.23,0.61,0.04,0.025,0.007158408,0.000334059,0.028119823,0.23,0.61,0.04,0.025,4.4708,0.01,1418.8,-0.2993,34.9166,-999,9.27,13.28,0.93
43,85.141,-149.873,1399,0.23,0.61,0.04,0.025,0.007158408,0.000334059,0.028119823,0.23,0.61,0.04,0.025,4.4708,0.01,1418.8,-0.2993,34.9166,-999,9.47,13.29,0.94
48,80.499,-148.597,500,0.07,0.87,0.09,0.012,0.00332129,0,0.092011534,0.07,0.87,0.09,0.012,4.4697,0.01,506,0.8493,34.8515,276.4,6.25,12.13,0.83
48,80.499,-148.597,500,0.07,0.87,0.09,0.012,0.00332129,0,0.092011534,0.07,0.87,0.09,0.012,4.4697,0.01,506,0.8493,34.8515,276.4,6.25,12.14,0.83
52,77.481,-147.954,19,0.06,1.57,0.001,0.025,0.038843143,5.69E-05,0.747234614,0.06,1.57,0.001,0.025,4.4429,0.07,19.6,-1.3994,27.6248,320.8,2.65,0,0.57
52,77.481,-147.954,23,0.57,,0.005,0.026,0.038843143,5.69E-05,0.747234614,0.06,1.57,0.001,0.025,4.4429,0.07,19.6,-1.3994,27.6248,320.8,2.65,0,0.57
52,77.481,-147.954,19,0.06,1.57,0.001,0.025,0.038843143,5.69E-05,0.747234614,0.06,1.57,0.001,0.025,4.4429,0.07,19.6,-1.3994,27.6248,320.8,2.65,0.02,0.58
52,77.481,-147.954,23,0.57,,0.005,0.026,0.038843143,5.69E-05,0.747234614,0.06,1.57,0.001,0.025,4.4429,0.07,19.6,-1.3994,27.6248,320.8,2.65,0.02,0.58
52,77.481,-147.954,19,0.06,1.57,0.001,0.025,0.038843143,5.69E-05,0.747234614,0.06,1.57,0.001,0.025,4.4147,0.063,19.6,-1.3994,27.6248,320.8,2.65,0,0.57
52,77.481,-147.954,23,0.57,,0.005,0.026,0.038843143,5.69E-05,0.747234614,0.06,1.57,0.001,0.025,4.4147,0.063,19.6,-1.3994,27.6248,320.8,2.65,0,0.57
52,77.481,-147.954,19,0.06,1.57,0.001,0.025,0.038843143,5.69E-05,0.747234614,0.06,1.57,0.001,0.025,4.4147,0.063,19.6,-1.3994,27.6248,320.8,2.65,0.02,0.58
52,77.481,-147.954,23,0.57,,0.005,0.026,0.038843143,5.69E-05,0.747234614,0.06,1.57,0.001,0.025,4.4147,0.063,19.6,-1.3994,27.6248,320.8,2.65,0.02,0.58
52,77.481,-147.954,19,0.06,1.57,0.001,0.025,0.038843143,5.69E-05,0.747234614,0.57,,0.005,0.026,4.4425,0.089,23.5,-1.1333,29.1016,328.3,2.55,0,0.58
52,77.481,-147.954,23,0.57,,0.005,0.026,0.038843143,5.69E-05,0.747234614,0.57,,0.005,0.026,4.4425,0.089,23.5,-1.1333,29.1016,328.3,2.55,0,0.58
52,77.481,-147.954,19,0.06,1.57,0.001,0.025,0.038843143,5.69E-05,0.747234614,0.57,,0.005,0.026,4.4425,0.089,23.5,-1.1333,29.1016,328.3,2.55,0.01,0.59
52,77.481,-147.954,23,0.57,,0.005,0.026,0.038843143,5.69E-05,0.747234614,0.57,,0.005,0.026,4.4425,0.089,23.5,-1.1333,29.1016,328.3,2.55,0.01,0.59
52,77.481,-147.954,19,0.06,1.57,0.001,0.025,0.038843143,5.69E-05,0.747234614,0.57,,0.005,0.026,4.4139,0.08,23.5,-1.1333,29.1016,328.3,2.55,0,0.58
52,77.481,-147.954,23,0.57,,0.005,0.026,0.038843143,5.69E-05,0.747234614,0.57,,0.005,0.026,4.4139,0.08,23.5,-1.1333,29.1016,328.3,2.55,0,0.58
52,77.481,-147.954,19,0.06,1.57,0.001,0.025,0.038843143,5.69E-05,0.747234614,0.57,,0.005,0.026,4.4139,0.08,23.5,-1.1333,29.1016,328.3,2.55,0.01,0.59
52,77.481,-147.954,23,0.57,,0.005,0.026,0.038843143,5.69E-05,0.747234614,0.57,,0.005,0.026,4.4139,0.08,23.5,-1.1333,29.1016,328.3,2.55,0.01,0.59
52,77.481,-147.954,36,0.07,1.06,0.004,0.02,0.16609673,0.041779716,0.908174762,0.07,1.06,0.004,0.02,4.4363,0.103,36.2,-1.2604,29.3765,327.2,2.84,0.11,0.61
52,77.481,-147.954,36,0.07,1.06,0.004,0.02,0.16609673,0.041779716,0.908174762,0.07,1.06,0.004,0.02,4.4363,0.103,36.2,-1.2604,29.3765,327.2,2.75,0,0.61
52,77.481,-147.954,36,0.07,1.06,0.004,0.02,0.16609673,0.041779716,0.908174762,0.07,1.06,0.004,0.02,4.4181,0.083,36.2,-1.2604,29.3765,327.2,2.84,0.11,0.61
52,77.481,-147.954,36,0.07,1.06,0.004,0.02,0.16609673,0.041779716,0.908174762,0.07,1.06,0.004,0.02,4.4181,0.083,36.2,-1.2604,29.3765,327.2,2.75,0,0.61
52,77.481,-147.954,60,0.37,0.79,0.054,0.025,0.019286679,0.000207229,0.95765974,0.37,0.79,0.054,0.025,4.4422,0.106,60.4,-0.0947,30.8645,310.8,6.85,1.79,0.91
52,77.481,-147.954,60,0.37,0.79,0.054,0.025,0.019286679,0.000207229,0.95765974,0.37,0.79,0.054,0.025,4.4422,0.106,60.4,-0.0947,30.8645,310.8,6.85,1.74,0.9
52,77.481,-147.954,60,0.37,0.79,0.054,0.025,0.019286679,0.000207229,0.95765974,0.37,0.79,0.054,0.025,4.4045,0.12,60.4,-0.0947,30.8645,310.8,6.85,1.79,0.91
52,77.481,-147.954,60,0.37,0.79,0.054,0.025,0.019286679,0.000207229,0.95765974,0.37,0.79,0.054,0.025,4.4045,0.12,60.4,-0.0947,30.8645,310.8,6.85,1.74,0.9
52,77.481,-147.954,90,0.27,0.79,0.075,0.04,0.012322397,7.07E-05,0.264704024,0.27,0.79,0.075,0.04,4.456,0.027,91.1,-0.9428,31.9779,264.4,18.4,9,1.4
52,77.481,-147.954,90,0.27,0.79,0.075,0.04,0.012322397,7.07E-05,0.264704024,0.27,0.79,0.075,0.04,4.456,0.027,91.1,-0.9428,31.9779,264.4,18.5,9.05,1.4
52,77.481,-147.954,90,0.27,0.79,0.075,0.04,0.012322397,7.07E-05,0.264704024,0.27,0.79,0.075,0.04,4.4415,0.025,91.1,-0.9428,31.9779,264.4,18.4,9,1.4
52,77.481,-147.954,90,0.27,0.79,0.075,0.04,0.012322397,7.07E-05,0.264704024,0.27,0.79,0.075,0.04,4.4415,0.025,91.1,-0.9428,31.9779,264.4,18.5,9.05,1.4
52,77.481,-147.954,150,0.66,0.67,0.041,0.02,0.022085381,7.36E-05,0.247324404,0.66,0.67,0.041,0.02,4.4553,0.017,151.5,-1.3979,32.6717,240.6,29.44,13.89,1.77
52,77.481,-147.954,150,0.66,0.67,0.041,0.02,0.022085381,7.36E-05,0.247324404,0.66,0.67,0.041,0.02,4.4553,0.017,151.5,-1.3979,32.6717,240.6,29.64,13.99,1.78
52,77.481,-147.954,150,0.66,0.67,0.041,0.02,0.022085381,7.36E-05,0.247324404,0.66,0.67,0.041,0.02,4.4418,0.016,151.5,-1.3979,32.6717,240.6,29.44,13.89,1.77
52,77.481,-147.954,150,0.66,0.67,0.041,0.02,0.022085381,7.36E-05,0.247324404,0.66,0.67,0.041,0.02,4.4418,0.016,151.5,-1.3979,32.6717,240.6,29.64,13.99,1.78
52,77.481,-147.954,245,0.12,1.41,0.039,0.02,0.018020073,0.000210234,0.168776354,0.12,1.41,0.039,0.02,4.4595,0.016,247.7,-0.9063,34.0732,222.9,19.83,13.12,1.23
52,77.481,-147.954,245,0.12,1.41,0.039,0.02,0.018020073,0.000210234,0.168776354,0.12,1.41,0.039,0.02,4.4595,0.016,247.7,-0.9063,34.0732,222.9,18.95,12.98,1.18
52,77.481,-147.954,245,0.12,1.41,0.039,0.02,0.018020073,0.000210234,0.168776354,0.12,1.41,0.039,0.02,4.4479,0.018,247.7,-0.9063,34.0732,222.9,19.83,13.12,1.23
52,77.481,-147.954,245,0.12,1.41,0.039,0.02,0.018020073,0.000210234,0.168776354,0.12,1.41,0.039,0.02,4.4479,0.018,247.7,-0.9063,34.0732,222.9,18.95,12.98,1.18
52,77.481,-147.954,450,0.17,0.49,0.039,0.021,0.012359143,7.97E-05,0.093068481,0.17,0.49,0.039,0.021,4.4641,0.012,455.3,0.8157,34.8293,246.3,6.25,12.28,0.84
52,77.481,-147.954,450,0.17,0.49,0.039,0.021,0.012359143,7.97E-05,0.093068481,0.17,0.49,0.039,0.021,4.4641,0.012,455.3,0.8157,34.8293,246.3,6.15,12.28,0.85
52,77.481,-147.954,450,0.17,0.49,0.039,0.021,0.012359143,7.97E-05,0.093068481,0.17,0.49,0.039,0.021,4.4531,0.011,455.3,0.8157,34.8293,246.3,6.25,12.28,0.84
52,77.481,-147.954,450,0.17,0.49,0.039,0.021,0.012359143,7.97E-05,0.093068481,0.17,0.49,0.039,0.021,4.4531,0.011,455.3,0.8157,34.8293,246.3,6.15,12.28,0.85
52,77.481,-147.954,600,0.22,0.49,0.064,0.029,0.006376912,0,0.067387516,0.22,0.49,0.064,0.029,4.4653,0.011,607.4,0.6225,34.8531,248.3,6.45,12.43,0.85
52,77.481,-147.954,601,0.21,1.03,0.058,0.035,0.006376912,0,0.067387516,0.22,0.49,0.064,0.029,4.4653,0.011,607.4,0.6225,34.8531,248.3,6.45,12.43,0.85
52,77.481,-147.954,600,0.22,0.49,0.064,0.029,0.006376912,0,0.067387516,0.22,0.49,0.064,0.029,4.4653,0.011,607.4,0.6225,34.8531,248.3,6.45,12.47,0.84
52,77.481,-147.954,601,0.21,1.03,0.058,0.035,0.006376912,0,0.067387516,0.22,0.49,0.064,0.029,4.4653,0.011,607.4,0.6225,34.8531,248.3,6.45,12.47,0.84
52,77.481,-147.954,600,0.22,0.49,0.064,0.029,0.006376912,0,0.067387516,0.22,0.49,0.064,0.029,4.4543,0.01,607.4,0.6225,34.8531,248.3,6.45,12.43,0.85
52,77.481,-147.954,601,0.21,1.03,0.058,0.035,0.006376912,0,0.067387516,0.22,0.49,0.064,0.029,4.4543,0.01,607.4,0.6225,34.8531,248.3,6.45,12.43,0.85
52,77.481,-147.954,600,0.22,0.49,0.064,0.029,0.006376912,0,0.067387516,0.22,0.49,0.064,0.029,4.4543,0.01,607.4,0.6225,34.8531,248.3,6.45,12.47,0.84
52,77.481,-147.954,601,0.21,1.03,0.058,0.035,0.006376912,0,0.067387516,0.22,0.49,0.064,0.029,4.4543,0.01,607.4,0.6225,34.8531,248.3,6.45,12.47,0.84
52,77.481,-147.954,600,0.22,0.49,0.064,0.029,0.006376912,0,0.067387516,0.21,1.03,0.058,0.035,4.4653,0.011,608.2,0.6203,34.8532,247.4,6.64,12.45,0.85
52,77.481,-147.954,601,0.21,1.03,0.058,0.035,0.006376912,0,0.067387516,0.21,1.03,0.058,0.035,4.4653,0.011,608.2,0.6203,34.8532,247.4,6.64,12.45,0.85
52,77.481,-147.954,600,0.22,0.49,0.064,0.029,0.006376912,0,0.067387516,0.21,1.03,0.058,0.035,4.4653,0.011,608.2,0.6203,34.8532,247.4,6.64,12.49,0.84
52,77.481,-147.954,601,0.21,1.03,0.058,0.035,0.006376912,0,0.067387516,0.21,1.03,0.058,0.035,4.4653,0.011,608.2,0.6203,34.8532,247.4,6.64,12.49,0.84
52,77.481,-147.954,600,0.22,0.49,0.064,0.029,0.006376912,0,0.067387516,0.21,1.03,0.058,0.035,4.4542,0.01,608.2,0.6203,34.8532,247.4,6.64,12.45,0.85
52,77.481,-147.954,601,0.21,1.03,0.058,0.035,0.006376912,0,0.067387516,0.21,1.03,0.058,0.035,4.4542,0.01,608.2,0.6203,34.8532,247.4,6.64,12.45,0.85
52,77.481,-147.954,600,0.22,0.49,0.064,0.029,0.006376912,0,0.067387516,0.21,1.03,0.058,0.035,4.4542,0.01,608.2,0.6203,34.8532,247.4,6.64,12.49,0.84
52,77.481,-147.954,601,0.21,1.03,0.058,0.035,0.006376912,0,0.067387516,0.21,1.03,0.058,0.035,4.4542,0.01,608.2,0.6203,34.8532,247.4,6.64,12.49,0.84
57,73.356,-156.81,20,0.24,0.56,0.015,0.011,0.002418167,1.13E-05,1.125106803,0.24,0.56,0.015,0.011,4.4394,0.042,20.5,-0.5511,27.3722,334.7,2.26,0.01,0.56
57,73.356,-156.81,21,0.06,0.65,0.001,0.081,0.002418167,1.13E-05,1.125106803,0.24,0.56,0.015,0.011,4.4394,0.042,20.5,-0.5511,27.3722,334.7,2.26,0.01,0.56
57,73.356,-156.81,20,0.24,0.56,0.015,0.011,0.002418167,1.13E-05,1.125106803,0.24,0.56,0.015,0.011,4.4394,0.042,20.5,-0.5511,27.3722,334.7,2.26,0.02,0.56
57,73.356,-156.81,21,0.06,0.65,0.001,0.081,0.002418167,1.13E-05,1.125106803,0.24,0.56,0.015,0.011,4.4394,0.042,20.5,-0.5511,27.3722,334.7,2.26,0.02,0.56
57,73.356,-156.81,20,0.24,0.56,0.015,0.011,0.002418167,1.13E-05,1.125106803,0.24,0.56,0.015,0.011,4.4352,0.046,20.5,-0.5511,27.3722,334.7,2.26,0.01,0.56
57,73.356,-156.81,21,0.06,0.65,0.001,0.081,0.002418167,1.13E-05,1.125106803,0.24,0.56,0.015,0.011,4.4352,0.046,20.5,-0.5511,27.3722,334.7,2.26,0.01,0.56
57,73.356,-156.81,20,0.24,0.56,0.015,0.011,0.002418167,1.13E-05,1.125106803,0.24,0.56,0.015,0.011,4.4352,0.046,20.5,-0.5511,27.3722,334.7,2.26,0.02,0.56
57,73.356,-156.81,21,0.06,0.65,0.001,0.081,0.002418167,1.13E-05,1.125106803,0.24,0.56,0.015,0.011,4.4352,0.046,20.5,-0.5511,27.3722,334.7,2.26,0.02,0.56
57,73.356,-156.81,20,0.24,0.56,0.015,0.011,0.002418167,1.13E-05,1.125106803,0.24,0.56,0.015,0.011,4.4376,0.047,20.5,-0.5511,27.3722,334.7,2.26,0.01,0.56
57,73.356,-156.81,21,0.06,0.65,0.001,0.081,0.002418167,1.13E-05,1.125106803,0.24,0.56,0.015,0.011,4.4376,0.047,20.5,-0.5511,27.3722,334.7,2.26,0.01,0.56
57,73.356,-156.81,20,0.24,0.56,0.015,0.011,0.002418167,1.13E-05,1.125106803,0.24,0.56,0.015,0.011,4.4376,0.047,20.5,-0.5511,27.3722,334.7,2.26,0.02,0.56
57,73.356,-156.81,21,0.06,0.65,0.001,0.081,0.002418167,1.13E-05,1.125106803,0.24,0.56,0.015,0.011,4.4376,0.047,20.5,-0.5511,27.3722,334.7,2.26,0.02,0.56
57,73.356,-156.81,20,0.24,0.56,0.015,0.011,0.002418167,1.13E-05,1.125106803,0.06,0.65,0.001,0.081,4.4386,0.044,20.9,-0.526,27.4274,334.7,2.26,0.01,0.56
57,73.356,-156.81,21,0.06,0.65,0.001,0.081,0.002418167,1.13E-05,1.125106803,0.06,0.65,0.001,0.081,4.4386,0.044,20.9,-0.526,27.4274,334.7,2.26,0.01,0.56
57,73.356,-156.81,20,0.24,0.56,0.015,0.011,0.002418167,1.13E-05,1.125106803,0.06,0.65,0.001,0.081,4.4386,0.044,20.9,-0.526,27.4274,334.7,2.26,0.02,0.56
57,73.356,-156.81,21,0.06,0.65,0.001,0.081,0.002418167,1.13E-05,1.125106803,0.06,0.65,0.001,0.081,4.4386,0.044,20.9,-0.526,27.4274,334.7,2.26,0.02,0.56
57,73.356,-156.81,20,0.24,0.56,0.015,0.011,0.002418167,1.13E-05,1.125106803,0.06,0.65,0.001,0.081,4.4359,0.062,20.9,-0.526,27.4274,334.7,2.26,0.01,0.56
57,73.356,-156.81,21,0.06,0.65,0.001,0.081,0.002418167,1.13E-05,1.125106803,0.06,0.65,0.001,0.081,4.4359,0.062,20.9,-0.526,27.4274,334.7,2.26,0.01,0.56
57,73.356,-156.81,20,0.24,0.56,0.015,0.011,0.002418167,1.13E-05,1.125106803,0.06,0.65,0.001,0.081,4.4359,0.062,20.9,-0.526,27.4274,334.7,2.26,0.02,0.56
57,73.356,-156.81,21,0.06,0.65,0.001,0.081,0.002418167,1.13E-05,1.125106803,0.06,0.65,0.001,0.081,4.4359,0.062,20.9,-0.526,27.4274,334.7,2.26,0.02,0.56
57,73.356,-156.81,20,0.24,0.56,0.015,0.011,0.002418167,1.13E-05,1.125106803,0.06,0.65,0.001,0.081,4.4438,0.043,20.9,-0.526,27.4274,334.7,2.26,0.01,0.56
57,73.356,-156.81,21,0.06,0.65,0.001,0.081,0.002418167,1.13E-05,1.125106803,0.06,0.65,0.001,0.081,4.4438,0.043,20.9,-0.526,27.4274,334.7,2.26,0.01,0.56
57,73.356,-156.81,20,0.24,0.56,0.015,0.011,0.002418167,1.13E-05,1.125106803,0.06,0.65,0.001,0.081,4.4438,0.043,20.9,-0.526,27.4274,334.7,2.26,0.02,0.56
57,73.356,-156.81,21,0.06,0.65,0.001,0.081,0.002418167,1.13E-05,1.125106803,0.06,0.65,0.001,0.081,4.4438,0.043,20.9,-0.526,27.4274,334.7,2.26,0.02,0.56
57,73.493,-156.811,58,0.65,1.22,0.011,0.023,0.00067867,1.57E-06,0.712426848,0.65,1.22,0.011,0.023,4.4354,0.07,58.2,0.4243,30.5816,318,4.31,0,0.72
57,73.493,-156.811,58,0.65,1.22,0.011,0.023,0.00067867,1.57E-06,0.712426848,0.65,1.22,0.011,0.023,4.4354,0.07,58.2,0.4243,30.5816,318,4.21,0,0.72
57,73.493,-156.811,58,0.65,1.22,0.011,0.023,0.00067867,1.57E-06,0.712426848,0.65,1.22,0.011,0.023,4.4411,0.062,58.2,0.4243,30.5816,318,4.31,0,0.72
57,73.493,-156.811,58,0.65,1.22,0.011,0.023,0.00067867,1.57E-06,0.712426848,0.65,1.22,0.011,0.023,4.4411,0.062,58.2,0.4243,30.5816,318,4.21,0,0.72
57,73.493,-156.811,58,0.65,1.22,0.011,0.023,0.00067867,1.57E-06,0.712426848,0.65,1.22,0.011,0.023,4.437,0.076,58.2,0.4243,30.5816,318,4.31,0,0.72
57,73.493,-156.811,58,0.65,1.22,0.011,0.023,0.00067867,1.57E-06,0.712426848,0.65,1.22,0.011,0.023,4.437,0.076,58.2,0.4243,30.5816,318,4.21,0,0.72
57,73.493,-156.811,66,0.61,1.68,0.021,0.034,0.00067867,1.57E-06,0.712426848,0.61,1.68,0.021,0.034,4.4299,0.097,67.1,0.1385,31.0035,311.3,5.78,0.49,0.83
57,73.493,-156.811,66,0.61,1.68,0.021,0.034,0.00067867,1.57E-06,0.712426848,0.61,1.68,0.021,0.034,4.4299,0.097,67.1,0.1385,31.0035,311.3,5.88,0.61,0.84
57,73.493,-156.811,66,0.61,1.68,0.021,0.034,0.00067867,1.57E-06,0.712426848,0.61,1.68,0.021,0.034,4.433,0.083,67.1,0.1385,31.0035,311.3,5.78,0.49,0.83
57,73.493,-156.811,66,0.61,1.68,0.021,0.034,0.00067867,1.57E-06,0.712426848,0.61,1.68,0.021,0.034,4.433,0.083,67.1,0.1385,31.0035,311.3,5.88,0.61,0.84
57,73.493,-156.811,66,0.61,1.68,0.021,0.034,0.00067867,1.57E-06,0.712426848,0.61,1.68,0.021,0.034,4.4329,0.099,67.1,0.1385,31.0035,311.3,5.78,0.49,0.83
57,73.493,-156.811,66,0.61,1.68,0.021,0.034,0.00067867,1.57E-06,0.712426848,0.61,1.68,0.021,0.034,4.4329,0.099,67.1,0.1385,31.0035,311.3,5.88,0.61,0.84
60,72.999,-158.846,25,0,1.09,0,0.022,,,3.052986889,0,1.09,0,0.022,4.1813,0.328,25.1,1.6373,29.3987,294.4,4.22,0.19,0.65
60,72.999,-158.846,25,0,1.09,0,0.022,,,3.052986889,0,1.09,0,0.022,4.1813,0.328,25.1,1.6373,29.3987,294.4,3.73,0.14,0.66
60,72.999,-158.846,36,0.25,1.39,0.007,0.034,,,1.030578108,0.25,1.39,0.007,0.034,4.4342,0.087,36.7,-0.8848,30.0417,331,3.82,0.21,0.69
60,72.999,-158.846,36,0.25,1.39,0.007,0.034,,,1.030578108,0.25,1.39,0.007,0.034,4.4342,0.087,36.7,-0.8848,30.0417,331,3.82,0.17,0.7
60,72.999,-158.846,44,0.27,1.04,0.003,0.03,,,1.030578108,0.27,1.04,0.003,0.03,4.432,0.099,44.6,-0.5376,30.4837,330.8,5.19,0.27,0.73
60,72.999,-158.846,44,0.27,1.04,0.003,0.03,,,1.030578108,0.27,1.04,0.003,0.03,4.432,0.099,44.6,-0.5376,30.4837,330.8,5.19,0.24,0.74
66,71.997,-162.496,13,0.05,0.59,0.003,0.008,,,5.117554539,0.05,0.59,0.003,0.008,4.2611,0.43,12.8,0.8638,30.7032,293.4,4.11,0.03,0.42
66,71.997,-162.496,13,0.05,0.59,0.003,0.008,,,5.117554539,0.05,0.59,0.003,0.008,4.2611,0.43,12.8,0.8638,30.7032,293.4,4.11,0.02,0.41
66,71.997,-162.496,13,0.05,0.59,0.003,0.008,,,5.117554539,0.05,0.59,0.003,0.008,4.2611,0.43,12.9,0.8632,30.703,293.4,4.02,0.01,0.41
66,71.997,-162.496,13,0.05,0.59,0.003,0.008,,,5.117554539,0.05,0.59,0.003,0.008,4.2611,0.43,12.9,0.8632,30.703,293.4,4.02,0.01,0.4
66,71.997,-162.496,13,0.05,0.59,0.003,0.008,,,5.117554539,0.05,0.59,0.003,0.008,4.2611,0.43,13.1,0.8643,30.7029,293.4,3.92,0,0.41
66,71.997,-162.496,13,0.05,0.59,0.003,0.008,,,5.117554539,0.05,0.59,0.003,0.008,4.2611,0.43,13.1,0.8643,30.7029,293.4,4.02,0,0.4
66,71.997,-162.496,29,0.05,1.1,0.017,0.036,,,9.483191852,0.05,1.1,0.017,0.036,3.82,0.768,29.1,1.3246,31.537,275.7,5.19,0.36,0.61
66,71.997,-162.496,29,0.05,1.1,0.017,0.036,,,9.483191852,0.05,1.1,0.017,0.036,3.82,0.768,29.1,1.3246,31.537,275.7,4.7,0.3,0.61
