STNNBR,LATITUDE,LONGITUDE,GEOTRC_SAMPNO,CTDPRS,CTDDEPTH,CTDTMP,CTDSAL,CTDSAL_FLAG_W,SALNTY,SALNTY_FLAG_W,CTDOXY,CTDOXY_FLAG_W,SILCAT,SILCAT_FLAG_W,NITRAT,NITRAT_FLAG_W,NITRIT,NITRIT_FLAG_W,PHSPHT,PHSPHT_FLAG_W
1,60.2579,-179.0832,10493,24.6,24,9.6433,32.9292,2,32.9331,2,317.6,1,4.2,2,9.65,2,0.16,2,1.08,2
1,60.2579,-179.0832,10492,24.6,24,9.6433,32.9292,2,32.9325,2,285.6,1,4.3,2,9.72,2,0.16,2,1.08,2
1,60.2579,-179.0832,10491,42.5,42,4.303,32.9293,2,32.9352,2,317.6,1,24.92,2,18.48,2,0.3,2,1.76,2
1,60.2579,-179.0832,10490,42.5,42,4.303,32.9293,2,32.9495,2,317.6,1,27.46,2,19.58,2,0.23,2,1.79,2
1,60.2579,-179.0832,10489,73.5,73,3.4803,33.0315,2,33.0446,2,283,1,44.47,2,25.89,2,0.04,2,2,2
1,60.2579,-179.0832,10488,73.5,73,3.4803,33.0315,2,33.0562,2,283,1,46.03,2,26.24,2,0.04,2,1.96,2
1,60.2579,-179.0832,10487,100,99,3.0635,33.0629,2,33.0706,2,293.9,1,45.44,2,26.23,2,0.1,2,2.02,2
1,60.2579,-179.0832,10486,100,99,3.0635,33.0629,2,33.0687,2,286.3,1,45.54,2,26.06,2,0.1,2,2.02,2
1,60.2579,-179.0832,10485,149.7,148,2.6671,33.0905,2,33.0966,2,293.9,1,47.88,2,26.69,2,0.02,2,2.06,2
1,60.2579,-179.0832,10484,149.7,148,2.6671,33.0905,2,33.0983,2,293.9,1,47.88,2,26.69,2,0.01,2,2.07,2
1,60.2579,-179.0832,10483,175.1,173,2.4595,33.0932,2,33.1013,2,293,1,47.88,2,26.63,2,0.02,2,2.08,2
1,60.2579,-179.0832,10482,175.1,173,2.4595,33.0932,2,33.1019,2,293,1,47.88,2,26.66,2,0.02,2,2.06,2
1,60.2579,-179.0832,10481,551.7,546,3.6934,33.9956,2,34.0068,4,39.7,1,109.38,4,43.2,4,0.01,4,3.08,4
1,60.2579,-179.0832,10480,551.7,546,3.6934,33.9956,2,34.007,4,39.7,1,109.18,4,43.13,4,0.01,4,3.08,4
1,60.2579,-179.0832,10479,552.1,546,3.6935,33.9956,2,34.0066,4,39.7,1,109.28,4,43.16,4,0.01,4,3.08,4
1,60.2579,-179.0832,10478,552.1,546,3.6935,33.9956,2,34.0074,4,39.7,1,109.57,4,43.1,4,0.01,4,3.08,4
1,60.2579,-179.0832,10477,552.6,547,3.6934,33.9955,2,33.7488,4,39.2,1,91.02,4,39.8,4,0.01,4,2.9,4
1,60.2579,-179.0832,10476,552.6,547,3.6934,33.9955,2,33.7474,4,39.2,1,90.82,4,39.75,4,0.02,4,2.85,4
1,60.2579,-179.0832,10475,554.4,548,3.6931,34.0018,2,34.0215,2,39.2,1,109.57,2,43.28,2,0.01,2,3.07,2
1,60.2579,-179.0832,10474,554.4,548,3.6931,34.0018,2,34.016,2,39.2,1,109.67,2,43.34,2,0.01,2,3.11,2
1,60.2579,-179.0832,10473,604.8,598,3.6211,34.0575,2,34.0611,2,29.9,1,114.06,2,43.6,2,0.01,2,3.09,2
1,60.2579,-179.0832,10472,604.8,598,3.6211,34.0575,2,34.0623,2,29.9,1,114.25,2,43.58,2,0.01,2,3.4,4
1,60.2579,-179.0832,10471,741,733,3.4165,34.1575,2,34.1631,2,22.4,1,125.77,2,43.71,2,0.01,2,3.12,2
1,60.2579,-179.0832,10470,741,733,3.4165,34.1575,2,34.1627,2,22.4,1,125.47,2,43.93,2,0.01,2,3.11,2
1,60.1727,-178.9907,-999,24.1,24,8.4094,32.9031,2,-999,9,308.3,1,-999,9,-999,9,-999,9,-999,9
1,60.1727,-178.9907,10551,24.1,24,8.4094,32.9031,2,32.8992,2,286.5,1,11.44,2,13.95,2,0.22,2,1.41,2
1,60.1727,-178.9907,-999,45.1,45,4.3397,32.9295,2,-999,9,308.3,1,-999,9,-999,9,-999,9,-999,9
1,60.1727,-178.9907,-999,45.1,45,4.3397,32.9295,2,-999,9,308.3,1,-999,9,-999,9,-999,9,-999,9
1,60.1727,-178.9907,-999,45.7,45,4.2587,32.9337,2,-999,9,307.5,1,-999,9,-999,9,-999,9,-999,9
1,60.1727,-178.9907,-999,45.7,45,4.2587,32.9337,2,-999,9,307.5,1,-999,9,-999,9,-999,9,-999,9
1,60.1727,-178.9907,-999,46,46,4.2209,32.9353,2,-999,9,307.5,1,-999,9,-999,9,-999,9,-999,9
1,60.1727,-178.9907,-999,46,46,4.2209,32.9353,2,-999,9,307.5,1,-999,9,-999,9,-999,9,-999,9
1,60.1727,-178.9907,-999,46.4,46,4.2054,32.9372,2,-999,9,307.5,1,-999,9,-999,9,-999,9,-999,9
1,60.1727,-178.9907,-999,46.4,46,4.2054,32.9372,2,-999,9,307.5,1,-999,9,-999,9,-999,9,-999,9
1,60.1727,-178.9907,-999,47.6,47,4.0348,32.9393,2,-999,9,306.1,1,-999,9,-999,9,-999,9,-999,9
1,60.1727,-178.9907,10550,47.6,47,4.0348,32.9393,2,32.9427,2,306.1,1,33.33,2,22.2,2,0.16,2,1.93,2
1,60.1727,-178.9907,-999,100.1,99,2.9518,33.0379,2,-999,9,301.5,1,-999,9,-999,9,-999,9,-999,9
1,60.1727,-178.9907,10549,100.1,99,2.9518,33.0379,2,33.0382,2,301.5,1,42.8,2,24.97,2,0.11,2,2.03,2
1,60.1727,-178.9907,-999,150.9,149,2.3068,33.0781,2,-999,9,298.3,1,-999,9,-999,9,-999,9,-999,9
1,60.1727,-178.9907,10548,150.9,149,2.3068,33.0781,2,33.0819,2,298.3,1,47.4,2,26.61,2,0.01,2,2.08,2
1,60.1727,-178.9907,-999,175.7,174,2.3787,33.1155,2,-999,9,297,1,-999,9,-999,9,-999,9,-999,9
1,60.1727,-178.9907,10547,175.7,174,2.3787,33.1155,2,-999,9,297,1,-999,9,-999,9,-999,9,-999,9
1,60.1727,-178.9907,10546,251.5,249,3.8635,33.5075,2,33.5077,2,144.2,1,77.86,2,36.08,2,0.02,2,2.65,2
1,60.1727,-178.9907,10545,251.5,249,3.8635,33.5075,2,33.5073,2,144.2,1,77.76,2,36.09,2,0.02,2,2.64,2
1,60.1727,-178.9907,10544,352.3,349,3.8816,33.708,2,33.7062,2,95.5,1,90.16,2,39.49,2,0.03,2,2.85,2
1,60.1727,-178.9907,10543,352.3,349,3.8816,33.708,2,33.7105,2,95.5,1,90.35,2,39.61,2,0.03,2,2.85,2
1,60.1727,-178.9907,10542,453.6,449,3.7834,33.8622,2,33.8627,2,61.1,1,101.38,2,42.15,2,0.03,2,3.02,2
1,60.1727,-178.9907,10541,453.6,449,3.7834,33.8622,2,33.8646,2,61.1,1,101.38,2,42.13,2,0.03,2,3.02,2
2,62.1892,-171.5755,-999,16.8,17,6.7606,31.2639,2,-999,9,299.4,1,-999,9,-999,9,-999,9,-999,9
2,62.1892,-171.5755,-999,16.8,17,6.7606,31.2639,2,-999,9,264.6,1,-999,9,-999,9,-999,9,-999,9
2,62.1892,-171.5755,-999,17.4,17,6.3712,31.2664,2,-999,9,309.6,1,-999,9,-999,9,-999,9,-999,9
2,62.1892,-171.5755,-999,17.4,17,6.3712,31.2664,2,-999,9,309.6,1,-999,9,-999,9,-999,9,-999,9
2,62.1892,-171.5755,-999,18.3,18,5.8124,31.2548,2,-999,9,319.8,1,-999,9,-999,9,-999,9,-999,9
2,62.1892,-171.5755,-999,18.3,18,5.8124,31.2548,2,-999,9,319.8,1,-999,9,-999,9,-999,9,-999,9
2,62.1892,-171.5755,10557,19,19,5.3656,31.243,2,31.3021,2,331.9,1,5.09,2,0,2,0,2,0.57,2
2,62.1892,-171.5755,10556,19,19,5.3656,31.243,2,31.3582,4,331.9,1,9.4,2,0.69,2,0.05,2,0.71,2
2,62.1892,-171.5755,-999,23.6,23,3.1622,31.3885,2,-999,9,332.7,1,-999,9,-999,9,-999,9,-999,9
2,62.1892,-171.5755,-999,23.6,23,3.1622,31.3885,2,-999,9,332.7,1,-999,9,-999,9,-999,9,-999,9
2,62.1892,-171.5755,-999,31.8,32,0.163,31.5779,2,-999,9,265.5,1,-999,9,-999,9,-999,9,-999,9
2,62.1892,-171.5755,-999,31.8,32,0.163,31.5779,2,-999,9,265.5,1,-999,9,-999,9,-999,9,-999,9
2,62.1892,-171.5755,-999,32.7,32,0.1674,31.5816,2,-999,9,265.6,1,-999,9,-999,9,-999,9,-999,9
2,62.1892,-171.5755,-999,32.7,32,0.1674,31.5816,2,-999,9,265.6,1,-999,9,-999,9,-999,9,-999,9
2,62.1892,-171.5755,10555,33.5,33,0.1898,31.5903,2,31.5907,2,265.8,1,29.18,2,4.59,2,0.2,2,1.46,2
2,62.1892,-171.5755,10554,33.5,33,0.1898,31.5903,2,31.5947,2,265.8,1,28.88,2,4.59,2,0.2,2,1.46,2
2,62.1892,-171.5755,-999,43.2,43,0.3334,31.6326,2,-999,9,264.6,1,-999,9,-999,9,-999,9,-999,9
2,62.1892,-171.5755,-999,43.2,43,0.3334,31.6326,2,-999,9,264.6,1,-999,9,-999,9,-999,9,-999,9
2,62.1892,-171.5755,-999,43.6,43,0.3349,31.6328,2,-999,9,265.2,1,-999,9,-999,9,-999,9,-999,9
2,62.1892,-171.5755,-999,43.6,43,0.3349,31.6328,2,-999,9,265.2,1,-999,9,-999,9,-999,9,-999,9
2,62.1892,-171.5755,-999,44,44,0.3352,31.633,2,-999,9,264.4,1,-999,9,-999,9,-999,9,-999,9
2,62.1892,-171.5755,-999,44,44,0.3352,31.633,2,-999,9,264.4,1,-999,9,-999,9,-999,9,-999,9
2,62.1892,-171.5755,10553,44.4,44,0.3372,31.6333,2,31.63,2,264.1,1,28.39,2,4.51,2,0.2,2,1.48,2
2,62.1892,-171.5755,10552,44.4,44,0.3372,31.6333,2,31.621,2,264.1,1,28.49,2,4.52,2,0.2,2,1.46,2
3,64.004,-166.6097,-999,17.7,18,8.3221,31.774,2,-999,9,298.9,1,-999,9,-999,9,-999,9,-999,9
3,64.004,-166.6097,-999,17.7,18,8.3221,31.774,2,-999,9,298.9,1,-999,9,-999,9,-999,9,-999,9
3,64.004,-166.6097,-999,18.1,18,8.3028,31.775,2,-999,9,297.8,1,-999,9,-999,9,-999,9,-999,9
3,64.004,-166.6097,-999,18.1,18,8.3028,31.775,2,-999,9,297.8,1,-999,9,-999,9,-999,9,-999,9
3,64.004,-166.6097,-999,18.6,18,8.0533,31.7695,2,-999,9,297.3,1,-999,9,-999,9,-999,9,-999,9
3,64.004,-166.6097,-999,18.6,18,8.0533,31.7695,2,-999,9,297.3,1,-999,9,-999,9,-999,9,-999,9
3,64.004,-166.6097,10584,18.7,19,7.6613,31.7541,2,31.7107,2,289.8,1,10.47,2,0.05,2,0.02,2,0.58,2
3,64.004,-166.6097,10583,18.7,19,7.6613,31.7541,2,31.6721,4,297.2,1,11.65,2,0.08,2,0.03,2,0.65,2
3,64.004,-166.6097,-999,21.6,21,5.1741,31.6393,2,-999,9,289.8,1,-999,9,-999,9,-999,9,-999,9
3,64.004,-166.6097,-999,21.6,21,5.1741,31.6393,2,-999,9,289.8,1,-999,9,-999,9,-999,9,-999,9
3,64.004,-166.6097,-999,21.7,22,5.167,31.6427,2,-999,9,289.1,1,-999,9,-999,9,-999,9,-999,9
3,64.004,-166.6097,-999,21.7,22,5.167,31.6427,2,-999,9,289.1,1,-999,9,-999,9,-999,9,-999,9
3,64.004,-166.6097,-999,21.9,22,5.1611,31.646,2,-999,9,288.4,1,-999,9,-999,9,-999,9,-999,9
3,64.004,-166.6097,-999,21.9,22,5.1611,31.646,2,-999,9,288.4,1,-999,9,-999,9,-999,9,-999,9
3,64.004,-166.6097,10582,22.2,22,5.1568,31.6513,2,31.6725,2,286.7,1,14.29,2,0.21,2,0.06,2,0.76,2
3,64.004,-166.6097,10581,22.2,22,5.1568,31.6513,2,31.695,4,286.7,1,14.39,2,0.21,2,0.06,2,0.78,2
3,64.004,-166.6097,-999,25.7,25,5.0566,31.7116,2,-999,9,293,1,-999,9,-999,9,-999,9,-999,9
3,64.004,-166.6097,-999,25.7,25,5.0566,31.7116,2,-999,9,293,1,-999,9,-999,9,-999,9,-999,9
3,64.004,-166.6097,-999,25.8,26,5.0598,31.71,2,-999,9,292.7,1,-999,9,-999,9,-999,9,-999,9
3,64.004,-166.6097,-999,25.8,26,5.0598,31.71,2,-999,9,292.7,1,-999,9,-999,9,-999,9,-999,9
3,64.004,-166.6097,-999,26,26,5.0553,31.7116,2,-999,9,292.7,1,-999,9,-999,9,-999,9,-999,9
3,64.004,-166.6097,-999,26,26,5.0553,31.7116,2,-999,9,292.7,1,-999,9,-999,9,-999,9,-999,9
3,64.004,-166.6097,10580,26.2,26,5.0493,31.714,2,31.7164,2,292.6,1,13.41,2,0.18,2,0.05,2,0.72,2
3,64.004,-166.6097,10579,26.2,26,5.0493,31.714,2,31.7104,2,292.6,1,14.39,2,0.2,2,0.06,2,0.8,2
4,65.8023,-168.6021,-999,14.4,14,5.9529,32.2568,2,-999,9,298,1,-999,9,-999,9,-999,9,-999,9
4,65.8023,-168.6021,-999,14.4,14,5.9529,32.2568,2,-999,9,298,1,-999,9,-999,9,-999,9,-999,9
4,65.8023,-168.6021,-999,15.1,15,5.9511,32.2611,2,-999,9,298.2,1,-999,9,-999,9,-999,9,-999,9
4,65.8023,-168.6021,-999,15.1,15,5.9511,32.2611,2,-999,9,298.2,1,-999,9,-999,9,-999,9,-999,9
4,65.8023,-168.6021,-999,15.7,16,5.9458,32.2906,2,-999,9,298.1,1,-999,9,-999,9,-999,9,-999,9
4,65.8023,-168.6021,-999,15.7,16,5.9458,32.2906,2,-999,9,298.1,1,-999,9,-999,9,-999,9,-999,9
4,65.8023,-168.6021,10611,17.1,17,5.7211,32.3956,2,-999,9,299.1,1,-999,9,-999,9,-999,9,-999,9
4,65.8023,-168.6021,10610,17.1,17,5.7211,32.3956,2,-999,9,299.1,1,-999,9,-999,9,-999,9,-999,9
4,65.8023,-168.6021,-999,28.1,28,5.512,32.4276,2,-999,9,302.6,1,-999,9,-999,9,-999,9,-999,9
4,65.8023,-168.6021,-999,28.1,28,5.512,32.4276,2,-999,9,302.6,1,-999,9,-999,9,-999,9,-999,9
4,65.8023,-168.6021,-999,32.8,33,5.4569,32.4392,2,-999,9,301.8,1,-999,9,-999,9,-999,9,-999,9
4,65.8023,-168.6021,-999,32.8,33,5.4569,32.4392,2,-999,9,301.8,1,-999,9,-999,9,-999,9,-999,9
4,65.8023,-168.6021,-999,33.1,33,5.4574,32.4389,2,-999,9,301.6,1,-999,9,-999,9,-999,9,-999,9
4,65.8023,-168.6021,-999,33.1,33,5.4574,32.4389,2,-999,9,301.6,1,-999,9,-999,9,-999,9,-999,9
4,65.8023,-168.6021,10609,34.1,34,5.4585,32.4385,2,-999,9,301.7,1,-999,9,-999,9,-999,9,-999,9
4,65.8023,-168.6021,10608,34.1,34,5.4585,32.4385,2,-999,9,301.7,1,-999,9,-999,9,-999,9,-999,9
4,65.8023,-168.6021,-999,45.6,45,5.4061,32.4543,2,-999,9,301.9,1,-999,9,-999,9,-999,9,-999,9
4,65.8023,-168.6021,-999,45.6,45,5.4061,32.4543,2,-999,9,301.9,1,-999,9,-999,9,-999,9,-999,9
4,65.8023,-168.6021,-999,47.3,47,5.4071,32.454,2,-999,9,301.6,1,-999,9,-999,9,-999,9,-999,9
4,65.8023,-168.6021,-999,47.3,47,5.4071,32.454,2,-999,9,301.6,1,-999,9,-999,9,-999,9,-999,9
4,65.8023,-168.6021,-999,49,49,5.4032,32.455,2,-999,9,301.5,1,-999,9,-999,9,-999,9,-999,9
4,65.8023,-168.6021,-999,49,49,5.4032,32.455,2,-999,9,301.5,1,-999,9,-999,9,-999,9,-999,9
4,65.8023,-168.6021,10607,49.4,49,5.4041,32.4547,2,-999,9,301.8,1,-999,9,-999,9,-999,9,-999,9
4,65.8023,-168.6021,10606,49.4,49,5.4041,32.4547,2,-999,9,301.8,1,-999,9,-999,9,-999,9,-999,9
4,65.8119,-168.6272,-999,13.7,14,5.4537,32.449,2,-999,9,314.2,1,-999,9,-999,9,-999,9,-999,9
4,65.8119,-168.6272,-999,13.7,14,5.4537,32.449,2,-999,9,314.2,1,-999,9,-999,9,-999,9,-999,9
4,65.8119,-168.6272,-999,15,15,5.4526,32.4506,2,-999,9,310.1,1,-999,9,-999,9,-999,9,-999,9
4,65.8119,-168.6272,-999,15,15,5.4526,32.4506,2,-999,9,310.1,1,-999,9,-999,9,-999,9,-999,9
4,65.8119,-168.6272,-999,16,16,5.4488,32.4509,2,-999,9,307.6,1,-999,9,-999,9,-999,9,-999,9
4,65.8119,-168.6272,-999,16,16,5.4488,32.4509,2,-999,9,307.6,1,-999,9,-999,9,-999,9,-999,9
4,65.8119,-168.6272,10611,17,17,5.4471,32.4511,2,32.4494,2,305.6,1,28.48,2,10.58,2,0.14,2,1.37,2
4,65.8119,-168.6272,10610,17,17,5.4471,32.4511,2,32.4504,2,305.6,1,28.48,2,10.6,2,0.14,2,1.37,2
4,65.8119,-168.6272,-999,30.3,30,5.3863,32.4613,2,-999,9,301.8,1,-999,9,-999,9,-999,9,-999,9
4,65.8119,-168.6272,-999,30.3,30,5.3863,32.4613,2,-999,9,301.8,1,-999,9,-999,9,-999,9,-999,9
4,65.8119,-168.6272,-999,30.8,31,5.3804,32.4625,2,-999,9,302.1,1,-999,9,-999,9,-999,9,-999,9
4,65.8119,-168.6272,-999,30.8,31,5.3804,32.4625,2,-999,9,302.1,1,-999,9,-999,9,-999,9,-999,9
4,65.8119,-168.6272,-999,32.5,32,5.3746,32.4637,2,-999,9,302,1,-999,9,-999,9,-999,9,-999,9
4,65.8119,-168.6272,-999,32.5,32,5.3746,32.4637,2,-999,9,302,1,-999,9,-999,9,-999,9,-999,9
4,65.8119,-168.6272,10609,34.1,34,5.3579,32.4668,2,32.4654,2,302.4,1,29.26,2,11,2,0.14,2,1.41,2
4,65.8119,-168.6272,10608,34.1,34,5.3579,32.4668,2,32.4658,2,302.4,1,29.26,2,11,2,0.14,2,1.41,2
4,65.8119,-168.6272,-999,41.6,41,5.3503,32.4687,2,-999,9,302.2,1,-999,9,-999,9,-999,9,-999,9
4,65.8119,-168.6272,-999,41.6,41,5.3503,32.4687,2,-999,9,302.2,1,-999,9,-999,9,-999,9,-999,9
4,65.8119,-168.6272,-999,45.4,45,5.3338,32.472,2,-999,9,302.3,1,-999,9,-999,9,-999,9,-999,9
4,65.8119,-168.6272,-999,45.4,45,5.3338,32.472,2,-999,9,302.3,1,-999,9,-999,9,-999,9,-999,9
4,65.8119,-168.6272,-999,46,46,5.3274,32.4732,2,-999,9,302.6,1,-999,9,-999,9,-999,9,-999,9
4,65.8119,-168.6272,-999,46,46,5.3274,32.4732,2,-999,9,302.6,1,-999,9,-999,9,-999,9,-999,9
4,65.8119,-168.6272,10607,47.3,47,5.3283,32.4729,2,32.4714,2,302.2,1,29.26,2,11.16,2,0.14,2,1.45,2
4,65.8119,-168.6272,10606,47.3,47,5.3283,32.4729,2,32.4671,2,302.2,1,29.36,2,11.06,2,0.14,2,1.41,2
5,66.3284,-168.9007,-999,13.1,13,5.038,32.5251,2,-999,9,310.5,1,-999,9,-999,9,-999,9,-999,9
5,66.3284,-168.9007,-999,13.1,13,5.038,32.5251,2,-999,9,310.5,1,-999,9,-999,9,-999,9,-999,9
5,66.3284,-168.9007,-999,14.9,15,4.9777,32.5551,2,-999,9,318.5,1,-999,9,-999,9,-999,9,-999,9
5,66.3284,-168.9007,-999,14.9,15,4.9777,32.5551,2,-999,9,318.5,1,-999,9,-999,9,-999,9,-999,9
5,66.3284,-168.9007,-999,16.2,16,4.9342,32.574,2,-999,9,326.2,1,-999,9,-999,9,-999,9,-999,9
5,66.3284,-168.9007,-999,16.2,16,4.9342,32.574,2,-999,9,326.2,1,-999,9,-999,9,-999,9,-999,9
5,66.3284,-168.9007,10630,16.9,17,4.8965,32.5873,2,32.6755,4,329.5,1,37.77,2,14.8,2,0.14,2,1.6,2
5,66.3284,-168.9007,10629,16.9,17,4.8965,32.5873,2,-999,5,329.5,1,37.57,2,14.73,2,0.14,2,1.6,2
5,66.3284,-168.9007,-999,30.4,30,4.0753,32.701,2,-999,9,302.1,1,-999,9,-999,9,-999,9,-999,9
5,66.3284,-168.9007,-999,30.4,30,4.0753,32.701,2,-999,9,302.1,1,-999,9,-999,9,-999,9,-999,9
5,66.3284,-168.9007,-999,30.9,31,4.072,32.7016,2,-999,9,302,1,-999,9,-999,9,-999,9,-999,9
5,66.3284,-168.9007,-999,30.9,31,4.072,32.7016,2,-999,9,302,1,-999,9,-999,9,-999,9,-999,9
5,66.3284,-168.9007,-999,31.4,31,4.0718,32.7013,2,-999,9,301.9,1,-999,9,-999,9,-999,9,-999,9
5,66.3284,-168.9007,-999,31.4,31,4.0718,32.7013,2,-999,9,301.9,1,-999,9,-999,9,-999,9,-999,9
5,66.3284,-168.9007,10628,34,34,4.0625,32.7019,2,32.7102,2,302.2,1,39.72,2,16.79,2,0.15,2,1.77,2
5,66.3284,-168.9007,10627,34,34,4.0625,32.7019,2,32.7037,2,302.2,1,39.53,2,16.63,2,0.15,2,1.76,2
5,66.3284,-168.9007,-999,47.2,47,3.8538,32.7141,2,-999,9,301,1,-999,9,-999,9,-999,9,-999,9
5,66.3284,-168.9007,-999,47.2,47,3.8538,32.7141,2,-999,9,301,1,-999,9,-999,9,-999,9,-999,9
5,66.3284,-168.9007,-999,47.8,47,3.8431,32.7153,2,-999,9,300.8,1,-999,9,-999,9,-999,9,-999,9
5,66.3284,-168.9007,-999,47.8,47,3.8431,32.7153,2,-999,9,300.8,1,-999,9,-999,9,-999,9,-999,9
5,66.3284,-168.9007,-999,48.5,48,3.8449,32.7151,2,-999,9,300.8,1,-999,9,-999,9,-999,9,-999,9
5,66.3284,-168.9007,-999,48.5,48,3.8449,32.7151,2,-999,9,300.8,1,-999,9,-999,9,-999,9,-999,9
5,66.3284,-168.9007,10626,49.5,49,3.8374,32.7155,2,32.7143,2,300.2,1,40.7,2,17.8,2,0.16,2,1.83,2
5,66.3284,-168.9007,10625,49.5,49,3.8374,32.7155,2,32.7151,2,300.2,1,40.99,2,17.85,2,0.16,2,1.84,2
6,68.0032,-168.0065,-999,12.6,13,5.594,31.7266,2,-999,9,321.4,1,-999,9,-999,9,-999,9,-999,9
6,68.0032,-168.0065,-999,12.6,13,5.594,31.7266,2,-999,9,321.4,1,-999,9,-999,9,-999,9,-999,9
6,68.0032,-168.0065,-999,14,14,5.0854,32.2086,2,-999,9,325.1,1,-999,9,-999,9,-999,9,-999,9
6,68.0032,-168.0065,-999,14,14,5.0854,32.2086,2,-999,9,325.1,1,-999,9,-999,9,-999,9,-999,9
6,68.0032,-168.0065,-999,15.8,16,4.9039,32.3846,2,-999,9,323.7,1,-999,9,-999,9,-999,9,-999,9
6,68.0032,-168.0065,-999,15.8,16,4.9039,32.3846,2,-999,9,323.7,1,-999,9,-999,9,-999,9,-999,9
6,68.0032,-168.0065,10648,17.2,17,4.9024,32.3935,4,32.3148,2,320.2,1,30.82,2,7.58,2,0.22,2,1.75,2
6,68.0032,-168.0065,10647,17.2,17,4.9024,32.3935,4,32.3154,2,320.2,1,30.62,2,7.59,2,0.22,2,1.68,2
6,68.0032,-168.0065,-999,19.5,19,5.0006,32.1914,2,-999,9,283,1,-999,9,-999,9,-999,9,-999,9
6,68.0032,-168.0065,-999,19.5,19,5.0006,32.1914,2,-999,9,283,1,-999,9,-999,9,-999,9,-999,9
6,68.0032,-168.0065,-999,19.5,19,4.9657,32.2165,2,-999,9,283,1,-999,9,-999,9,-999,9,-999,9
6,68.0032,-168.0065,-999,19.5,19,4.9657,32.2165,2,-999,9,283,1,-999,9,-999,9,-999,9,-999,9
6,68.0032,-168.0065,-999,19.8,20,4.9101,32.2638,2,-999,9,290.7,1,-999,9,-999,9,-999,9,-999,9
6,68.0032,-168.0065,-999,19.8,20,4.9101,32.2638,2,-999,9,290.7,1,-999,9,-999,9,-999,9,-999,9
6,68.0032,-168.0065,10646,30.9,31,4.7734,32.4137,2,32.4134,2,246.6,1,36.49,2,9.9,2,0.23,2,1.92,2
6,68.0032,-168.0065,10645,30.9,31,4.7734,32.4137,2,32.4379,4,246.6,1,36.39,2,9.91,2,0.23,2,1.96,2
6,68.0032,-168.0065,-999,42.2,42,4.7074,32.4387,2,-999,9,249.4,1,-999,9,-999,9,-999,9,-999,9
6,68.0032,-168.0065,-999,42.2,42,4.7074,32.4387,2,-999,9,249.4,1,-999,9,-999,9,-999,9,-999,9
6,68.0032,-168.0065,-999,47.4,47,4.709,32.4382,2,-999,9,249.4,1,-999,9,-999,9,-999,9,-999,9
6,68.0032,-168.0065,-999,47.4,47,4.709,32.4382,2,-999,9,249.4,1,-999,9,-999,9,-999,9,-999,9
6,68.0032,-168.0065,-999,48.1,48,4.709,32.4385,2,-999,9,249.3,1,-999,9,-999,9,-999,9,-999,9
6,68.0032,-168.0065,-999,48.1,48,4.709,32.4385,2,-999,9,249.3,1,-999,9,-999,9,-999,9,-999,9
6,68.0032,-168.0065,10644,48.9,48,4.7091,32.4383,2,32.4364,2,249.6,1,38.45,2,10.51,2,0.23,2,1.98,2
6,68.0032,-168.0065,10643,48.9,48,4.7091,32.4383,2,32.4163,4,249.6,1,38.45,2,10.49,2,0.23,2,1.95,2
8,73.9835,-168.7574,-999,23.9,24,0.8871,30.8698,2,-999,9,405.8,1,-999,9,-999,9,-999,9,-999,9
8,73.9835,-168.7574,-999,23.9,24,0.8871,30.8698,2,-999,9,405.8,1,-999,9,-999,9,-999,9,-999,9
8,73.9835,-168.7574,-999,23.9,24,0.992,30.8963,2,-999,9,405.8,1,-999,9,-999,9,-999,9,-999,9
8,73.9835,-168.7574,-999,23.9,24,0.992,30.8963,2,-999,9,405.8,1,-999,9,-999,9,-999,9,-999,9
8,73.9835,-168.7574,10682,24,24,1.1412,30.9219,2,31.3496,2,395.2,1,8.62,2,1.19,2,0.08,2,0.79,2
8,73.9835,-168.7574,10681,24,24,1.1412,30.9219,2,31.4775,2,395.2,1,10.57,2,1.44,2,0.09,2,0.81,2
8,73.9835,-168.7574,10676,24.3,24,1.4761,31.0028,2,31.3176,2,385.3,1,8.52,2,1.03,2,0.08,2,0.76,2
8,73.9835,-168.7574,10675,24.3,24,1.4761,31.0028,2,31.3692,2,385.3,1,9.2,2,1.22,2,0.08,2,0.8,2
8,73.9835,-168.7574,-999,39.9,40,-0.9435,31.7738,2,-999,9,379.3,1,-999,9,-999,9,-999,9,-999,9
8,73.9835,-168.7574,-999,39.9,40,-0.9435,31.7738,2,-999,9,379.3,1,-999,9,-999,9,-999,9,-999,9
8,73.9835,-168.7574,-999,40.5,40,-0.9196,31.8047,2,-999,9,388,1,-999,9,-999,9,-999,9,-999,9
8,73.9835,-168.7574,-999,40.5,40,-0.9196,31.8047,2,-999,9,388,1,-999,9,-999,9,-999,9,-999,9
8,73.9835,-168.7574,10680,44,44,-0.7794,31.8704,2,31.9831,2,386.5,1,21.72,2,5.59,2,0.19,2,1.21,2
8,73.9835,-168.7574,10679,44,44,-0.7794,31.8704,2,32.0618,2,386.5,1,23.97,2,7.29,2,0.16,2,1.31,2
8,73.9835,-168.7574,10674,44.8,44,-0.7539,31.8814,2,32.0228,2,379.9,1,23.39,2,6.33,2,0.16,2,1.27,2
8,73.9835,-168.7574,10673,44.8,44,-0.7539,31.8814,2,31.9801,2,379.9,1,22.02,2,5.35,2,0.17,2,1.2,2
8,73.9835,-168.7574,-999,57.9,57,-1.1894,32.1212,2,-999,9,338.3,1,-999,9,-999,9,-999,9,-999,9
8,73.9835,-168.7574,-999,57.9,57,-1.1894,32.1212,2,-999,9,338.3,1,-999,9,-999,9,-999,9,-999,9
8,73.9835,-168.7574,-999,58.7,58,-1.1665,32.1222,2,-999,9,336.3,1,-999,9,-999,9,-999,9,-999,9
8,73.9835,-168.7574,-999,58.7,58,-1.1665,32.1222,2,-999,9,336.3,1,-999,9,-999,9,-999,9,-999,9
8,73.9835,-168.7574,10678,59.5,59,-1.1481,32.1293,2,32.2065,2,337.5,1,28.67,2,10.64,2,0.14,2,1.51,2
8,73.9835,-168.7574,10677,59.5,59,-1.1481,32.1293,2,32.2621,2,337.5,1,29.84,2,11.3,2,0.12,2,1.57,2
8,73.9835,-168.7574,10672,59.9,59,-1.157,32.1328,2,32.2049,2,337.7,1,27.69,2,10.51,2,0.13,2,1.5,2
8,73.9835,-168.7574,10671,59.9,59,-1.157,32.1328,2,32.2368,2,337.7,1,30.04,2,11.29,2,0.12,2,1.55,2
10,74.9991,-169.9935,-999,19.2,19,-0.7965,29.2958,2,-999,9,418.9,1,-999,9,-999,9,-999,9,-999,9
10,74.9991,-169.9935,-999,19.3,19,-0.7965,29.3092,2,-999,9,418.9,1,-999,9,-999,9,-999,9,-999,9
10,74.9991,-169.9935,-999,19.4,19,-0.7944,29.2986,2,-999,9,418.7,1,-999,9,-999,9,-999,9,-999,9
10,74.9991,-169.9935,-999,19.7,20,-0.7917,29.326,2,-999,9,418.7,1,-999,9,-999,9,-999,9,-999,9
10,74.9991,-169.9935,10716,20.2,20,-0.7891,29.412,2,30.0221,2,433.4,1,3.53,2,0.33,2,0,2,0.7,2
10,74.9991,-169.9935,10715,20.2,20,-0.7891,29.412,2,29.4817,4,433.4,1,2.06,2,0.01,2,0,2,0.63,2
10,74.9991,-169.9935,-999,42.6,42,-1.3762,31.7137,2,-999,9,399.2,1,-999,9,-999,9,-999,9,-999,9
10,74.9991,-169.9935,10714,44.3,44,-1.2086,31.7411,2,31.901,2,399.2,1,25.65,2,6.8,2,0.13,2,1.34,2
10,74.9991,-169.9935,10713,44.3,44,-1.2086,31.7411,2,31.8316,2,398.4,1,23.21,2,5.1,2,0.12,2,1.26,2
10,74.9991,-169.9935,-999,79.1,78,-1.5527,32.5002,2,-999,9,398.4,1,-999,9,-999,9,-999,9,-999,9
10,74.9991,-169.9935,10712,80.7,80,-1.5536,32.3635,2,32.487,2,318.8,1,28.68,2,11.79,2,0.02,2,1.57,2
10,74.9991,-169.9935,10711,80.7,80,-1.5536,32.3635,2,32.4252,2,318.8,1,28.29,2,11.22,2,0.02,2,1.56,2
10,74.9991,-169.9935,-999,107.3,106,-1.6671,32.7821,2,-999,9,310,1,-999,9,-999,9,-999,9,-999,9
10,74.9991,-169.9935,10710,121.2,120,-1.7012,32.878,2,32.9757,4,310,1,39.63,2,16.46,2,0.01,2,1.82,2
10,74.9991,-169.9935,10709,121.2,120,-1.7012,32.878,2,32.9095,2,313.9,1,37.77,2,15.34,2,0.02,2,1.77,2
10,74.9991,-169.9935,-999,191.5,189,-0.5173,34.2236,2,-999,9,313.9,1,-999,9,-999,9,-999,9,-999,9
10,74.9991,-169.9935,10708,194.8,193,-0.48,34.2397,2,34.2764,2,267.3,1,19.55,2,13.68,2,0.03,2,1.22,2
10,74.9991,-169.9935,10707,194.8,193,-0.48,34.2397,2,34.2789,2,267.3,1,19.65,2,13.71,2,0.03,2,1.23,2
10,74.9991,-169.9935,-999,195.4,193,-0.4766,34.2537,2,-999,9,267.1,1,-999,9,-999,9,-999,9,-999,9
10,74.9991,-169.9935,10706,207.2,205,-0.1065,34.4643,2,34.4753,4,267.1,1,18.08,2,13.76,2,0.06,2,1.16,2
10,74.9991,-169.9935,10705,207.2,205,-0.1065,34.4643,2,34.4919,2,263.4,1,17.98,2,13.88,2,0.06,2,1.15,2
10,74.9991,-169.9935,-999,256.4,254,0.6043,34.7997,2,-999,9,263.4,1,-999,9,-999,9,-999,9,-999,9
10,74.9991,-169.9935,10704,257.6,255,0.6044,34.7998,2,34.7944,2,267,1,14.36,2,13.69,2,0.05,2,0.99,2
10,74.9991,-169.9935,10703,257.6,255,0.6044,34.7998,2,34.7964,2,267,1,14.36,2,13.68,2,0.05,2,1,2
12,75.7774,-171.2543,-999,18.5,18,-0.5425,28.4564,2,-999,9,393.6,1,-999,9,-999,9,-999,9,-999,9
12,75.7774,-171.2543,-999,18.5,18,-0.5425,28.4564,2,-999,9,393.6,1,-999,9,-999,9,-999,9,-999,9
12,75.7774,-171.2543,10757,19,19,-0.5989,28.577,2,30.1758,2,394.3,1,4.02,2,0.27,2,0.01,2,0.73,2
12,75.7774,-171.2543,10756,19,19,-0.5989,28.577,2,30.2499,2,394.3,1,5.88,2,1.31,2,0.06,2,0.81,2
12,75.7774,-171.2543,-999,19.4,19,-0.6041,28.6018,2,-999,9,393.9,1,-999,9,-999,9,-999,9,-999,9
12,75.7774,-171.2543,-999,19.4,19,-0.6041,28.6018,2,-999,9,393.9,1,-999,9,-999,9,-999,9,-999,9
12,75.7774,-171.2543,10755,19.6,19,-0.6061,28.6159,2,29.3446,2,393.9,1,2.94,2,0.04,2,0,2,0.67,2
12,75.7774,-171.2543,10754,19.6,19,-0.6061,28.6159,2,29.155,2,393.9,1,2.94,2,0.09,2,0,2,0.66,2
12,75.7774,-171.2543,-999,37.1,37,-0.8076,29.8769,2,-999,9,387.9,1,-999,9,-999,9,-999,9,-999,9
12,75.7774,-171.2543,-999,37.1,37,-0.8076,29.8769,2,-999,9,387.9,1,-999,9,-999,9,-999,9,-999,9
12,75.7774,-171.2543,10753,39,39,-0.7804,29.962,2,30.2611,2,392.6,1,3.53,2,0.04,2,0,2,0.72,2
12,75.7774,-171.2543,10752,39,39,-0.7804,29.962,2,30.379,2,392.6,1,3.73,2,0.03,2,0,2,0.72,2
12,75.7774,-171.2543,-999,39.2,39,-0.7796,29.9731,2,-999,9,391.7,1,-999,9,-999,9,-999,9,-999,9
12,75.7774,-171.2543,-999,39.2,39,-0.7796,29.9731,2,-999,9,391.7,1,-999,9,-999,9,-999,9,-999,9
12,75.7774,-171.2543,10751,39.4,39,-0.7766,29.9845,2,30.192,2,391.7,1,3.43,2,0.05,2,0,2,0.7,2
12,75.7774,-171.2543,10750,39.4,39,-0.7766,29.9845,2,30.4532,2,391.7,1,4.12,2,0.17,2,0,2,0.74,2
12,75.7774,-171.2543,-999,56.1,56,-0.3401,31.0262,2,-999,9,374.7,1,-999,9,-999,9,-999,9,-999,9
12,75.7774,-171.2543,-999,56.1,56,-0.3401,31.0262,2,-999,9,374.7,1,-999,9,-999,9,-999,9,-999,9
12,75.7774,-171.2543,10749,59,58,-0.2589,31.1508,2,31.5093,2,372.7,1,9.99,2,3.95,2,0.1,2,1.04,2
12,75.7774,-171.2543,10748,59,58,-0.2589,31.1508,2,31.3251,2,372.7,1,7.84,2,2.02,2,0.2,2,0.92,2
12,75.7774,-171.2543,-999,59.3,59,-0.2638,31.1617,2,-999,9,371.4,1,-999,9,-999,9,-999,9,-999,9
12,75.7774,-171.2543,-999,59.3,59,-0.2638,31.1617,2,-999,9,371.4,1,-999,9,-999,9,-999,9,-999,9
12,75.7774,-171.2543,10747,59.5,59,-0.2656,31.17,2,31.3003,2,369.6,1,7.54,2,1.8,2,0.2,2,0.94,2
12,75.7774,-171.2543,10746,59.5,59,-0.2656,31.17,2,31.3337,2,369.6,1,7.94,2,2.09,2,0.2,2,0.96,2
14,76.5,-172.9696,10784,16.8,17,-0.4721,28.5222,2,29.0084,4,373.4,1,2.65,2,0.04,2,0,2,0.64,2
14,76.5,-172.9696,10783,16.8,17,-0.4721,28.5222,2,28.8777,2,373.4,1,2.55,2,0.04,2,0,2,0.63,2
14,76.5,-172.9696,10782,29,29,-0.9131,29.2525,2,30.2635,2,377,1,4.12,2,0.18,2,0,2,0.72,2
14,76.5,-172.9696,10781,29,29,-0.9131,29.2525,2,30.9009,2,377,1,9.7,2,3.2,2,0.01,2,0.95,2
14,76.5,-172.9696,10780,55.4,55,-0.0172,31.1036,2,31.7684,2,353.3,1,15.96,2,6.84,2,0.03,2,1.25,2
14,76.5,-172.9696,10779,55.4,55,-0.0172,31.1036,2,31.5617,2,353.3,1,12.44,2,4.99,2,0.04,2,1.1,2
14,76.5,-172.9696,10778,74.6,74,-0.8271,31.849,2,32.187,2,311.8,1,23,2,10.65,2,0.01,2,1.53,2
14,76.5,-172.9696,10777,74.6,74,-0.8271,31.849,2,32.0363,2,311.8,1,20.36,2,9.36,2,0.01,2,1.43,2
14,76.5,-172.9696,10776,99.9,99,-1.3139,32.4026,2,32.4729,2,286.4,1,27.6,2,12.77,2,0,2,1.66,2
14,76.5,-172.9696,10775,99.9,99,-1.3139,32.4026,2,32.4772,2,286.4,1,27.79,2,12.82,2,0,2,1.66,2
14,76.5,-172.9696,10774,150.6,149,-1.5505,32.7927,2,32.8193,2,212.1,1,51.37,2,17.56,2,0,2,2.16,2
14,76.5,-172.9696,10773,150.6,149,-1.5505,32.7927,2,32.8919,2,212.1,1,49.7,2,17.07,2,0,2,2.08,2
14,76.5,-172.9696,10772,170.6,169,-1.5296,32.9555,2,32.9968,2,230.5,1,44.12,2,16.19,2,0,2,1.97,2
14,76.5,-172.9696,10771,170.6,169,-1.5296,32.9555,2,33.1285,2,230.5,1,35.51,2,15.48,2,0,2,1.85,2
14,76.5,-172.9696,10770,206.1,204,-1.3951,33.2352,2,33.1271,2,249.8,1,37.56,2,16.2,2,0,2,1.92,2
14,76.5,-172.9696,10769,206.1,204,-1.3951,33.2352,2,33.2567,2,249.8,1,34.23,2,15.68,2,0,2,1.78,2
14,76.5,-172.9696,10768,227.5,225,-1.2695,33.5626,2,33.3685,4,258,1,27.19,2,14.56,2,0,2,1.52,2
14,76.5,-172.9696,10767,227.5,225,-1.2695,33.5626,2,33.6909,2,258,1,28.65,2,14.77,2,0,2,1.58,2
14,76.5,-172.9696,10766,277,274,-0.1681,34.4782,2,34.5379,2,251.1,1,15.05,2,12.76,2,0,2,1.02,2
14,76.5,-172.9696,10765,277,274,-0.1681,34.4782,2,34.5481,2,251.1,1,14.56,2,12.72,2,0,2,1.02,2
14,76.5,-172.9696,10764,378.1,374,0.7756,34.8003,2,34.7973,2,279.7,1,6.45,2,12.27,2,0,2,0.86,2
14,76.5,-172.9696,10763,378.1,374,0.7756,34.8003,2,34.7979,2,279.7,1,6.35,2,12.27,2,0,2,0.86,2
14,76.5,-172.9696,10762,482.9,477,0.926,34.8458,2,34.8454,2,285,1,6.15,2,12.33,2,0,2,0.86,2
14,76.5,-172.9696,10761,482.9,477,0.926,34.8458,2,34.844,2,285,1,6.15,2,12.33,2,0,2,0.85,2
14,76.5462,-173.1392,10841,484.4,479,0.9351,34.8468,2,34.8458,2,284.5,1,6.06,2,12.27,2,0,2,0.83,2
14,76.5462,-173.1392,10840,484.4,479,0.9351,34.8468,2,34.8487,2,284.5,1,5.96,2,12.28,2,0,2,0.82,2
14,76.5462,-173.1392,10839,606,599,0.6619,34.859,2,34.8585,2,288,1,5.96,2,12.25,2,0,2,0.82,2
14,76.5462,-173.1392,10838,606,599,0.6619,34.859,2,34.8587,2,288,1,5.96,2,12.25,2,0,2,0.84,2
14,76.5462,-173.1392,10837,707.2,699,0.45,34.8632,2,34.8681,2,290.8,1,5.86,2,12.18,2,0,2,0.84,2
14,76.5462,-173.1392,10836,707.2,699,0.45,34.8632,2,34.8632,2,290.8,1,5.96,2,12.2,2,0,2,0.83,2
14,76.5462,-173.1392,10835,808.8,799,0.2481,34.8656,2,34.8655,2,292.6,1,5.86,2,12.11,2,0,2,0.83,2
14,76.5462,-173.1392,10834,808.8,799,0.2481,34.8656,2,34.8669,2,292.6,1,5.86,2,12.12,2,0,2,0.84,2
14,76.5462,-173.1392,10833,1032,1019,-0.0521,34.8764,2,34.8718,2,294.6,1,6.25,2,12.25,2,0,2,0.86,2
14,76.5462,-173.1392,10832,1032,1019,-0.0521,34.8764,2,34.8787,2,294.6,1,6.25,2,12.24,2,0,2,0.84,2
14,76.5462,-173.1392,10831,1215.2,1199,-0.2074,34.8869,2,34.8877,2,294.6,1,7.04,2,12.48,2,0,2,0.88,2
14,76.5462,-173.1392,10830,1215.2,1199,-0.2074,34.8869,2,34.8875,2,294.6,1,6.84,2,12.47,2,0,2,0.87,2
14,76.5462,-173.1392,10829,1418.5,1399,-0.3304,34.8991,2,34.903,2,295,1,7.62,2,12.93,2,0,2,0.9,2
14,76.5462,-173.1392,10828,1418.5,1399,-0.3304,34.8991,2,34.8998,2,295,1,7.62,2,13.1,2,0,2,0.89,2
14,76.5462,-173.1392,10827,1622.1,1599,-0.4148,34.9151,2,34.9157,2,292.6,1,9.09,2,13.61,2,0,2,0.94,2
14,76.5462,-173.1392,10826,1622.1,1599,-0.4148,34.9151,2,34.9155,2,292.6,1,9.09,2,13.62,2,0,2,0.94,2
14,76.5462,-173.1392,10825,1774.8,1749,-0.431,34.9297,2,34.9298,2,288.9,1,10.75,2,14.08,2,0,2,0.98,2
14,76.5462,-173.1392,10824,1774.8,1749,-0.431,34.9297,2,34.9302,2,288.9,1,10.55,2,14.11,2,0,2,0.99,2
14,76.5462,-173.1392,10823,2029.7,1999,-0.4105,34.9462,2,34.9463,2,285.9,1,12.21,2,14.51,2,0,2,1.01,2
14,76.5462,-173.1392,10822,2029.7,1999,-0.4105,34.9462,2,34.9453,2,285.9,1,12.21,2,14.48,2,0,2,1.01,2
14,76.5462,-173.1392,10821,2121.5,2089,-0.3927,34.9503,2,34.9545,2,284,1,13,2,14.67,2,0,2,1.03,2
14,76.5462,-173.1392,10820,2121.5,2089,-0.3927,34.9503,2,34.9508,2,284,1,13.09,2,14.71,2,0,2,1.03,2
14,76.5462,-173.1392,10819,2244.1,2209,-0.373,34.953,2,34.9535,2,282.4,1,13.87,2,14.86,2,0,2,1.04,2
14,76.5462,-173.1392,10818,2244.1,2209,-0.373,34.953,2,34.951,4,282.4,1,13.87,2,14.87,2,0,2,1.03,2
19,80.0007,-174.9626,10887,24.2,24,-1.1554,30.1224,2,30.4203,2,393.7,1,2.65,2,0.24,2,0.01,2,0.69,2
19,80.0007,-174.9626,10886,24.2,24,-1.1554,30.1224,2,30.2476,2,393.7,1,2.55,2,0.23,2,0.01,2,0.67,2
19,80.0007,-174.9626,10885,47.5,47,-1.2652,31.5468,2,31.7286,2,351.8,1,15.76,2,6.27,2,0.04,2,1.17,2
19,80.0007,-174.9626,10884,47.5,47,-1.2652,31.5468,2,31.6808,2,351.8,1,14.19,2,5.32,2,0.06,2,1.11,2
19,80.0007,-174.9626,10883,74.5,74,-1.4204,32.066,2,32.1227,2,314.8,1,26.13,2,10.56,2,0.02,2,1.51,2
19,80.0007,-174.9626,10882,74.5,74,-1.4204,32.066,2,32.1433,2,314.8,1,25.73,2,10.45,2,0.02,2,1.5,2
19,80.0007,-174.9626,10881,100,99,-1.4759,32.4144,2,32.4548,2,300.7,1,31.6,2,12.98,2,0.02,2,1.67,2
19,80.0007,-174.9626,10880,100,99,-1.4759,32.4144,2,32.4678,2,300.7,1,31.6,2,13.03,2,0.02,2,1.68,2
19,80.0007,-174.9626,10879,125.2,124,-1.5304,32.6762,2,32.7448,2,289.5,1,36.38,2,14.87,2,0.02,2,1.83,2
19,80.0007,-174.9626,10878,125.2,124,-1.5304,32.6762,2,32.7434,2,289.5,1,36.38,2,14.89,2,0.02,2,1.85,2
19,80.0007,-174.9626,10877,150.6,149,-1.4893,33.0568,2,33.1797,2,276.3,1,33.34,2,14.94,2,0.01,2,1.75,2
19,80.0007,-174.9626,10876,150.6,149,-1.4893,33.0568,2,33.1583,2,276.3,1,33.73,2,15.01,2,0.01,2,1.77,2
19,80.0007,-174.9626,10875,170.8,169,-1.2298,33.5818,2,33.757,2,266.8,1,28.25,2,14.11,2,0.01,2,1.51,2
19,80.0007,-174.9626,10874,170.8,169,-1.2298,33.5818,2,33.7146,2,266.8,1,29.32,2,14.33,2,0.01,2,1.54,2
19,80.0007,-174.9626,10873,251.6,249,0.1421,34.6272,2,34.626,2,275.6,1,10.74,2,11.75,2,0.01,2,0.89,2
19,80.0007,-174.9626,10872,251.6,249,0.1421,34.6272,2,34.6287,2,275.6,1,10.94,2,11.72,2,0.01,2,0.89,2
19,80.0007,-174.9626,10871,352.9,349,0.8218,34.8129,2,34.8123,2,293.2,1,5.76,2,11.87,2,0.01,2,0.81,2
19,80.0007,-174.9626,10870,352.9,349,0.8218,34.8129,2,34.8143,2,293.2,1,5.76,2,11.9,2,0.01,2,0.82,2
19,80.0007,-174.9626,10869,403.5,399,0.9997,34.8518,2,34.8495,2,296.7,1,5.37,2,11.79,2,0.01,2,0.8,2
19,80.0007,-174.9626,10868,403.5,399,0.9997,34.8518,2,34.8479,2,296.7,1,5.47,2,11.85,2,0.01,2,0.81,2
19,80.0007,-174.9626,10867,454.1,449,0.9301,34.8624,2,34.8597,2,298.1,1,5.66,2,11.94,2,0.01,2,0.82,2
19,80.0007,-174.9626,10866,454.1,449,0.9301,34.8624,2,34.8595,2,298.1,1,5.57,2,11.94,2,0.01,2,0.82,2
19,80.0007,-174.9626,10865,504.6,499,0.7976,34.8672,2,34.8654,2,300.4,1,5.57,2,11.86,2,0.01,2,0.82,2
19,80.0007,-174.9626,10864,504.6,499,0.7976,34.8672,2,34.9998,4,300.4,1,5.57,2,11.86,2,0.01,2,0.82,2
19,79.9806,-175.0243,10947,504.9,499,0.8196,34.868,2,34.8682,2,299.8,1,5.47,2,11.86,2,0,2,0.81,2
19,79.9806,-175.0243,10946,504.9,499,0.8196,34.868,2,34.8686,2,299.8,1,5.47,2,11.86,2,0,2,0.81,2
19,79.9806,-175.0243,10945,590.8,584,0.5951,34.8725,2,34.8723,2,301.9,1,5.57,2,11.85,2,0,2,0.8,2
19,79.9806,-175.0243,10944,590.8,584,0.5951,34.8725,2,34.8715,2,301.9,1,5.57,2,11.86,2,0,2,0.81,2
19,79.9806,-175.0243,10943,707.6,699,0.3712,34.8773,2,34.8772,2,304,1,5.57,2,11.81,2,0,2,0.8,2
19,79.9806,-175.0243,10942,707.6,699,0.3712,34.8773,2,34.8774,2,304,1,5.47,2,11.83,2,0,2,0.81,2
19,79.9806,-175.0243,10941,859.8,849,0.1392,34.8805,2,34.8831,4,306,1,5.76,2,11.88,2,0,2,0.82,2
19,79.9806,-175.0243,10940,859.8,849,0.1392,34.8805,2,34.881,2,306,1,5.86,2,11.92,2,0,2,0.83,2
19,79.9806,-175.0243,10939,1012,999,-0.0708,34.8847,2,34.8857,2,308.6,1,6.05,2,12.05,2,0,2,0.83,2
19,79.9806,-175.0243,10938,1012,999,-0.0708,34.8847,2,34.8837,2,307.5,1,6.05,2,12.07,2,0,2,0.83,2
19,79.9806,-175.0243,10937,1164.5,1149,-0.1921,34.892,2,34.8949,4,308.6,1,6.54,2,12.23,2,0,2,0.84,2
19,79.9806,-175.0243,10936,1164.5,1149,-0.1921,34.892,2,34.8916,2,308.6,1,6.45,2,12.24,2,0,2,0.84,2
19,79.9806,-175.0243,10935,1256,1239,-0.2597,34.8954,2,34.8959,2,310.9,1,6.45,2,12.16,2,0,2,0.84,2
19,79.9806,-175.0243,10934,1256,1239,-0.2597,34.8954,2,34.8937,2,310.9,1,6.45,2,12.16,2,0,2,0.85,2
19,79.9806,-175.0243,10933,1367.8,1349,-0.3275,34.9007,2,34.9004,2,310.7,1,6.93,2,12.42,2,0,2,0.86,2
19,79.9806,-175.0243,10932,1367.8,1349,-0.3275,34.9007,2,34.9018,2,310.7,1,7.03,2,12.45,2,0,2,0.87,2
19,79.9806,-175.0243,10931,1520.5,1499,-0.3852,34.9122,2,34.9103,2,307.8,1,8.2,2,13.13,2,0,2,0.91,2
19,79.9806,-175.0243,10930,1520.5,1499,-0.3852,34.9122,2,34.9119,2,307.8,1,8.2,2,13.14,2,0,2,0.91,2
19,79.9806,-175.0243,10929,1693.6,1669,-0.4341,34.9294,2,34.9323,2,303.1,1,10.35,2,13.86,2,0,2,0.96,2
19,79.9806,-175.0243,10928,1693.6,1669,-0.4341,34.9294,2,34.929,2,303.1,1,10.35,2,13.86,2,0,2,0.95,2
19,79.9806,-175.0243,10927,1907.5,1879,-0.4156,34.9457,2,34.9451,2,298.6,1,12.21,2,14.35,2,0,2,1,2
19,79.9806,-175.0243,10926,1907.5,1879,-0.4156,34.9457,2,34.9459,2,298.6,1,12.21,2,14.35,2,0,2,1,2
19,79.9806,-175.0243,10925,1994.2,1964,-0.407,34.9492,2,34.9484,2,297.9,1,12.6,2,14.52,2,0,2,1.01,2
19,79.9806,-175.0243,10924,1994.2,1964,-0.407,34.9492,2,34.9532,2,297.9,1,12.79,2,14.46,2,0,2,1.01,2
26,83.7558,174.9876,10997,18.1,18,-1.3051,28.4017,2,29.2289,2,385.6,1,3.34,2,0.04,2,0.01,2,0.67,2
26,83.7558,174.9876,10996,18.1,18,-1.3051,28.4017,2,29.2898,2,385.6,1,3.53,2,0.09,2,0.01,2,0.67,2
26,83.7558,174.9876,10995,24.3,24,-1.2443,29.0812,2,29.5745,2,388.9,1,4.61,2,0.47,2,0.03,2,0.72,2
26,83.7558,174.9876,10994,24.3,24,-1.2443,29.0812,2,29.7501,2,388.9,1,4.61,2,0.45,2,0.06,2,0.72,2
26,83.7558,174.9876,10993,47.4,47,-1.3673,29.7963,2,30.6557,2,381.8,1,9.9,2,2.8,2,0.07,2,0.92,2
26,83.7558,174.9876,10992,47.4,47,-1.3673,29.7963,2,30.6657,2,381.8,1,9.41,2,2.51,2,0.08,2,0.91,2
26,83.7558,174.9876,10991,52.5,52,-1.3112,30.4657,2,30.7637,2,354,1,10.29,2,2.91,2,0.07,2,0.95,2
26,83.7558,174.9876,10990,52.5,52,-1.3112,30.4657,2,31.3153,2,354,1,15.68,2,5.14,2,0.04,2,1.11,2
26,83.7558,174.9876,10989,70.5,70,-1.3032,32.2072,2,33.0673,2,269.9,1,26.22,2,11.11,2,0.01,2,1.31,2
26,83.7558,174.9876,10988,70.5,70,-1.3032,32.2072,2,32.7104,2,269.9,1,30.54,2,11.16,2,0.01,2,1.45,2
26,83.7558,174.9876,10987,95.7,95,-1.3712,33.6115,2,33.8481,2,286.3,1,10.56,2,8.24,2,0.01,2,0.79,2
26,83.7558,174.9876,10986,95.7,95,-1.3712,33.6115,2,33.7785,2,286.3,1,11.93,2,8.42,2,0.01,2,0.83,2
26,83.7558,174.9876,10985,131.1,130,-1.3137,34.2096,2,34.2269,3,304.1,1,6.16,2,7.98,2,0.01,2,0.67,2
26,83.7558,174.9876,10984,131.1,130,-1.3137,34.2096,2,34.2115,2,304.1,1,6.26,2,7.92,2,0.01,2,0.68,2
26,83.7558,174.9876,10983,202.1,200,0.1008,34.6114,2,34.6093,2,295.8,1,5.77,2,10.22,2,0.01,2,0.76,2
26,83.7558,174.9876,10982,202.1,200,0.1008,34.6114,2,34.6097,2,295.8,1,5.77,2,10.22,2,0.01,2,0.75,2
26,83.7558,174.9876,10981,278,275,0.8439,34.8168,2,34.8137,2,293.8,1,5.37,2,11.64,2,0.01,2,0.81,2
26,83.7558,174.9876,10980,278,275,0.8439,34.8168,2,34.814,2,293.8,1,5.37,2,11.65,2,0,2,0.8,2
26,83.7558,174.9876,10979,353.8,350,0.9844,34.8529,2,34.8569,2,296.6,1,5.57,2,11.87,2,0.01,2,0.81,2
26,83.7558,174.9876,10978,353.8,350,0.9844,34.8529,2,34.851,2,296.6,1,5.47,2,11.86,2,0.01,2,0.81,2
26,83.7558,174.9876,10977,429.9,425,0.9425,34.8725,2,34.8697,2,299,1,5.47,2,11.89,2,0.01,2,0.82,2
26,83.7558,174.9876,10976,429.9,425,0.9425,34.8725,2,34.8703,2,299,1,5.47,2,11.88,2,0.01,2,0.82,2
26,83.7558,174.9876,10975,505,499,0.6778,34.8717,2,34.8715,2,301.2,1,5.67,2,11.92,2,0.01,2,0.81,2
26,83.7558,174.9876,10974,505,499,0.6778,34.8717,2,34.8709,2,301.2,1,5.67,2,11.94,2,0,2,0.81,2
26,83.7288,174.3989,11053,505.1,499,0.7118,34.8745,2,34.8697,2,299.6,1,5.66,2,11.9,2,0,2,0.82,2
26,83.7288,174.3989,11052,505.1,499,0.7118,34.8745,2,34.8696,2,299.6,1,5.66,2,11.91,2,0,2,0.82,2
26,83.7288,174.3989,11051,758.6,749,0.1365,34.8774,2,34.8759,2,303.1,1,5.96,2,12.04,2,0,2,0.83,2
26,83.7288,174.3989,11050,758.6,749,0.1365,34.8774,2,34.8767,2,303.1,1,6.05,2,12.06,2,0,2,0.84,2
26,83.7288,174.3989,11049,1012.5,999,-0.1363,34.8908,2,34.8911,2,305,1,6.54,2,12.29,2,0,2,0.86,2
26,83.7288,174.3989,11048,1012.5,999,-0.1363,34.8908,2,34.8904,2,305,1,6.54,2,12.34,2,0,2,0.86,2
26,83.7288,174.3989,11047,1266.3,1249,-0.2998,34.9061,2,34.9048,2,303.8,1,7.71,2,12.92,2,0,2,0.9,2
26,83.7288,174.3989,11046,1266.3,1249,-0.2998,34.9061,2,34.906,2,303.8,1,7.71,2,12.94,2,0,2,0.89,2
26,83.7288,174.3989,11045,1520.6,1499,-0.3813,34.9241,2,-999,9,301.5,1,-999,9,-999,9,-999,9,-999,9
26,83.7288,174.3989,11044,1520.6,1499,-0.3813,34.9241,2,-999,9,301.5,1,-999,9,-999,9,-999,9,-999,9
26,83.7288,174.3989,11043,1841.6,1814,-0.407,34.9427,2,34.9426,2,298.2,1,11.33,2,14.13,2,0,2,0.99,2
26,83.7288,174.3989,11042,1841.6,1814,-0.407,34.9427,2,34.9417,2,298.2,1,11.43,2,14.14,2,0,2,0.98,2
26,83.7288,174.3989,11041,2030.4,1999,-0.4035,34.948,2,34.9563,4,298.4,1,12.11,2,14.27,2,0,2,1,2
26,83.7288,174.3989,11040,2030.4,1999,-0.4035,34.948,2,34.9471,2,298.4,1,12.11,2,14.31,2,0,2,0.99,2
26,83.7288,174.3989,11039,2285.6,2249,-0.3896,34.9521,2,34.9514,2,299.2,1,12.6,2,14.4,2,0,2,1,2
26,83.7288,174.3989,11038,2285.6,2249,-0.3896,34.9521,2,34.9517,2,299.2,1,12.6,2,14.44,2,0,2,1.01,2
26,83.7288,174.3989,11037,2582.1,2539,-0.369,34.9539,2,34.9543,2,301.5,1,12.89,2,14.45,2,0,2,1.01,2
26,83.7288,174.3989,11036,2582.1,2539,-0.369,34.9539,2,34.9531,2,301.5,1,12.79,2,14.47,2,0,2,1.02,2
26,83.7288,174.3989,11035,2817.3,2769,-0.3561,34.9548,2,34.9584,3,305.1,1,12.79,2,14.41,2,0,2,1,2
26,83.7288,174.3989,11034,2817.3,2769,-0.3561,34.9548,2,34.9542,2,305.1,1,12.79,2,14.45,2,0,2,1.01,2
26,83.7288,174.3989,11033,2899.4,2849,-0.3514,34.9549,2,34.9544,2,306,1,12.79,2,14.43,2,0,2,1.01,2
26,83.7288,174.3989,11032,2899.4,2849,-0.3514,34.9549,2,34.9558,2,306,1,12.79,2,14.45,2,0,2,1.01,2
26,83.7288,174.3989,11031,2971.2,2919,-0.3456,34.9548,2,34.9527,3,306.8,1,12.79,2,14.44,2,0,2,1.01,2
26,83.7288,174.3989,11030,2971.2,2919,-0.3456,34.9548,2,34.9557,2,306.8,1,12.79,2,14.46,2,0,2,1.01,2
30,87.5151,-179.8082,11102,18.3,18,-1.4333,28.3995,2,28.8841,2,378.6,1,11.19,2,0.35,2,0.09,2,0.82,2
30,87.5151,-179.8082,11101,18.3,18,-1.4333,28.3995,2,29.0217,2,378.6,1,11.09,2,0.49,2,0.1,2,0.81,2
30,87.5151,-179.8082,11100,22.9,23,-1.3993,28.8573,2,29.1259,2,376.3,1,11.08,2,0.8,2,0.08,2,0.81,2
30,87.5151,-179.8082,11099,22.9,23,-1.3993,28.8573,2,29.1068,2,376.3,1,10.99,2,0.59,2,0.09,2,0.81,2
30,87.5151,-179.8082,11098,39.2,39,-0.9418,29.9886,2,28.8108,2,339.2,1,11.28,2,0.33,2,0.09,2,0.82,2
30,87.5151,-179.8082,11097,39.2,39,-0.9418,29.9886,2,28.7405,2,339.2,1,11.28,2,0.21,2,0.09,2,0.8,2
30,87.5151,-179.8082,11096,55.6,55,-0.3812,31.1428,2,31.3301,2,322.5,1,10.77,2,3.24,2,0,2,0.66,2
30,87.5151,-179.8082,11095,55.6,55,-0.3812,31.1428,2,31.5363,2,322.5,1,10.67,2,3.38,2,0,2,0.67,2
30,87.5151,-179.8082,11094,71.5,71,-1.5542,32.7156,2,-999,9,298.1,1,-999,9,-999,9,-999,9,-999,9
30,87.5151,-179.8082,11093,71.5,71,-1.5542,32.7156,2,-999,9,298.1,1,-999,9,-999,9,-999,9,-999,9
30,87.5151,-179.8082,11092,100.1,99,-1.4353,33.9542,2,34.0584,2,300.9,1,6.94,2,7.75,2,0,2,0.68,2
30,87.5151,-179.8082,11091,100.1,99,-1.4353,33.9542,2,34.003,2,300.9,1,7.43,2,7.76,2,0,2,0.69,2
30,87.5151,-179.8082,11090,125.1,124,-1.0845,34.2448,2,34.2584,2,301.9,1,5.37,2,8.33,2,0,2,0.67,2
30,87.5151,-179.8082,11089,125.1,124,-1.0845,34.2448,2,34.2814,2,301.9,1,5.37,2,8.43,2,0,2,0.67,2
30,87.5151,-179.8082,11088,176.1,174,-0.0007,34.5455,2,34.5424,2,295,1,5.67,2,10.19,2,0,2,0.75,2
30,87.5151,-179.8082,11087,176.1,174,-0.0007,34.5455,2,34.5685,2,295,1,5.67,2,10.39,2,0,2,0.76,2
30,87.5151,-179.8082,11086,226.5,224,0.7018,34.7885,2,34.7837,2,290.7,1,5.86,2,11.84,2,0,2,0.82,2
30,87.5151,-179.8082,11085,226.5,224,0.7018,34.7885,2,34.7818,2,290.7,1,5.86,2,11.85,2,0,2,0.81,2
30,87.5151,-179.8082,11084,261.9,259,0.7885,34.8116,2,34.8058,2,292,1,5.76,2,11.93,2,0,2,0.81,2
30,87.5151,-179.8082,11083,261.9,259,0.7885,34.8116,2,34.8083,2,292,1,5.86,2,11.94,2,0,2,0.82,2
30,87.5151,-179.8082,11082,378.3,374,0.9249,34.868,2,34.8644,2,296.6,1,5.86,2,12.21,2,0,2,0.83,2
30,87.5151,-179.8082,11081,378.3,374,0.9249,34.868,2,34.864,2,296.6,1,5.96,2,12.23,2,0,2,0.85,2
30,87.5151,-179.8082,11080,504.9,499,0.5672,34.8697,2,34.8668,2,297.7,1,6.15,2,12.39,2,0,2,0.85,2
30,87.5151,-179.8082,11079,504.9,499,0.5672,34.8697,2,34.8682,2,297.7,1,6.15,2,12.37,2,0,2,0.86,2
30,87.6404,179.5926,11190,505.2,499,0.5735,34.8684,2,34.8684,2,296.5,1,6.15,2,12.22,2,0,2,0.83,2
30,87.6404,179.5926,11189,505.2,499,0.5735,34.8684,2,34.8672,2,296.5,1,6.15,2,12.26,2,0,2,0.83,2
30,87.6404,179.5926,11188,809.4,799,0.0067,34.8766,2,34.8759,2,300.5,1,6.45,2,12.3,2,0,2,0.84,2
30,87.6404,179.5926,11187,809.4,799,0.0067,34.8766,2,34.8763,2,300.5,1,6.35,2,12.34,2,0,2,0.85,2
30,87.6404,179.5926,11186,1012.5,999,-0.1695,34.8894,2,34.8879,2,301.5,1,6.84,2,12.53,2,0,2,0.87,2
30,87.6404,179.5926,11185,1012.5,999,-0.1695,34.8894,2,34.8883,2,301.5,1,6.84,2,12.57,2,0,2,0.87,2
30,87.6404,179.5926,11184,1419,1399,-0.3467,34.9204,2,34.9176,2,299.6,1,8.79,2,13.45,2,0,2,0.94,2
30,87.6404,179.5926,11183,1419,1399,-0.3467,34.9204,2,34.92,2,299.6,1,8.79,2,13.46,2,0,2,0.93,2
30,87.6404,179.5926,11182,1673.7,1649,-0.3903,34.9369,2,-999,9,297,1,-999,9,-999,9,-999,9,-999,9
30,87.6404,179.5926,11181,1673.7,1649,-0.3903,34.9369,2,-999,9,297,1,-999,9,-999,9,-999,9,-999,9
30,87.6404,179.5926,11180,1928.5,1899,-0.4058,34.9463,2,34.9446,2,295.9,1,11.62,2,14.2,2,0,2,1,2
30,87.6404,179.5926,11179,1928.5,1899,-0.4058,34.9463,2,34.946,2,295.9,1,11.62,2,14.2,2,0,2,0.98,2
30,87.6404,179.5926,11178,2438.9,2399,-0.3863,34.9531,2,34.9533,2,297.7,1,12.5,2,14.4,2,0,2,1.01,2
30,87.6404,179.5926,11177,2438.9,2399,-0.3863,34.9531,2,34.9517,2,297.7,1,12.5,2,14.42,2,0,2,1.01,2
30,87.6404,179.5926,11176,2950.7,2899,-0.3552,34.9544,2,34.956,2,303.6,1,12.5,2,14.5,2,0,2,1,2
30,87.6404,179.5926,11175,2950.7,2899,-0.3552,34.9544,2,34.9531,2,303.6,1,12.5,2,14.42,2,0,2,1,2
30,87.6404,179.5926,11174,3464,3399,-0.3147,34.9542,2,34.9537,2,311.1,1,12.21,2,14.4,2,0,2,1,2
30,87.6404,179.5926,11173,3464,3399,-0.3147,34.9542,2,34.9541,2,311.1,1,12.21,2,14.41,2,0,2,1.01,2
30,87.6404,179.5926,11172,3866.7,3791,-0.2753,34.9541,2,34.9529,2,316.6,1,12.21,2,14.42,2,0,2,1,2
30,87.6404,179.5926,11171,3866.7,3791,-0.2753,34.9541,2,34.9533,2,316.6,1,12.21,2,14.4,2,0,2,1,2
30,87.6404,179.5926,11170,3945.2,3867,-0.2676,34.954,2,34.9524,2,317.8,1,12.21,2,14.38,2,0,2,1.01,2
30,87.6404,179.5926,11169,3945.2,3867,-0.2676,34.954,2,34.9539,2,317.8,1,12.21,2,14.41,2,0,2,1.01,2
30,87.6404,179.5926,11168,3996.6,3917,-0.2624,34.954,2,34.954,2,319.2,1,12.21,2,14.42,2,0,2,1,2
30,87.6404,179.5926,11167,3996.6,3917,-0.2624,34.954,2,34.9548,2,319.2,1,12.21,2,14.43,2,0,2,1.01,2
32,89.9859,32.5438,11248,19.2,19,-1.5947,31.4114,2,31.5041,2,341.7,1,9.4,2,2.54,2,0.03,2,0.57,2
32,89.9859,32.5438,11247,19.2,19,-1.5947,31.4114,2,31.5864,2,341.7,1,9.6,2,2.55,2,0.02,2,0.56,2
32,89.9859,32.5438,11246,39.3,39,-1.7514,32.6726,2,32.7425,2,350.2,1,4.7,2,2.3,2,0.01,2,0.38,2
32,89.9859,32.5438,11245,39.3,39,-1.7514,32.6726,2,32.7563,2,350.2,1,4.79,2,2.33,2,0.01,2,0.38,2
32,89.9859,32.5438,11244,59.8,59,-1.793,33.0834,2,33.1647,2,355.7,1,3.42,2,2.15,2,0.01,2,0.33,2
32,89.9859,32.5438,11243,59.8,59,-1.793,33.0834,2,33.1372,2,355.7,1,3.33,2,2.06,2,0.01,2,0.32,2
32,89.9859,32.5438,11242,79.9,79,-1.7812,33.3352,2,33.3584,2,350.2,1,3.23,2,2.57,2,0.01,2,0.34,2
32,89.9859,32.5438,11241,79.9,79,-1.7812,33.3352,2,33.3633,2,350.2,1,3.33,2,2.53,2,0,2,0.34,2
32,89.9859,32.5438,11240,99.9,99,-1.7248,33.5607,2,33.5843,2,336.3,1,3.91,2,4.06,2,0,2,0.42,2
32,89.9859,32.5438,11239,99.9,99,-1.7248,33.5607,2,33.5933,2,336.3,1,3.81,2,3.94,2,0,2,0.42,2
32,89.9859,32.5438,11238,125.3,124,-1.5182,34.1083,2,34.1574,2,308.8,1,3.71,2,6.72,2,0,2,0.55,2
32,89.9859,32.5438,11237,125.3,124,-1.5182,34.1083,2,34.1434,2,308.8,1,3.81,2,6.7,2,0,2,0.55,2
32,89.9859,32.5438,11236,150.6,149,-0.9451,34.3499,2,34.3576,2,299.1,1,4.59,2,8.51,2,0,2,0.64,2
32,89.9859,32.5438,11235,150.6,149,-0.9451,34.3499,2,34.3662,2,299.1,1,4.59,2,8.52,2,0,2,0.64,2
32,89.9859,32.5438,11234,201.2,199,0.0348,34.594,2,34.5954,2,294.8,1,4.3,2,9.67,2,0,2,0.68,2
32,89.9859,32.5438,11233,201.2,199,0.0348,34.594,2,34.601,2,294.8,1,4.3,2,9.74,2,0,2,0.68,2
32,89.9859,32.5438,11232,277,274,1.0716,34.8299,2,34.8297,2,287,1,4.79,2,11.65,2,0,2,0.77,2
32,89.9859,32.5438,11231,277,274,1.0716,34.8299,2,34.8265,2,287,1,4.79,2,11.66,2,0,2,0.78,2
32,89.9859,32.5438,11230,352.9,349,1.2222,34.8735,2,34.8736,2,288.8,1,4.98,2,11.89,2,0,2,0.79,2
32,89.9859,32.5438,11229,352.9,349,1.2222,34.8735,2,34.8712,2,288.8,1,4.88,2,11.9,2,0,2,0.78,2
32,89.9859,32.5438,11228,428.8,424,1.0554,34.8867,2,34.8845,2,291.3,1,5.18,2,12.05,2,0,2,0.8,2
32,89.9859,32.5438,11227,428.8,424,1.0554,34.8867,2,34.8862,2,291.3,1,5.18,2,12.04,2,0,2,0.79,2
32,89.9859,32.5438,11226,504.8,499,0.8424,34.8919,2,34.8918,2,293.6,1,5.28,2,11.96,2,0,2,0.8,2
32,89.9859,32.5438,11225,504.8,499,0.8424,34.8919,2,34.889,2,293.6,1,5.28,2,11.99,2,0,2,0.8,2
32,89.995,11.9102,11304,505.1,499,0.8532,34.8927,2,34.8882,2,290.6,1,5.37,2,11.86,2,0,2,0.8,2
32,89.995,11.9102,11303,505.1,499,0.8532,34.8927,2,34.8906,2,290.6,1,5.37,2,11.95,2,0,2,0.81,2
32,89.995,11.9102,11302,758.6,749,0.189,34.893,2,34.8908,2,293.2,1,5.76,2,11.92,2,0,2,0.81,2
32,89.995,11.9102,11301,758.6,749,0.189,34.893,2,34.8914,2,293.2,1,5.66,2,11.95,2,0,2,0.82,2
32,89.995,11.9102,11300,1012.3,999,-0.0887,34.9063,2,34.9048,2,292.9,1,6.35,2,12.2,2,0,2,0.84,2
32,89.995,11.9102,11299,1012.3,999,-0.0887,34.9063,2,34.9059,2,292.9,1,6.35,2,12.23,2,0,2,0.84,2
32,89.995,11.9102,11298,1317.2,1299,-0.3294,34.9142,2,34.913,2,292,1,7.72,2,12.99,2,0,2,0.89,2
32,89.995,11.9102,11297,1317.2,1299,-0.3294,34.9142,2,34.9134,2,292,1,7.72,2,12.99,2,0,2,0.89,2
32,89.995,11.9102,11296,1622.7,1599,-0.5317,34.9164,2,34.9154,2,290.6,1,9.08,2,13.65,2,0,2,0.93,2
32,89.995,11.9102,11295,1622.7,1599,-0.5317,34.9164,2,34.9158,2,290.6,1,9.18,2,13.75,2,0,2,0.94,2
32,89.995,11.9102,11294,1928.3,1899,-0.5693,34.9255,2,34.9257,2,287.4,1,10.65,2,14.23,2,0,2,0.96,2
32,89.995,11.9102,11293,1928.3,1899,-0.5693,34.9255,2,34.9249,2,287.4,1,10.55,2,14.2,2,0,2,0.97,2
32,89.995,11.9102,11292,2387.9,2349,-0.7175,34.9224,2,34.9227,2,292.6,1,10.65,2,14.38,2,0,2,0.98,2
32,89.995,11.9102,11291,2387.9,2349,-0.7175,34.9224,2,34.92,2,292.6,1,10.65,2,14.41,2,0,2,0.98,2
32,89.995,11.9102,11290,2848.4,2799,-0.7435,34.9275,2,34.9263,2,296,1,10.74,2,14.47,2,0,2,0.98,2
32,89.995,11.9102,11289,2848.4,2799,-0.7435,34.9275,2,34.9263,2,296,1,10.84,2,14.46,2,0,2,0.98,2
32,89.995,11.9102,11288,3284.4,3224,-0.7324,34.9337,2,34.9338,2,299.6,1,11.13,2,14.5,2,0,2,0.98,2
32,89.995,11.9102,11287,3284.4,3224,-0.7324,34.9337,2,34.9362,3,299.6,1,11.04,2,14.49,2,0,2,0.98,2
32,89.995,11.9102,11286,3731.1,3659,-0.7036,34.9385,2,34.9393,2,303.7,1,11.04,2,14.44,2,0,2,0.99,2
32,89.995,11.9102,11285,3731.1,3659,-0.7036,34.9385,2,34.9397,2,303.7,1,11.04,2,14.45,2,0,2,0.99,2
32,89.995,11.9102,11284,4246,4159,-0.6491,34.9413,2,34.9403,2,309.7,1,11.23,2,14.35,2,0,2,0.99,2
32,89.995,11.9102,11283,4246,4159,-0.6491,34.9413,2,34.9411,2,309.7,1,11.13,2,14.38,2,0,2,0.99,2
32,89.995,11.9102,11282,4287.3,4199,-0.6449,34.9411,2,34.9423,2,310.7,1,11.13,2,14.39,2,0,2,0.98,2
32,89.995,11.9102,11281,4287.3,4199,-0.6449,34.9411,2,34.9421,2,310.7,1,11.13,2,14.4,2,0,2,0.99,2
38,87.8245,-149.8276,11374,19.3,19,-1.4549,28.5881,2,28.8832,2,365.6,1,13.15,2,0.75,2,0.06,2,0.74,2
38,87.8245,-149.8276,11373,19.3,19,-1.4549,28.5881,2,28.9668,2,365.6,1,13.15,2,0.57,2,0.07,2,0.73,2
38,87.8245,-149.8276,11372,44.4,44,-1.5935,30.4279,2,30.7766,2,345.8,1,12.15,2,2.88,2,0.01,2,0.77,2
38,87.8245,-149.8276,11371,44.4,44,-1.5935,30.4279,2,30.7907,2,345.8,1,12.05,2,2.56,2,0.01,2,0.77,2
38,87.8245,-149.8276,11370,62.6,62,-1.6084,32.0934,2,32.2354,2,322.6,1,14.78,2,6.46,2,0,2,0.95,2
38,87.8245,-149.8276,11369,62.6,62,-1.6084,32.0934,2,32.2356,2,322.6,1,12.43,2,5.47,2,0,2,0.85,2
38,87.8245,-149.8276,11368,82.8,82,-1.4952,32.966,2,33.1453,2,265.5,1,21.13,2,10.13,2,0,2,1.17,2
38,87.8245,-149.8276,11367,82.8,82,-1.4952,32.966,2,33.334,2,265.5,1,18.09,2,9.48,2,0,2,1.06,2
38,87.8245,-149.8276,11366,100.2,99,-1.4619,33.6978,2,28.9783,4,285.1,1,13.2,2,0.85,2,0.05,2,0.76,2
38,87.8245,-149.8276,11365,100.2,99,-1.4619,33.6978,2,28.9527,4,285.1,1,13.2,2,0.6,2,0.07,2,0.75,2
38,87.8245,-149.8276,11364,125.1,124,-1.3376,34.1522,2,34.1686,2,293.9,1,6.35,2,7.79,2,0,2,0.67,2
38,87.8245,-149.8276,11363,125.1,124,-1.3376,34.1522,2,34.1551,2,293.9,1,6.65,2,7.78,2,0,2,0.68,2
38,87.8245,-149.8276,11362,150.6,149,-0.8505,34.3354,2,34.3408,2,291.1,1,5.77,2,8.68,2,0,2,0.69,2
38,87.8245,-149.8276,11361,150.6,149,-0.8505,34.3354,2,34.3508,2,291.1,1,5.77,2,8.66,2,0,2,0.7,2
38,87.8245,-149.8276,11360,201.2,199,0.1405,34.6055,2,34.6053,2,285.9,1,5.67,2,10.34,2,0,2,0.75,2
38,87.8245,-149.8276,11359,201.2,199,0.1405,34.6055,2,34.6159,2,285.9,1,5.76,2,10.43,2,0,2,0.77,2
38,87.8245,-149.8276,11358,282.3,279,0.8209,34.8128,2,34.8109,2,284.5,1,5.67,2,11.66,2,0,2,0.81,2
38,87.8245,-149.8276,11357,282.3,279,0.8209,34.8128,2,34.8111,2,284.5,1,5.67,2,11.68,2,0,2,0.81,2
38,87.8245,-149.8276,11356,383.5,379,0.9346,34.8605,2,34.8581,2,288,1,5.86,2,11.98,2,0,2,0.84,2
38,87.8245,-149.8276,11355,383.5,379,0.9346,34.8605,2,34.8599,2,288,1,5.76,2,11.99,2,0,2,0.83,2
38,87.8245,-149.8276,11354,444.4,439,0.7756,34.8652,2,34.8636,2,288.5,1,5.86,2,12.08,2,0,2,0.84,2
38,87.8245,-149.8276,11353,444.4,439,0.7756,34.8652,2,34.8634,2,288.5,1,5.86,2,12.06,2,0,2,0.85,2
38,87.8245,-149.8276,11352,504.9,499,0.6131,34.8672,2,34.8682,2,290.1,1,5.86,2,12.02,2,0,2,0.83,2
38,87.8245,-149.8276,11351,504.9,499,0.6131,34.8672,2,34.8662,2,290.1,1,5.96,2,12.03,2,0,2,0.83,2
38,87.8247,-148.8737,11430,505.1,499,0.6117,34.8656,2,34.866,2,288.5,1,6.15,2,11.99,2,0,2,0.84,2
38,87.8247,-148.8737,11429,505.1,499,0.6117,34.8656,2,34.866,2,288.5,1,6.06,2,12.05,2,0,2,0.82,2
38,87.8247,-148.8737,11428,657.2,649,0.286,34.8692,2,34.869,2,290,1,6.25,2,12.1,2,0,2,0.82,2
38,87.8247,-148.8737,11427,657.2,649,0.286,34.8692,2,34.8696,2,290,1,6.25,2,12.13,2,0,2,0.82,2
38,87.8247,-148.8737,11426,809.5,799,0.0367,34.8733,2,34.8771,2,290.6,1,6.45,2,12.24,2,-0.01,2,0.85,2
38,87.8247,-148.8737,11425,809.5,799,0.0367,34.8733,2,34.8741,2,290.6,1,6.45,2,12.23,2,0,2,0.84,2
38,87.8247,-148.8737,11424,1012.3,999,-0.1533,34.8865,2,34.8865,2,291.5,1,6.94,2,12.46,2,0,2,0.87,2
38,87.8247,-148.8737,11423,1012.3,999,-0.1533,34.8865,2,34.8885,2,291.5,1,6.84,2,12.46,2,0,2,0.87,2
38,87.8247,-148.8737,11422,1241.1,1224,-0.2876,34.9032,2,34.9044,2,291,1,7.91,2,12.89,2,-0.01,2,0.9,2
38,87.8247,-148.8737,11421,1241.1,1224,-0.2876,34.9032,2,34.9066,2,291,1,7.91,2,12.92,2,-0.01,2,0.9,2
38,87.8247,-148.8737,11420,1469.9,1449,-0.3602,34.921,2,34.9228,2,288.9,1,9.18,2,13.46,2,-0.01,2,0.93,2
38,87.8247,-148.8737,11419,1469.9,1449,-0.3602,34.921,2,34.9235,2,288.9,1,9.18,2,13.45,2,-0.01,2,0.94,2
38,87.8247,-148.8737,11418,1699.1,1674,-0.3975,34.9359,2,34.9397,2,286.4,1,10.65,2,13.87,2,-0.01,2,0.98,2
38,87.8247,-148.8737,11417,1699.1,1674,-0.3975,34.9359,2,34.936,2,286.4,1,10.75,2,13.88,2,-0.01,2,0.98,2
38,87.8247,-148.8737,11416,1928.4,1899,-0.4071,34.9448,2,34.947,2,284.9,1,11.72,2,14.16,2,-0.01,2,0.99,2
38,87.8247,-148.8737,11415,1928.4,1899,-0.4071,34.9448,2,34.9466,2,284.9,1,11.82,2,14.13,2,-0.01,2,0.99,2
38,87.8247,-148.8737,11414,2183.6,2149,-0.4003,34.9493,2,34.9513,2,285.3,1,12.41,2,14.27,2,-0.01,2,1,2
38,87.8247,-148.8737,11413,2183.6,2149,-0.4003,34.9493,2,34.9557,2,285.3,1,12.5,2,14.28,2,-0.01,2,1,2
38,87.8247,-148.8737,11412,2439.1,2399,-0.378,34.9514,2,34.9514,2,286.9,1,12.8,2,14.48,2,0,2,1.02,2
38,87.8247,-148.8737,11411,2439.1,2399,-0.378,34.9514,2,34.9522,2,286.9,1,12.8,2,14.48,2,0,2,1.01,2
38,87.8247,-148.8737,11410,2541.3,2499,-0.3708,34.9516,2,34.9531,2,287.7,1,12.89,2,14.47,2,0,2,1.02,2
38,87.8247,-148.8737,11409,2541.3,2499,-0.3708,34.9516,2,34.9522,2,287.7,1,12.8,2,14.48,2,0,2,1.02,2
38,87.8247,-148.8737,11408,2592.6,2549,-0.3669,34.9516,2,34.9535,2,288.1,1,12.89,2,14.5,2,0,2,1.01,2
38,87.8247,-148.8737,11407,2592.6,2549,-0.3669,34.9516,2,34.9526,2,288.1,1,12.8,2,14.48,2,0,2,1.01,2
41,85.8333,-150.1746,11489,19.2,19,-1.4679,27.2258,2,27.49,2,358.2,1,10.22,2,0.24,2,0.03,2,0.73,2
41,85.8333,-150.1746,11488,19.2,19,-1.4679,27.2258,2,27.4938,2,358.2,1,9.82,2,0.08,2,0.03,2,0.7,2
41,85.8333,-150.1746,11487,19.3,19,-1.4642,27.2294,2,27.4538,2,357.7,1,10.12,2,0.2,2,0.03,2,0.73,2
41,85.8333,-150.1746,11486,19.3,19,-1.4642,27.2294,2,27.334,2,357.7,1,9.53,2,0.04,2,0.03,2,0.7,2
41,85.8333,-150.1746,11485,19.4,19,-1.4644,27.2191,2,27.4855,2,357.7,1,10.22,2,0.21,2,0.03,2,0.73,2
41,85.8333,-150.1746,11484,19.4,19,-1.4644,27.2191,2,27.3407,2,357.7,1,9.63,2,0.03,2,0.03,2,0.7,2
41,85.8333,-150.1746,11483,19.6,19,-1.467,27.2075,2,27.4477,2,357.8,1,10.12,2,0.2,2,0.03,2,0.73,2
41,85.8333,-150.1746,11482,19.6,19,-1.467,27.2075,2,27.4722,2,357.8,1,9.82,2,0.08,2,0.03,2,0.7,2
41,85.8333,-150.1746,11481,49.3,49,-1.518,30.5967,2,30.9138,2,325.6,1,10.78,2,2.83,2,0,2,0.83,2
41,85.8333,-150.1746,11480,49.3,49,-1.518,30.5967,2,30.8237,2,325.6,1,9.9,2,2.31,2,0,2,0.78,2
41,85.8333,-150.1746,11479,49.4,49,-1.5153,30.5821,2,30.8382,2,325.5,1,10.48,2,2.65,2,0,2,0.82,2
41,85.8333,-150.1746,11478,49.4,49,-1.5153,30.5821,2,30.7536,2,325.5,1,9.7,2,2.18,2,0,2,0.78,2
41,85.8333,-150.1746,11477,49.5,49,-1.5162,30.5872,2,30.8824,2,325.4,1,10.68,2,2.76,2,0,2,0.83,2
41,85.8333,-150.1746,11476,49.5,49,-1.5162,30.5872,2,30.882,2,325.4,1,10.38,2,2.64,2,0,2,0.81,2
41,85.8333,-150.1746,11475,49.7,49,-1.5164,30.5846,2,30.748,2,325.4,1,10.39,2,2.48,2,0,2,0.82,2
41,85.8333,-150.1746,11474,49.7,49,-1.5164,30.5846,2,30.8237,2,325.4,1,10.39,2,2.56,2,0,2,0.82,2
41,85.8333,-150.1746,11473,90,89,-1.427,32.9482,2,33.1122,2,234.4,1,30.91,2,12.91,2,0,2,1.53,2
41,85.8333,-150.1746,11472,90,89,-1.427,32.9482,2,33.1993,2,234.4,1,29.05,2,12.48,2,0,2,1.46,2
41,85.8333,-150.1746,11471,90,89,-1.4234,32.9727,2,33.1411,2,234.4,1,29.83,2,12.65,2,0,2,1.48,2
41,85.8333,-150.1746,11470,90,89,-1.4234,32.9727,2,33.3306,2,234.4,1,25.63,2,11.65,2,0,2,1.32,2
41,85.8333,-150.1746,11469,90.2,89,-1.4226,32.9938,2,33.1581,2,235.4,1,29.93,2,12.7,2,0,2,1.49,2
41,85.8333,-150.1746,11468,90.2,89,-1.4226,32.9938,2,33.2176,2,235.4,1,28.75,2,12.43,2,0,2,1.44,2
41,85.8333,-150.1746,11467,90.3,89,-1.4199,33.02,2,33.3518,2,235.4,1,23.86,2,11.26,2,0,2,1.27,2
41,85.8333,-150.1746,11466,90.3,89,-1.4199,33.02,2,33.0383,2,235.4,1,33.74,2,13.58,2,0,2,1.63,2
43,85.1347,-150.0967,11528,19.5,19,-1.4864,27.4021,2,27.461,2,-999,4,8.84,2,0.03,2,0.04,2,0.66,2
43,85.1347,-150.0967,11527,19.5,19,-1.4864,27.4021,2,27.4725,2,-999,4,8.84,2,0.03,2,0.04,2,0.64,2
43,85.1347,-150.0967,11526,35.6,35,-1.4554,28.5948,2,28.7634,2,-999,4,7.75,2,0.55,2,0.02,2,0.73,2
43,85.1347,-150.0967,11525,35.6,35,-1.4554,28.5948,2,28.6419,2,-999,4,7.85,2,0.48,2,0.02,2,0.72,2
43,85.1347,-150.0967,11524,54.7,54,-1.4846,31.0159,2,31.0272,2,-999,4,9.99,2,2.85,2,0.01,2,0.83,2
43,85.1347,-150.0967,11523,54.7,54,-1.4846,31.0159,2,31.0032,2,-999,4,9.79,2,2.75,2,0.01,2,0.83,2
43,85.1347,-150.0967,11522,75.1,74,-1.5611,32.0271,2,32.0295,2,-999,4,13.7,2,5.42,2,0,2,0.91,2
43,85.1347,-150.0967,11521,75.1,74,-1.5611,32.0271,2,32.0982,2,-999,4,15.66,2,6.24,2,0,2,1,2
43,85.1347,-150.0967,11520,100.7,100,-1.4134,33.0933,2,33.1433,2,-999,4,31.49,2,13.24,2,0,2,1.55,2
43,85.1347,-150.0967,11519,100.7,100,-1.4134,33.0933,2,33.1116,2,-999,4,32.37,2,13.47,2,0,2,1.58,2
43,85.1347,-150.0967,11518,140.8,139,-1.0482,34.1667,2,34.1595,2,-999,4,9.87,2,9.35,2,0,2,0.8,2
43,85.1347,-150.0967,11517,140.8,139,-1.0482,34.1667,2,34.1523,2,-999,4,9.97,2,9.34,2,0,2,0.81,2
43,85.1347,-150.0967,11516,176.4,175,-0.3985,34.4237,2,34.4373,2,-999,4,6.84,2,9.85,2,0,2,0.75,2
43,85.1347,-150.0967,11515,176.4,175,-0.3985,34.4237,2,34.4245,2,-999,4,6.94,2,9.79,2,0,2,0.75,2
43,85.1347,-150.0967,11514,227.2,225,0.284,34.6395,2,34.6382,2,-999,4,6.94,2,11.02,2,0,2,0.79,2
43,85.1347,-150.0967,11513,227.2,225,0.284,34.6395,2,34.6401,2,-999,4,6.94,2,11.07,2,0,2,0.8,2
43,85.1347,-150.0967,11512,277.5,274,0.6763,34.7832,2,34.7828,2,-999,4,6.35,2,11.74,2,0,2,0.8,2
43,85.1347,-150.0967,11511,277.5,274,0.6763,34.7832,2,34.7807,2,-999,4,6.35,2,11.76,2,0,2,0.81,2
43,85.1347,-150.0967,11510,332.9,329,0.8793,34.8416,2,34.6494,4,-999,4,6.06,2,11.58,2,0,2,0.82,2
43,85.1347,-150.0967,11509,332.9,329,0.8793,34.8416,2,34.8381,2,-999,4,6.06,2,11.88,2,0,2,0.81,2
43,85.1347,-150.0967,11508,419.2,414,0.7894,34.8543,2,34.8517,2,-999,4,6.25,2,12.02,2,0,2,0.83,2
43,85.1347,-150.0967,11507,419.2,414,0.7894,34.8543,2,34.8485,2,-999,4,6.25,2,12.01,2,0,2,0.83,2
43,85.1347,-150.0967,11506,505.1,499,0.5631,34.8515,2,34.8491,2,-999,4,6.93,2,12.45,2,0,2,0.85,2
43,85.1347,-150.0967,11505,505.1,499,0.5631,34.8515,2,34.8151,4,-999,4,7.03,2,12.34,2,0,2,0.85,2
43,85.1405,-149.8725,11596,505.2,499,0.5533,34.8532,2,34.8538,2,-999,4,6.74,2,12.23,2,0,2,0.84,2
43,85.1405,-149.8725,11595,505.2,499,0.5533,34.8532,2,34.8548,2,-999,4,6.74,2,12.23,2,0,2,0.84,2
43,85.1405,-149.8725,11594,606.4,599,0.4197,34.8627,2,34.8643,2,-999,4,6.93,2,12.31,2,0,2,0.85,2
43,85.1405,-149.8725,11593,606.4,599,0.4197,34.8627,2,34.8598,2,-999,4,6.93,2,12.32,2,0,2,0.85,2
43,85.1405,-149.8725,11592,707.7,699,0.2577,34.8668,2,34.8661,2,-999,4,6.54,2,12.09,2,0,2,0.84,2
43,85.1405,-149.8725,11591,707.7,699,0.2577,34.8668,2,34.8657,2,-999,4,6.44,2,12.11,2,0,2,0.85,2
43,85.1405,-149.8725,11590,859.9,849,0.0426,34.8753,2,34.8787,2,-999,4,7.13,2,12.4,2,0,2,0.86,2
43,85.1405,-149.8725,11589,859.9,849,0.0426,34.8753,2,34.875,2,-999,4,7.13,2,12.39,2,0,2,0.86,2
43,85.1405,-149.8725,11588,1012,999,-0.0843,34.8867,2,34.8886,2,-999,4,7.42,2,12.54,2,0,2,0.88,2
43,85.1405,-149.8725,11587,1012,999,-0.0843,34.8867,2,34.8972,4,-999,4,7.42,2,12.52,2,0,2,0.88,2
43,85.1405,-149.8725,11586,1215.3,1199,-0.2096,34.9011,2,34.9109,2,-999,4,8.1,2,12.85,2,0,2,0.9,2
43,85.1405,-149.8725,11585,1215.3,1199,-0.2096,34.9011,2,34.8839,4,-999,4,8.2,2,12.84,2,0,2,0.9,2
43,85.1405,-149.8725,11584,1418.8,1399,-0.2993,34.9166,2,34.9178,2,-999,4,9.27,2,13.28,2,0,2,0.93,2
43,85.1405,-149.8725,11583,1418.8,1399,-0.2993,34.9166,2,34.917,2,-999,4,9.47,2,13.29,2,0,2,0.94,2
43,85.1405,-149.8725,11582,1622.5,1599,-0.3606,34.9275,2,34.9298,2,-999,4,10.74,2,13.67,2,0,2,0.96,2
43,85.1405,-149.8725,11581,1622.5,1599,-0.3606,34.9275,2,34.9269,2,-999,4,10.74,2,13.66,2,0,2,0.96,2
43,85.1405,-149.8725,11580,1826.2,1799,-0.3881,34.9367,2,34.936,2,-999,4,12.01,2,13.99,2,0,2,0.99,2
43,85.1405,-149.8725,11579,1826.2,1799,-0.3881,34.9367,2,34.9357,2,-999,4,12.01,2,13.98,2,0,2,0.99,2
43,85.1405,-149.8725,11578,2086.1,2054,-0.3904,34.9442,2,34.9455,2,-999,4,12.98,2,14.21,2,0,2,1.01,2
43,85.1405,-149.8725,11577,2086.1,2054,-0.3904,34.9442,2,34.9455,2,-999,4,12.98,2,14.23,2,0,2,1.01,2
43,85.1405,-149.8725,11576,2188.4,2154,-0.3881,34.9473,2,34.9483,2,-999,4,13.37,2,14.3,2,0,2,1.01,2
43,85.1405,-149.8725,11575,2188.4,2154,-0.3881,34.9473,2,34.9451,2,-999,4,13.37,2,14.29,2,0,2,1.02,2
43,85.1405,-149.8725,11574,2214.2,2179,-0.3856,34.9484,2,34.9516,2,-999,4,13.57,2,14.34,2,0,2,1.01,2
43,85.1405,-149.8725,11573,2214.2,2179,-0.3856,34.9484,2,34.9495,2,-999,4,13.57,2,14.33,2,0,2,1.01,2
46,82.4891,-149.851,11659,19.2,19,-1.5274,28.2352,2,28.256,2,-999,4,2.26,2,0.01,2,0,2,0.58,2
46,82.4891,-149.851,11658,19.2,19,-1.5274,28.2352,2,28.2897,2,-999,4,2.26,2,0.01,2,0,2,0.57,2
46,82.4891,-149.851,11657,33.2,33,-1.4191,29.297,2,29.3031,2,-999,4,2.35,2,0.02,2,0.01,2,0.6,2
46,82.4891,-149.851,11656,33.2,33,-1.4191,29.297,2,29.2985,2,-999,4,2.35,2,0.01,2,0.01,2,0.59,2
46,82.4891,-149.851,11655,53.5,53,-1.36,29.649,2,29.7565,4,-999,4,3.43,2,0.41,2,0.07,2,0.68,2
46,82.4891,-149.851,11654,53.5,53,-1.36,29.649,2,29.6329,2,-999,4,2.94,2,0.2,2,0.07,2,0.65,2
46,82.4891,-149.851,11653,64.5,64,-0.9374,31.4713,2,31.6592,2,-999,4,15.86,2,6.6,2,0.01,2,1.19,2
46,82.4891,-149.851,11652,64.5,64,-0.9374,31.4713,2,31.5792,2,-999,4,14.49,2,5.97,2,0.01,2,1.16,2
46,82.4891,-149.851,11651,89.8,89,-1.2282,32.2819,2,32.3119,2,-999,4,25.92,2,11.1,2,0,2,1.59,2
46,82.4891,-149.851,11650,89.8,89,-1.2282,32.2819,2,32.2613,2,-999,4,24.75,2,10.64,2,0,2,1.56,2
46,82.4891,-149.851,11649,120.2,119,-1.4009,32.8991,2,32.9022,2,-999,4,40.19,2,15.75,2,0,2,1.94,2
46,82.4891,-149.851,11648,120.2,119,-1.4009,32.8991,2,32.8811,2,-999,4,40.38,2,15.77,2,0,2,1.95,2
46,82.4891,-149.851,11647,140.4,139,-1.2716,33.4937,2,33.5667,2,-999,4,29.32,2,13.46,2,0,2,1.49,2
46,82.4891,-149.851,11646,140.4,139,-1.2716,33.4937,2,33.5504,2,-999,4,30.3,2,13.64,2,0,2,1.52,2
46,82.4891,-149.851,11645,201.2,199,-0.2952,34.4215,2,34.419,2,-999,4,9.67,2,10.67,2,0,2,0.85,2
46,82.4891,-149.851,11644,201.2,199,-0.2952,34.4215,2,34.4357,2,-999,4,9.67,2,10.73,2,0,2,0.86,2
46,82.4891,-149.851,11643,302.3,299,0.5993,34.7738,2,34.7731,2,-999,4,6.74,2,11.94,2,0,2,0.84,2
46,82.4891,-149.851,11642,302.3,299,0.5993,34.7738,2,34.7861,2,-999,4,6.74,2,11.99,2,0,2,0.83,2
46,82.4891,-149.851,11641,403.5,399,0.7661,34.8349,2,34.8329,2,-999,4,6.83,2,12.29,2,0,2,0.85,2
46,82.4891,-149.851,11640,403.5,399,0.7661,34.8349,2,34.8349,2,-999,4,6.74,2,12.29,2,0,2,0.84,2
46,82.4891,-149.851,11639,454.1,449,0.7631,34.8517,2,34.851,2,-999,4,6.44,2,12.19,2,0,2,0.84,2
46,82.4891,-149.851,11638,454.1,449,0.7631,34.8517,2,34.8484,2,-999,4,6.35,2,12.19,2,0,2,0.84,2
46,82.4891,-149.851,11637,504.9,499,0.6442,34.8526,2,34.851,2,-999,4,6.64,2,12.33,2,0,2,0.85,2
46,82.4891,-149.851,11636,504.9,499,0.6442,34.8526,2,34.8311,2,-999,4,6.64,2,12.27,2,0,2,0.85,2
48,80.425,-149.4307,11715,24,24,-1.4355,27.4497,2,28.0927,2,-999,9,2.94,2,0.03,2,0,2,0.6,2
48,80.425,-149.4307,11714,24,24,-1.4355,27.4497,2,28.1106,2,-999,9,2.94,2,0.02,2,0,2,0.6,2
48,80.425,-149.4307,11713,33,33,-1.1865,29.4604,2,29.4413,2,-999,9,2.94,2,0.06,2,0.01,2,0.66,2
48,80.425,-149.4307,11712,35,35,-1.1865,28.3053,2,29.5316,2,-999,9,3.04,2,0.09,2,0.01,2,0.67,2
48,80.425,-149.4307,11710,49,49,-0.8015,30.8425,2,31.0733,2,-999,9,7.05,2,1.29,2,0.1,2,0.85,2
48,80.425,-149.4307,11711,50,50,-0.8015,30.9991,2,31.1391,2,-999,9,8.32,2,2.06,2,0.1,2,0.92,2
48,80.425,-149.4307,11709,67,66,-0.9465,31.7259,2,31.8194,2,-999,9,16.15,2,7.43,2,0.01,2,1.24,2
48,80.425,-149.4307,11708,70,69,-0.9715,31.8617,2,31.8867,2,-999,9,16.83,2,7.8,2,0.01,2,1.28,2
48,80.425,-149.4307,11707,92,91,-1.2915,32.2302,2,32.2343,2,-999,9,22.99,2,10.32,2,0.01,2,1.5,2
48,80.425,-149.4307,11706,92,91,-1.3015,32.241,2,32.238,2,-999,9,23.09,2,10.38,2,0.01,2,1.5,2
48,80.425,-149.4307,11704,120,119,-1.3565,32.6044,2,32.5996,2,-999,9,27.78,2,13.11,2,0,2,1.71,2
48,80.425,-149.4307,11705,121,120,-1.3665,32.6217,2,32.6109,2,-999,9,27.98,2,13.17,2,0,2,1.7,2
48,80.425,-149.4307,11703,154.5,153,-1.4665,32.9511,2,32.9797,2,-999,9,35.3,2,15.38,2,0,2,1.85,2
48,80.425,-149.4307,11702,155,153,-1.4665,32.9723,2,32.9828,2,-999,9,35.21,2,15.34,2,0,2,1.85,2
48,80.425,-149.4307,11700,193,191,-1.1354,33.752,2,33.7969,2,-999,9,26.49,2,13.69,2,0,2,1.42,2
48,80.425,-149.4307,11701,196.5,194,-1.1174,33.8717,2,33.8394,2,-999,9,24.82,2,13.65,2,0,2,1.39,2
48,80.425,-149.4307,11699,269,266,0.0086,34.5205,2,34.5593,2,-999,9,9.87,2,11.23,2,0,2,0.85,2
48,80.425,-149.4307,11698,271,268,0.0436,34.5641,2,34.5712,2,-999,9,9.28,2,11.21,2,0,2,0.84,2
48,80.425,-149.4307,11697,333,329,0.6366,34.8091,2,34.7691,2,-999,9,6.74,2,11.96,2,0,2,0.83,2
48,80.425,-149.4307,11696,339,335,0.6586,34.796,2,34.7759,2,-999,9,6.74,2,11.98,2,0,2,0.83,2
48,80.425,-149.4307,11695,420,415,0.8556,34.8421,2,34.835,2,-999,9,6.25,2,12.12,2,0,2,0.83,2
48,80.425,-149.4307,11694,420,415,0.8616,34.8354,2,34.8355,2,-999,9,6.25,2,12.11,2,0,2,0.84,2
48,80.425,-149.4307,11693,501,495,0.854,34.8587,2,34.8503,2,-999,9,6.25,2,12.12,2,0,2,0.84,2
48,80.425,-149.4307,11692,501,495,0.854,34.8587,2,34.8502,2,-999,9,6.25,2,12.08,2,0,2,0.83,2
48,80.4506,-149.1608,11839,506,500,0.8493,34.8515,2,34.8524,2,276.4,1,6.25,2,12.13,2,0,2,0.83,2
48,80.4506,-149.1608,11838,506,500,0.8493,34.8515,2,34.8524,2,276.4,1,6.25,2,12.14,2,0,2,0.83,2
48,80.4506,-149.1608,11837,718.8,710,0.3932,34.8627,2,34.863,2,279.6,1,7.03,2,12.29,2,0,2,0.86,2
48,80.4506,-149.1608,11836,718.8,710,0.3932,34.8627,2,34.8634,2,279.6,1,6.54,2,12.3,2,0,2,0.85,2
48,80.4506,-149.1608,11835,1064,1050,-0.0454,34.8815,2,34.8815,2,282.9,1,7.13,2,12.56,2,0,2,0.87,2
48,80.4506,-149.1608,11834,1064,1050,-0.0454,34.8815,2,34.8813,2,282.9,1,7.13,2,12.53,2,0,2,0.88,2
48,80.4506,-149.1608,11833,1419.9,1400,-0.2618,34.907,2,34.9076,2,285.7,1,8.2,2,13.04,2,0,2,0.92,2
48,80.4506,-149.1608,11832,1419.9,1400,-0.2618,34.907,2,34.9072,2,285.7,1,8.3,2,13.04,2,0,2,0.91,2
48,80.4506,-149.1608,11831,1776.5,1750,-0.3828,34.9304,2,34.929,2,286.2,1,9.86,2,13.7,2,0,2,0.96,2
48,80.4506,-149.1608,11830,1776.5,1750,-0.3828,34.9304,2,34.9312,2,286.2,1,9.96,2,13.72,2,0,2,0.97,2
48,80.4506,-149.1608,11829,2133.1,2100,-0.4062,34.9453,2,34.9456,2,286.6,1,11.52,2,14.15,2,0,2,0.99,2
48,80.4506,-149.1608,11828,2133.1,2100,-0.4062,34.9453,2,34.9455,2,286.6,1,11.52,2,14.15,2,0,2,1,2
48,80.4506,-149.1608,11827,2490.9,2450,-0.3847,34.9524,2,34.9516,2,288.2,1,12.6,2,14.36,2,0,2,1.01,2
48,80.4506,-149.1608,11826,2490.9,2450,-0.3847,34.9524,2,34.951,2,288.2,1,12.6,2,14.35,2,0,2,1.01,2
48,80.4506,-149.1608,11825,2951.8,2900,-0.3373,34.956,2,34.9542,2,292.4,1,13.38,2,14.41,2,0,2,1.01,2
48,80.4506,-149.1608,11824,2951.8,2900,-0.3373,34.956,2,34.9549,2,292.4,1,13.38,2,14.42,2,0,2,1.01,2
48,80.4506,-149.1608,11823,3362.1,3300,-0.3005,34.9558,2,34.9557,2,298.6,1,13.38,2,14.43,2,0,2,1.03,2
48,80.4506,-149.1608,11822,3362.1,3300,-0.3005,34.9558,2,34.9539,2,298.6,1,13.38,2,14.43,2,0,2,1.03,2
48,80.4506,-149.1608,11821,3726.5,3655,-0.2664,34.9557,2,34.983,4,304.4,1,13.38,2,14.46,2,0,2,1.02,2
48,80.4506,-149.1608,11820,3726.5,3655,-0.2664,34.9557,2,34.9545,2,304.4,1,13.38,2,14.43,2,0,2,1.01,2
48,80.4506,-149.1608,11819,3803.6,3730,-0.2586,34.9555,2,34.9535,2,305.6,1,13.38,2,14.43,2,0,2,1.01,2
48,80.4506,-149.1608,11818,3803.6,3730,-0.2586,34.9555,2,34.9553,2,305.6,1,13.38,2,14.44,2,0,2,1.01,2
48,80.4506,-149.1608,11817,3855.2,3780,-0.2533,34.9557,2,34.955,2,306.6,1,13.28,2,14.46,2,0,2,1.02,2
48,80.4506,-149.1608,11816,3855.2,3780,-0.2533,34.9557,2,34.9558,2,306.6,1,13.28,2,14.43,2,0,2,1.03,2
51,78.1739,-147.8331,-999,19,19,-1.4931,27.7336,2,-999,9,320,1,-999,9,-999,9,-999,9,-999,9
51,78.1739,-147.8331,-999,19,19,-1.4931,27.7336,2,-999,9,320,1,-999,9,-999,9,-999,9,-999,9
51,78.1739,-147.8331,-999,19.4,19,-1.494,27.7333,2,-999,9,319.9,1,-999,9,-999,9,-999,9,-999,9
51,78.1739,-147.8331,-999,19.4,19,-1.494,27.7333,2,-999,9,319.9,1,-999,9,-999,9,-999,9,-999,9
51,78.1739,-147.8331,-999,19.4,19,-1.4924,27.7349,2,-999,9,319.9,1,-999,9,-999,9,-999,9,-999,9
51,78.1739,-147.8331,-999,19.4,19,-1.4924,27.7349,2,-999,9,319.9,1,-999,9,-999,9,-999,9,-999,9
51,78.1739,-147.8331,-999,19.7,20,-1.4928,27.7347,2,-999,9,320.1,1,-999,9,-999,9,-999,9,-999,9
51,78.1739,-147.8331,-999,19.7,20,-1.4928,27.7347,2,-999,9,320.1,1,-999,9,-999,9,-999,9,-999,9
51,78.1739,-147.8331,-999,20,20,-1.4924,27.7358,2,-999,9,320.1,1,-999,9,-999,9,-999,9,-999,9
51,78.1739,-147.8331,-999,20,20,-1.4924,27.7358,2,-999,9,320.1,1,-999,9,-999,9,-999,9,-999,9
51,78.1739,-147.8331,-999,20,20,-1.4911,27.7369,2,-999,9,320.1,1,-999,9,-999,9,-999,9,-999,9
51,78.1739,-147.8331,-999,20,20,-1.4911,27.7369,2,-999,9,320.1,1,-999,9,-999,9,-999,9,-999,9
51,78.1739,-147.8331,11877,20.3,20,-1.4919,27.7364,2,27.7791,2,320.1,1,2.75,2,0,2,0,2,0.56,2
51,78.1739,-147.8331,11876,20.3,20,-1.4919,27.7364,2,28.0265,2,320.1,1,2.75,2,0,2,0,2,0.57,2
51,78.1739,-147.8331,11875,20.5,20,-1.491,27.7388,2,28.2027,2,320.3,1,2.65,2,0,2,0,2,0.57,2
51,78.1739,-147.8331,11874,20.5,20,-1.491,27.7388,2,28.6613,2,320.3,1,2.65,2,0.01,2,0,2,0.59,2
51,78.1739,-147.8331,11873,38.5,38,-1.2094,29.5908,2,29.8163,2,325.8,1,2.45,2,0,2,0.01,2,0.63,2
51,78.1739,-147.8331,11872,38.5,38,-1.2094,29.5908,2,30.0406,2,325.8,1,3.14,2,0.16,2,0.02,2,0.67,2
51,78.1739,-147.8331,11871,39,39,-1.2144,29.601,2,30.0168,2,297.8,1,2.94,2,0.1,2,0.02,2,0.66,2
51,78.1739,-147.8331,11870,39,39,-1.2144,29.601,2,30.0628,2,297.8,1,3.04,2,0.13,2,0.03,2,0.67,2
51,78.1739,-147.8331,11869,55.1,55,-0.3258,31.1152,2,31.3627,2,297.8,1,9.4,2,3.49,2,0.02,2,0.99,2
51,78.1739,-147.8331,11868,55.1,55,-0.3258,31.1152,2,31.3084,2,297.8,1,8.82,2,3.06,2,0.03,2,0.95,2
51,78.1739,-147.8331,11867,55.4,55,-0.3418,31.1542,2,31.2666,2,297.4,1,8.52,2,2.81,2,0.03,2,0.93,2
51,78.1739,-147.8331,11866,55.4,55,-0.3418,31.1542,2,31.2955,2,297.4,1,8.62,2,2.95,2,0.03,2,0.95,2
52,77.5027,-148.0085,11906,19.6,19,-1.3994,27.6248,2,28.2177,2,320.8,1,2.65,2,0,2,0,2,0.57,2
52,77.5027,-148.0085,11905,19.6,19,-1.3994,27.6248,2,28.1174,2,320.8,1,2.65,2,0.02,2,0,2,0.58,2
52,77.5027,-148.0085,11904,23.5,23,-1.1333,29.1016,2,29.1359,2,328.3,1,2.55,2,0,2,0,2,0.58,2
52,77.5027,-148.0085,11903,23.5,23,-1.1333,29.1016,2,29.1392,2,328.3,1,2.55,2,0.01,2,0,2,0.59,2
52,77.5027,-148.0085,11902,36.2,36,-1.2604,29.3765,2,29.5157,2,327.2,1,2.84,2,0.11,2,0,2,0.61,2
52,77.5027,-148.0085,11901,36.2,36,-1.2604,29.3765,2,29.5098,2,327.2,1,2.75,2,0,2,0,2,0.61,2
52,77.5027,-148.0085,11900,60.4,60,-0.0947,30.8645,2,31.2034,2,310.8,1,6.85,2,1.79,2,0.04,2,0.91,2
52,77.5027,-148.0085,11899,60.4,60,-0.0947,30.8645,2,31.2098,2,310.8,1,6.85,2,1.74,2,0.04,2,0.9,2
52,77.5027,-148.0085,11898,91.1,90,-0.9428,31.9779,2,32.0058,2,264.4,1,18.4,2,9,2,0,2,1.4,2
52,77.5027,-148.0085,11897,91.1,90,-0.9428,31.9779,2,32.0165,2,264.4,1,18.5,2,9.05,2,0,2,1.4,2
52,77.5027,-148.0085,11896,121.4,120,-1.2893,32.3898,2,32.4625,2,252.1,1,25.53,2,12.11,2,0,2,1.62,2
52,77.5027,-148.0085,11895,121.4,120,-1.2893,32.3898,2,32.403,2,252.1,1,24.85,2,11.84,2,0,2,1.6,2
52,77.5027,-148.0085,11894,151.5,150,-1.3979,32.6717,2,32.7079,2,240.6,1,29.44,2,13.89,2,0,2,1.77,2
52,77.5027,-148.0085,11893,151.5,150,-1.3979,32.6717,2,32.708,2,240.6,1,29.64,2,13.99,2,0,2,1.78,2
52,77.5027,-148.0085,11892,192.3,190,-1.4624,33.0728,2,33.1363,2,228.4,1,35.3,2,15.77,2,0,2,1.86,2
52,77.5027,-148.0085,11891,192.3,190,-1.4624,33.0728,2,33.1187,2,228.4,1,35.2,2,15.74,2,0,2,1.88,2
52,77.5027,-148.0085,11890,247.7,245,-0.9063,34.0732,2,34.093,2,222.9,1,19.83,2,13.12,2,0,2,1.23,2
52,77.5027,-148.0085,11889,247.7,245,-0.9063,34.0732,2,34.1359,2,222.9,1,18.95,2,12.98,2,0,2,1.18,2
52,77.5027,-148.0085,11888,353.9,350,0.5214,34.7342,2,34.7337,2,238.7,1,7.91,2,12.34,2,0,2,0.87,2
52,77.5027,-148.0085,11887,353.9,350,0.5214,34.7342,2,34.7335,2,238.7,1,7.91,2,12.36,2,0,2,0.87,2
52,77.5027,-148.0085,11886,455.3,450,0.8157,34.8293,2,34.8275,2,246.3,1,6.25,2,12.28,2,0,2,0.84,2
52,77.5027,-148.0085,11885,455.3,450,0.8157,34.8293,2,34.8291,2,246.3,1,6.15,2,12.28,2,0,2,0.85,2
52,77.5027,-148.0085,11884,607.4,600,0.6225,34.8531,2,34.8506,2,248.3,1,6.45,2,12.43,2,0,2,0.85,2
52,77.5027,-148.0085,11883,607.4,600,0.6225,34.8531,2,34.8473,2,248.3,1,6.45,2,12.47,2,0,2,0.84,2
52,77.4808,-147.9543,11950,608.2,601,0.6203,34.8532,2,34.8536,2,247.4,1,6.64,2,12.45,2,0,2,0.85,2
52,77.4808,-147.9543,11949,608.2,601,0.6203,34.8532,2,34.8524,2,247.4,1,6.64,2,12.49,2,0,2,0.84,2
52,77.4808,-147.9543,11948,912.5,901,0.1314,34.8699,2,34.8707,2,250.2,1,6.74,2,12.52,2,0,2,0.85,2
52,77.4808,-147.9543,11947,912.5,901,0.1314,34.8699,2,34.87,2,250.2,1,6.74,2,12.5,2,0,2,0.86,2
52,77.4808,-147.9543,11946,1217.2,1201,-0.1309,34.8897,2,34.8897,2,250.6,1,7.42,2,12.77,2,0,2,0.89,2
52,77.4808,-147.9543,11945,1217.2,1201,-0.1309,34.8897,2,34.8911,2,250.6,1,7.42,2,12.79,2,0,2,0.87,2
52,77.4808,-147.9543,11944,1522.6,1501,-0.2841,34.9104,2,34.9115,2,250.4,1,8.4,2,13.22,2,0,2,0.91,2
52,77.4808,-147.9543,11943,1522.6,1501,-0.2841,34.9104,2,34.9111,2,250.4,1,8.4,2,13.22,2,0,2,0.9,2
52,77.4808,-147.9543,11942,1828.3,1801,-0.3836,34.9297,2,34.9303,2,248.3,1,9.87,2,13.74,2,0,2,0.95,2
52,77.4808,-147.9543,11941,1828.3,1801,-0.3836,34.9297,2,34.9309,2,248.3,1,9.87,2,13.76,2,0,2,0.95,2
52,77.4808,-147.9543,11940,2083,2051,-0.4035,34.9415,2,34.9431,2,246.1,1,11.14,2,14.13,2,0,2,0.98,2
52,77.4808,-147.9543,11939,2083,2051,-0.4035,34.9415,2,34.9423,2,246.1,1,11.04,2,14.13,2,0,2,0.99,2
52,77.4808,-147.9543,11938,2491.8,2451,-0.3848,34.9512,2,34.9519,2,245.1,1,12.41,2,14.39,2,0,2,1.01,2
52,77.4808,-147.9543,11937,2491.8,2451,-0.3848,34.9512,2,34.9523,2,245.1,1,12.41,2,14.4,2,0,2,1,2
52,77.4808,-147.9543,11936,2901.3,2851,-0.342,34.9557,2,34.956,2,244.4,1,13.38,2,14.5,2,0,2,1.01,2
52,77.4808,-147.9543,11935,2901.3,2851,-0.342,34.9557,2,34.9562,2,244.4,1,13.38,2,14.48,2,0,2,1.01,2
52,77.4808,-147.9543,11934,3362.8,3301,-0.3013,34.9556,2,34.9564,2,247.1,1,13.38,2,14.46,2,0,2,1.03,2
52,77.4808,-147.9543,11933,3362.8,3301,-0.3013,34.9556,2,34.9562,2,247.1,1,13.38,2,14.46,2,0,2,1.03,2
52,77.4808,-147.9543,11932,3740.2,3669,-0.265,34.9554,2,34.955,2,250,1,13.38,2,14.5,2,0,2,1.03,2
52,77.4808,-147.9543,11931,3740.2,3669,-0.265,34.9554,2,34.9563,2,250,1,13.28,2,14.49,2,0,2,1.02,2
52,77.4808,-147.9543,11930,3817.4,3744,-0.2576,34.9553,2,34.9567,2,250.5,1,13.38,2,14.51,2,0,2,1.01,2
52,77.4808,-147.9543,11929,3817.4,3744,-0.2576,34.9553,2,34.9575,2,250.5,1,13.38,2,14.52,2,0,2,1.01,2
52,77.4808,-147.9543,11928,3868.7,3794,-0.2521,34.9555,2,34.9553,2,251.2,1,13.38,2,14.51,2,0,2,1.01,2
52,77.4808,-147.9543,11927,3868.7,3794,-0.2521,34.9555,2,34.957,2,251.2,1,13.38,2,14.45,2,0,2,1,2
53,76.9979,-148.801,-999,18.5,18,-1.1848,26.6956,2,-999,9,325.9,1,-999,9,-999,9,-999,9,-999,9
53,76.9979,-148.801,-999,18.5,18,-1.1848,26.6956,2,-999,9,325.9,1,-999,9,-999,9,-999,9,-999,9
53,76.9979,-148.801,-999,19.5,19,-1.0488,27.2082,2,-999,9,332.3,1,-999,9,-999,9,-999,9,-999,9
53,76.9979,-148.801,-999,19.5,19,-1.0488,27.2082,2,-999,9,332.3,1,-999,9,-999,9,-999,9,-999,9
53,76.9979,-148.801,11996,20.2,20,-0.7927,27.7748,2,28.3178,2,331.8,1,2.55,2,0,2,0,2,0.58,2
53,76.9979,-148.801,11995,20.2,20,-0.7927,27.7748,2,28.3628,2,331.8,1,2.65,2,0,2,0,2,0.58,2
53,76.9979,-148.801,11994,20.6,20,-0.5762,28.1098,2,28.3787,2,332.1,1,2.65,2,0.04,2,0,2,0.57,2
53,76.9979,-148.801,11993,20.6,20,-0.5762,28.1098,2,28.4071,2,332.1,1,2.55,2,0.01,2,0,2,0.58,2
53,76.9979,-148.801,-999,20.8,21,-0.5625,28.1217,2,-999,9,331.9,1,-999,9,-999,9,-999,9,-999,9
53,76.9979,-148.801,-999,20.8,21,-0.5625,28.1217,2,-999,9,331.9,1,-999,9,-999,9,-999,9,-999,9
53,76.9979,-148.801,11992,40.7,40,-0.6138,29.2127,2,29.3877,2,327.3,1,2.94,2,0,2,0,2,0.62,2
53,76.9979,-148.801,11991,40.7,40,-0.6138,29.2127,2,29.5508,2,327.3,1,3.24,2,0.06,2,0,2,0.65,2
53,76.9979,-148.801,11990,41.2,41,-0.6026,29.2497,2,29.5652,2,327,1,3.24,2,0.07,2,0,2,0.66,2
53,76.9979,-148.801,11989,41.2,41,-0.6026,29.2497,2,29.5537,2,327,1,3.24,2,0.06,2,0,2,0.65,2
53,76.9979,-148.801,-999,42.2,42,-0.6265,29.4178,2,-999,9,326,1,-999,9,-999,9,-999,9,-999,9
53,76.9979,-148.801,-999,42.2,42,-0.6265,29.4178,2,-999,9,326,1,-999,9,-999,9,-999,9,-999,9
53,76.9979,-148.801,11988,65.6,65,-0.0083,31.1719,2,31.2578,2,303.8,1,6.66,2,1.66,2,0.08,2,0.9,2
53,76.9979,-148.801,11987,65.6,65,-0.0083,31.1719,2,31.2945,2,303.8,1,7.15,2,2.11,2,0.06,2,0.92,2
53,76.9979,-148.801,11986,66.1,65,-0.1424,31.2088,2,31.4178,2,304,1,9.01,2,3.6,2,0.01,2,1.01,2
53,76.9979,-148.801,11985,66.1,65,-0.1424,31.2088,2,31.3353,2,304,1,7.93,2,2.71,2,0.04,2,0.95,2
53,76.9979,-148.801,-999,67.2,67,-0.2601,31.2359,2,-999,9,302.2,1,-999,9,-999,9,-999,9,-999,9
53,76.9979,-148.801,-999,67.2,67,-0.2601,31.2359,2,-999,9,302.2,1,-999,9,-999,9,-999,9,-999,9
53,76.9979,-148.801,-999,102.3,101,-1.0342,32.0839,2,-999,9,261.6,1,-999,9,-999,9,-999,9,-999,9
53,76.9979,-148.801,-999,102.3,101,-1.0342,32.0839,2,-999,9,261.6,1,-999,9,-999,9,-999,9,-999,9
54,76.4954,-149.5013,-999,19.9,20,-1.2306,26.3479,2,-999,9,320.1,1,-999,9,-999,9,-999,9,-999,9
54,76.4954,-149.5013,-999,19.9,20,-1.2306,26.3479,2,-999,9,320.1,1,-999,9,-999,9,-999,9,-999,9
54,76.4954,-149.5013,12013,19.9,20,-1.2163,26.3791,2,26.3619,2,320.5,1,2.46,2,0.01,2,0,2,0.52,2
54,76.4954,-149.5013,12012,19.9,20,-1.2163,26.3791,2,26.3587,2,320.5,1,2.46,2,0.01,2,0,2,0.52,2
54,76.4954,-149.5013,12011,20.6,20,-1.1953,26.4128,2,27.1167,2,320.1,1,2.55,2,0,2,0,2,0.54,2
54,76.4954,-149.5013,12010,20.6,20,-1.1953,26.4128,2,27.133,2,320.1,1,2.55,2,0.01,2,0,2,0.53,2
54,76.4954,-149.5013,-999,29.8,30,-0.7465,28.5457,2,-999,9,326,1,-999,9,-999,9,-999,9,-999,9
54,76.4954,-149.5013,-999,29.8,30,-0.7465,28.5457,2,-999,9,326,1,-999,9,-999,9,-999,9,-999,9
54,76.4954,-149.5013,12009,40.7,40,-1.0737,29.0789,2,29.2662,2,325.5,1,3.04,2,0,2,0,2,0.6,2
54,76.4954,-149.5013,12008,40.7,40,-1.0737,29.0789,2,29.318,2,325.5,1,3.04,2,0,2,0,2,0.6,2
54,76.4954,-149.5013,12007,41.2,41,-1.057,29.1142,2,29.1726,2,325.6,1,3.04,2,0.02,2,0,2,0.6,2
54,76.4954,-149.5013,12006,41.2,41,-1.057,29.1142,2,29.232,2,325.6,1,3.04,2,0,2,0,2,0.6,2
54,76.4954,-149.5013,-999,51,51,-0.4151,30.1777,2,-999,9,323,1,-999,9,-999,9,-999,9,-999,9
54,76.4954,-149.5013,-999,51,51,-0.4151,30.1777,2,-999,9,323,1,-999,9,-999,9,-999,9,-999,9
54,76.4954,-149.5013,12005,61.3,61,-0.2635,30.5912,2,30.8274,2,319.1,1,5.29,2,0.65,2,0.06,2,0.77,2
54,76.4954,-149.5013,12004,61.3,61,-0.2635,30.5912,2,30.7859,2,319.1,1,5,2,0.5,2,0.06,2,0.77,2
54,76.4954,-149.5013,12003,61.6,61,-0.2775,30.6221,2,30.9817,2,317.4,1,6.37,2,1.25,2,0.04,2,0.82,2
54,76.4954,-149.5013,12002,61.6,61,-0.2775,30.6221,2,30.8851,2,317.4,1,5.88,2,0.96,2,0.05,2,0.8,2
54,76.4954,-149.5013,-999,252.9,250,-1.0479,33.9338,2,34.0378,2,221.8,1,21.11,2,13.43,2,0,2,1.25,2
54,76.4954,-149.5013,-999,252.9,250,-1.0479,33.9338,2,34.0226,2,221.8,1,21.41,2,13.48,2,0,2,1.26,2
54,76.4954,-149.5013,-999,253.3,251,-1.0426,33.94,2,34.0263,2,221.7,1,21.6,2,13.55,2,0,2,1.26,2
54,76.4954,-149.5013,-999,253.3,251,-1.0426,33.94,2,34.0169,2,221.7,1,21.6,2,13.55,2,0,2,1.27,2
54,76.4954,-149.5013,-999,253.6,251,-1.0355,33.9454,2,34.047,2,221.9,1,20.92,2,13.42,2,0,2,1.24,2
54,76.4954,-149.5013,-999,253.6,251,-1.0355,33.9454,2,33.9677,2,221.9,1,22.78,2,13.75,2,0,2,1.32,2
56,75.0253,-150.0449,-999,608.1,601,0.589,34.8491,2,-999,9,244.6,1,-999,9,-999,9,-999,9,-999,9
56,75.0253,-150.0449,-999,608.1,601,0.589,34.8491,2,-999,9,244.6,1,-999,9,-999,9,-999,9,-999,9
56,75.0253,-150.0449,-999,608.3,601,0.5889,34.8491,2,-999,9,244.6,1,-999,9,-999,9,-999,9,-999,9
56,75.0253,-150.0449,-999,608.3,601,0.5889,34.8491,2,-999,9,244.6,1,-999,9,-999,9,-999,9,-999,9
56,75.0253,-150.0449,-999,608.4,601,0.5887,34.8489,2,-999,9,244.9,1,-999,9,-999,9,-999,9,-999,9
56,75.0253,-150.0449,-999,608.4,601,0.5887,34.8489,2,-999,9,244.9,1,-999,9,-999,9,-999,9,-999,9
56,75.0253,-150.0449,-999,608.5,601,0.5884,34.8489,2,-999,9,244.6,1,-999,9,-999,9,-999,9,-999,9
56,75.0253,-150.0449,-999,608.5,601,0.5884,34.8489,2,-999,9,244.6,1,-999,9,-999,9,-999,9,-999,9
56,75.0253,-150.0449,-999,608.6,601,0.5874,34.8488,2,-999,9,244.3,1,-999,9,-999,9,-999,9,-999,9
56,75.0253,-150.0449,-999,608.6,601,0.5874,34.8488,2,-999,9,244.3,1,-999,9,-999,9,-999,9,-999,9
56,75.0253,-150.0449,-999,810.3,800,0.2784,34.8636,2,-999,9,248.5,1,-999,9,-999,9,-999,9,-999,9
56,75.0253,-150.0449,-999,810.3,800,0.2784,34.8636,2,-999,9,248.5,1,-999,9,-999,9,-999,9,-999,9
56,75.0253,-150.0449,-999,1011.8,999,0.0225,34.8751,2,-999,9,250.6,1,-999,9,-999,9,-999,9,-999,9
56,75.0253,-150.0449,-999,1011.8,999,0.0225,34.8751,2,-999,9,250.6,1,-999,9,-999,9,-999,9,-999,9
56,75.0253,-150.0449,-999,1215.2,1199,-0.1447,34.8887,2,-999,9,251.3,1,-999,9,-999,9,-999,9,-999,9
56,75.0253,-150.0449,-999,1215.2,1199,-0.1447,34.8887,2,-999,9,251.3,1,-999,9,-999,9,-999,9,-999,9
56,75.0253,-150.0449,-999,1419.2,1400,-0.2592,34.902,2,-999,9,251.6,1,-999,9,-999,9,-999,9,-999,9
56,75.0253,-150.0449,-999,1419.2,1400,-0.2592,34.902,2,-999,9,251.6,1,-999,9,-999,9,-999,9,-999,9
56,75.0253,-150.0449,-999,1623.5,1600,-0.3383,34.9167,2,-999,9,251.2,1,-999,9,-999,9,-999,9,-999,9
56,75.0253,-150.0449,-999,1623.5,1600,-0.3383,34.9167,2,-999,9,251.2,1,-999,9,-999,9,-999,9,-999,9
56,75.0253,-150.0449,-999,2030.1,1999,-0.4045,34.9401,2,-999,9,247.9,1,-999,9,-999,9,-999,9,-999,9
56,75.0253,-150.0449,-999,2030.1,1999,-0.4045,34.9401,2,-999,9,247.9,1,-999,9,-999,9,-999,9,-999,9
56,75.0253,-150.0449,-999,2540.5,2499,-0.3781,34.9515,2,-999,9,246,1,-999,9,-999,9,-999,9,-999,9
56,75.0253,-150.0449,-999,2540.5,2499,-0.3781,34.9515,2,-999,9,246,1,-999,9,-999,9,-999,9,-999,9
57,73.3859,-156.5329,12042,20.4,20,-0.7966,26.8358,2,-999,9,329.5,1,-999,9,-999,9,-999,9,-999,9
57,73.3859,-156.5329,12041,20.4,20,-0.7966,26.8358,2,-999,9,329.5,1,-999,9,-999,9,-999,9,-999,9
57,73.3859,-156.5329,12040,37.2,37,-0.7956,28.5125,2,28.6082,2,331.2,1,2.75,2,0.01,2,0,2,0.6,2
57,73.3859,-156.5329,12039,37.2,37,-0.7956,28.5125,2,28.7195,2,331.2,1,2.85,2,0.01,2,0,2,0.6,2
57,73.3859,-156.5329,12038,58.2,58,0.4243,30.5816,2,30.6802,2,318,1,4.31,2,0,2,0,2,0.72,2
57,73.3859,-156.5329,12037,58.2,58,0.4243,30.5816,2,30.6551,2,318,1,4.21,2,0,2,0,2,0.72,2
57,73.3859,-156.5329,12036,67.1,66,0.1385,31.0035,2,31.1439,2,311.3,1,5.78,2,0.49,2,0.08,2,0.83,2
57,73.3859,-156.5329,12035,67.1,66,0.1385,31.0035,2,31.1706,2,311.3,1,5.88,2,0.61,2,0.09,2,0.84,2
57,73.3859,-156.5329,12034,86.4,86,-0.9936,31.7679,2,31.8473,2,273.4,1,14,2,7.31,2,0.02,2,1.28,2
57,73.3859,-156.5329,12033,86.4,86,-0.9936,31.7679,2,31.8531,2,273.4,1,13.9,2,7.31,2,0.01,2,1.28,2
57,73.3859,-156.5329,12032,106.2,105,-1.1121,32.1679,2,32.2029,2,256.8,1,21.34,2,10.63,2,0.01,2,1.53,2
57,73.3859,-156.5329,12031,106.2,105,-1.1121,32.1679,2,32.1895,2,256.8,1,20.95,2,10.53,2,0,2,1.52,2
57,73.3859,-156.5329,12030,127.1,126,-1.3541,32.4329,2,32.4388,2,250.6,1,25.15,2,11.97,2,0,2,1.62,2
57,73.3859,-156.5329,12029,127.1,126,-1.3541,32.4329,2,32.4402,2,250.6,1,25.25,2,12.02,2,0,2,1.63,2
57,73.3859,-156.5329,12028,187.4,185,-1.4797,33.0936,2,33.1342,2,228.1,1,33.94,2,15.59,2,0,2,1.82,2
57,73.3859,-156.5329,12027,187.4,185,-1.4797,33.0936,2,33.1309,2,228.1,1,34.04,2,15.73,2,0,2,1.83,2
57,73.3859,-156.5329,12026,236.6,234,-0.8691,34.0823,2,34.1086,2,229.5,1,17.98,2,12.55,2,0,2,1.15,2
57,73.3859,-156.5329,12025,236.6,234,-0.8691,34.0823,2,34.11,2,229.5,1,17.89,2,12.57,2,0,2,1.16,2
57,73.3859,-156.5329,12024,308.4,305,0.2645,34.6501,2,34.6495,2,232.7,1,10.45,2,12.73,2,0,2,0.94,2
57,73.3859,-156.5329,12023,308.4,305,0.2645,34.6501,2,34.6554,2,232.7,1,10.26,2,12.74,2,0,2,0.95,2
57,73.3859,-156.5329,12022,450.1,445,0.7729,34.8315,2,34.8291,2,244.5,1,7.03,2,12.55,2,0,2,0.86,2
57,73.3859,-156.5329,12021,450.1,445,0.7729,34.8315,2,34.8301,2,244.5,1,6.94,2,12.61,2,0,2,0.86,2
57,73.3859,-156.5329,12020,557.8,551,0.6185,34.8496,2,34.8492,2,246.9,1,7.03,2,12.59,2,0,2,0.86,2
57,73.3859,-156.5329,12019,557.8,551,0.6185,34.8496,2,34.849,2,246.9,1,7.03,2,12.5,2,0,2,0.86,2
57,73.4925,-156.8109,12145,557.6,551,0.6424,34.8481,2,34.8509,2,245.3,1,6.74,2,12.65,2,0,2,0.87,2
57,73.4925,-156.8109,12144,557.6,551,0.6424,34.8481,2,34.8493,2,245.3,1,6.74,2,12.52,2,0,2,0.86,2
57,73.4925,-156.8109,12143,668.8,661,0.4548,34.8582,2,34.858,2,247.3,1,6.64,2,12.51,2,0,2,0.86,2
57,73.4925,-156.8109,12142,668.8,661,0.4548,34.8582,2,34.8586,2,247.3,1,6.64,2,12.49,2,0,2,0.86,2
57,73.4925,-156.8109,12141,760.2,751,0.3055,34.8626,2,34.8627,2,248.8,1,6.54,2,12.41,2,0,2,0.86,2
57,73.4925,-156.8109,12140,760.2,751,0.3055,34.8626,2,34.8621,2,248.8,1,6.54,2,12.44,2,0,2,0.86,2
57,73.4925,-156.8109,12139,963.2,951,0.0241,34.8747,2,34.8768,2,250.4,1,6.74,2,12.57,2,0,2,0.87,2
57,73.4925,-156.8109,12138,963.2,951,0.0241,34.8747,2,34.876,2,250.4,1,6.74,2,12.6,2,0,2,0.88,2
57,73.4925,-156.8109,12137,1319.4,1302,-0.2332,34.8988,2,34.8994,2,251,1,7.62,2,12.97,2,0,2,0.9,2
57,73.4925,-156.8109,12136,1319.4,1302,-0.2332,34.8988,2,34.8992,2,251,1,7.62,2,13.01,2,0,2,0.9,2
57,73.4925,-156.8109,12135,1624.6,1602,-0.3599,34.9207,2,34.9234,2,249.9,1,8.99,2,13.5,2,0,2,0.95,2
57,73.4925,-156.8109,12134,1624.6,1602,-0.3599,34.9207,2,34.9208,2,249.9,1,8.89,2,13.62,2,0,2,0.95,2
57,73.4925,-156.8109,12133,2032.3,2002,-0.4056,34.9412,2,34.9427,2,246,1,11.23,2,14.19,2,0,2,0.98,2
57,73.4925,-156.8109,12132,2032.3,2002,-0.4056,34.9412,2,34.9387,2,246,1,11.13,2,14.26,2,0,2,1,2
57,73.4925,-156.8109,12131,2440.4,2401,-0.3811,34.9502,2,34.9481,2,245.1,1,12.4,2,14.4,2,0,2,1.01,2
57,73.4925,-156.8109,12130,2440.4,2401,-0.3811,34.9502,2,34.9444,2,245.1,1,12.4,2,14.52,2,0,2,1.01,2
57,73.4925,-156.8109,12129,2952.3,2902,-0.3384,34.9549,2,34.9544,2,246.2,1,12.99,2,14.59,2,0,2,1.01,2
57,73.4925,-156.8109,12128,2952.3,2902,-0.3384,34.9549,2,34.954,2,246.2,1,12.99,2,14.51,2,0,2,1.01,2
57,73.4925,-156.8109,12127,3424.3,3362,-0.295,34.9552,2,34.9564,2,248.4,1,13.09,2,14.53,2,0,2,1.02,2
57,73.4925,-156.8109,12126,3424.3,3362,-0.295,34.9552,2,34.954,2,248.4,1,13.09,2,14.55,2,0,2,1.01,2
57,73.4925,-156.8109,12125,3465.6,3402,-0.291,34.9551,2,34.9512,2,248.7,1,13.19,2,14.58,2,0,2,1.01,2
57,73.4925,-156.8109,12124,3465.6,3402,-0.291,34.9551,2,34.9542,2,248.7,1,13.19,2,14.54,2,0,2,1.02,2
57,73.4925,-156.8109,12123,3517.4,3452,-0.2861,34.9551,2,34.9544,2,249.2,1,13.19,2,14.57,2,0,2,1.01,2
57,73.4925,-156.8109,12122,3517.4,3452,-0.2861,34.9551,2,34.9547,2,249.2,1,13.28,2,14.54,2,0,2,1.01,2
57,73.3555,-156.8096,-999,20.5,20,-0.6278,27.2304,2,-999,9,334.7,1,-999,9,-999,9,-999,9,-999,9
57,73.3555,-156.8096,-999,20.5,20,-0.6278,27.2304,2,-999,9,334.7,1,-999,9,-999,9,-999,9,-999,9
57,73.3555,-156.8096,12161,20.5,20,-0.5511,27.3722,2,27.475,2,334.7,1,2.26,2,0.01,2,0,2,0.56,2
57,73.3555,-156.8096,12160,20.5,20,-0.5511,27.3722,2,27.5552,2,334.7,1,2.26,2,0.02,2,0,2,0.56,2
57,73.3555,-156.8096,12159,20.9,21,-0.526,27.4274,2,27.4967,2,334.7,1,2.26,2,0.01,2,0,2,0.56,2
57,73.3555,-156.8096,12158,20.9,21,-0.526,27.4274,2,27.5022,2,334.7,1,2.26,2,0.02,2,0,2,0.56,2
57,73.3555,-156.8096,-999,21.3,21,-0.5636,27.4555,2,-999,9,334.2,1,-999,9,-999,9,-999,9,-999,9
57,73.3555,-156.8096,-999,21.3,21,-0.5636,27.4555,2,-999,9,334.2,1,-999,9,-999,9,-999,9,-999,9
57,73.3555,-156.8096,12157,187.4,185,-1.4775,33.1135,2,33.1238,2,228.4,1,34.13,2,15.87,2,0,2,1.81,2
57,73.3555,-156.8096,12156,187.4,185,-1.4775,33.1135,2,33.1404,2,228.4,1,33.94,2,15.82,2,0,2,1.83,2
57,73.3555,-156.8096,12155,187.8,186,-1.4772,33.1171,2,33.1489,2,228.5,1,33.74,2,15.79,2,0,2,1.83,2
57,73.3555,-156.8096,12154,187.8,186,-1.4772,33.1171,2,33.1425,2,228.5,1,33.94,2,15.82,2,0,2,1.83,2
57,73.3555,-156.8096,-999,187.9,186,-1.4765,33.1224,2,-999,9,228.6,1,-999,9,-999,9,-999,9,-999,9
57,73.3555,-156.8096,-999,187.9,186,-1.4765,33.1224,2,-999,9,228.6,1,-999,9,-999,9,-999,9,-999,9
57,73.3555,-156.8096,12153,449.6,444,0.7466,34.831,2,34.8269,2,243.6,1,7.23,2,12.87,2,0,2,0.88,2
57,73.3555,-156.8096,12152,449.6,444,0.7466,34.831,2,34.8287,2,243.6,1,7.33,2,12.78,2,0,2,0.88,2
57,73.3555,-156.8096,12151,449.8,445,0.7463,34.831,2,34.8295,2,243.6,1,7.23,2,12.77,2,0,2,0.88,2
57,73.3555,-156.8096,12150,449.8,445,0.7463,34.831,2,34.8279,2,243.6,1,7.23,2,12.77,2,0,2,0.88,2
57,73.3555,-156.8096,-999,450.4,445,0.7455,34.831,2,-999,9,243.6,1,-999,9,-999,9,-999,9,-999,9
57,73.3555,-156.8096,-999,450.4,445,0.7455,34.831,2,-999,9,243.6,1,-999,9,-999,9,-999,9,-999,9
57,73.3555,-156.8096,12149,556.6,550,0.5705,34.8505,2,34.8484,2,246.4,1,7.13,2,12.71,2,0,2,0.87,2
57,73.3555,-156.8096,12148,556.6,550,0.5705,34.8505,2,34.846,2,246.4,1,7.13,2,12.73,2,0,2,0.87,2
57,73.3555,-156.8096,12147,557.1,551,0.5687,34.8505,2,34.85,2,246.4,1,7.13,2,12.71,2,0,2,0.87,2
57,73.3555,-156.8096,12146,557.1,551,0.5687,34.8505,2,34.8175,3,246.4,1,7.13,2,12.63,2,0,2,0.87,2
60,72.9989,-158.8455,12227,25.1,25,1.6373,29.3987,2,29.7764,2,294.4,1,4.22,2,0.19,2,0.02,2,0.65,2
60,72.9989,-158.8455,12226,25.1,25,1.6373,29.3987,2,30.0614,2,294.4,1,3.73,2,0.14,2,0.01,2,0.66,2
60,72.9989,-158.8455,12225,36.7,36,-0.8848,30.0417,2,30.2945,3,331,1,3.82,2,0.21,2,0.02,2,0.69,2
60,72.9989,-158.8455,12224,36.7,36,-0.8848,30.0417,2,30.4093,3,331,1,3.82,2,0.17,2,0.01,2,0.7,2
60,72.9989,-158.8455,12223,44.6,44,-0.5376,30.4837,2,30.841,3,330.8,1,5.19,2,0.27,2,0.05,2,0.73,2
60,72.9989,-158.8455,12222,44.6,44,-0.5376,30.4837,2,30.8657,3,330.8,1,5.19,2,0.24,2,0.05,2,0.74,2
60,72.9989,-158.8455,12221,57.5,57,1.784,31.1502,2,31.1663,4,295.7,1,7.25,4,0.61,4,0.14,4,0.78,4
60,72.9989,-158.8455,12220,57.5,57,1.784,31.1502,2,31.2508,2,295.7,1,7.74,2,0.98,2,0.18,2,0.84,2
60,72.9989,-158.8455,12219,111.6,110,-1.3806,32.4203,2,32.4437,2,249.8,1,25.05,2,12.13,2,0.03,2,1.6,2
60,72.9989,-158.8455,12218,111.6,110,-1.3806,32.4203,2,32.5143,2,249.8,1,25.54,2,12.36,2,0.03,2,1.61,2
60,72.9989,-158.8455,12217,139,138,-1.349,33.0682,2,33.1635,2,225.5,1,32.08,2,14.82,2,0.09,2,1.73,2
60,72.9989,-158.8455,12216,139,138,-1.349,33.0682,2,33.151,2,225.5,1,32.28,2,14.85,2,0.09,2,1.76,2
60,72.9989,-158.8455,12215,243,240,0.1504,34.6148,2,34.6246,2,232.2,1,11.33,2,13.02,2,0,2,0.98,2
60,72.9989,-158.8455,12214,243,240,0.1504,34.6148,2,34.6345,2,232.2,1,11.43,2,13.05,2,0,2,0.99,2
60,72.9989,-158.8455,12213,339.3,336,0.6792,34.8163,2,34.8177,2,241.1,1,7.91,2,12.78,2,0,2,0.89,2
60,72.9989,-158.8455,12212,339.3,336,0.6792,34.8163,2,34.8285,2,241.1,1,7.91,2,12.89,2,0,2,0.89,2
60,72.9989,-158.8455,12211,419.9,415,0.5742,34.8453,2,34.8499,2,245,1,7.52,2,12.75,2,0.01,2,0.89,2
60,72.9989,-158.8455,12210,419.9,415,0.5742,34.8453,2,34.8468,2,245,1,7.52,2,12.77,2,0.01,2,0.88,2
60,72.9989,-158.8455,12209,668.4,660,0.4045,34.8557,2,34.8566,2,247.3,1,7.72,2,12.75,2,0.02,2,0.91,2
60,72.9989,-158.8455,12208,668.4,660,0.4045,34.8557,2,34.8562,2,247.3,1,7.72,2,12.74,2,0.02,2,0.93,2
60,72.9989,-158.8455,12207,871,860,0.3796,34.858,2,34.8588,2,248.2,1,7.62,2,12.66,2,0.02,2,0.91,2
60,72.9989,-158.8455,12206,871,860,0.3796,34.858,2,34.8584,2,248.2,1,7.52,2,12.71,2,0.02,2,0.91,2
60,72.9989,-158.8455,12205,896.5,885,0.3409,34.86,2,34.8615,2,248.7,1,7.52,2,12.72,2,0.01,2,0.89,2
60,72.9989,-158.8455,12204,896.5,885,0.3409,34.86,2,34.8541,2,248.7,1,7.52,2,12.69,2,0.01,2,0.9,2
61,72.7978,-159.6242,-999,20.3,20,1.069,31.2162,2,-999,9,293.3,1,-999,9,-999,9,-999,9,-999,9
61,72.7978,-159.6242,-999,20.3,20,1.069,31.2162,2,-999,9,293.3,1,-999,9,-999,9,-999,9,-999,9
61,72.7978,-159.6242,-999,20.4,20,1.051,31.2323,2,-999,9,293.3,1,-999,9,-999,9,-999,9,-999,9
61,72.7978,-159.6242,-999,20.4,20,1.051,31.2323,2,-999,9,293.3,1,-999,9,-999,9,-999,9,-999,9
61,72.7978,-159.6242,12272,20.6,20,1.0403,31.2417,2,31.3523,2,293.4,1,7.44,2,0.44,2,0,2,0.6,2
61,72.7978,-159.6242,12271,20.6,20,1.0403,31.2417,2,31.3329,2,293.4,1,7.15,2,0.38,2,0,2,0.59,2
61,72.7978,-159.6242,12270,21,21,1.0286,31.2495,2,31.3784,2,293.1,1,7.54,2,0.58,2,0,2,0.62,2
61,72.7978,-159.6242,12269,21,21,1.0286,31.2495,2,31.403,2,293.1,1,7.83,2,0.7,2,0.02,2,0.62,2
61,72.7978,-159.6242,-999,22.1,22,0.9675,31.2964,2,-999,9,293.1,1,-999,9,-999,9,-999,9,-999,9
61,72.7978,-159.6242,-999,22.1,22,0.9675,31.2964,2,-999,9,293.1,1,-999,9,-999,9,-999,9,-999,9
61,72.7978,-159.6242,-999,22.3,22,0.9642,31.3039,2,-999,9,293.3,1,-999,9,-999,9,-999,9,-999,9
61,72.7978,-159.6242,-999,22.3,22,0.9642,31.3039,2,-999,9,293.3,1,-999,9,-999,9,-999,9,-999,9
61,72.7978,-159.6242,12268,55.5,55,-1.6582,32.6127,2,32.6106,2,187.4,1,56.06,2,17.12,2,0.12,2,2.2,2
61,72.7978,-159.6242,12267,55.5,55,-1.6582,32.6127,2,32.6118,2,187.4,1,56.15,2,17.18,2,0.12,2,2.21,2
61,72.7978,-159.6242,12266,55.8,55,-1.6597,32.6153,2,32.6142,2,187,1,56.54,2,17.22,2,0.12,2,2.22,2
61,72.7978,-159.6242,12265,55.8,55,-1.6597,32.6153,2,32.6195,2,187,1,57.42,2,17.32,2,0.13,2,2.26,2
61,72.7978,-159.6242,-999,56.2,56,-1.6606,32.6166,2,-999,9,187.1,1,-999,9,-999,9,-999,9,-999,9
61,72.7978,-159.6242,-999,56.2,56,-1.6606,32.6166,2,-999,9,187.1,1,-999,9,-999,9,-999,9,-999,9
61,72.7978,-159.6242,-999,56.7,56,-1.6614,32.618,2,-999,9,186.3,1,-999,9,-999,9,-999,9,-999,9
61,72.7978,-159.6242,-999,56.7,56,-1.6614,32.618,2,-999,9,186.3,1,-999,9,-999,9,-999,9,-999,9
61,72.7978,-159.6242,12264,80.5,80,-1.6708,32.6374,2,32.6358,2,180.8,1,60.26,2,17.54,2,0.14,2,2.33,2
61,72.7978,-159.6242,12263,80.5,80,-1.6708,32.6374,2,32.6364,2,180.8,1,60.46,2,17.53,2,0.14,2,2.36,2
61,72.7978,-159.6242,12262,81.2,80,-1.6706,32.6373,2,32.6376,2,180.8,1,60.36,2,17.53,2,0.14,2,2.34,2
61,72.7978,-159.6242,12261,81.2,80,-1.6706,32.6373,2,32.6388,2,180.8,1,60.36,2,17.49,2,0.14,2,2.34,2
66,71.9966,-162.496,-999,12.5,12,0.8668,30.7034,2,-999,9,293.4,1,-999,9,-999,9,-999,9,-999,9
66,71.9966,-162.496,-999,12.5,12,0.8668,30.7034,2,-999,9,293.4,1,-999,9,-999,9,-999,9,-999,9
66,71.9966,-162.496,12302,12.8,13,0.8638,30.7032,2,30.7046,2,293.4,1,4.11,2,0.03,2,0,2,0.42,2
66,71.9966,-162.496,12301,12.8,13,0.8638,30.7032,2,30.7061,2,293.4,1,4.11,2,0.02,2,0.01,2,0.41,2
66,71.9966,-162.496,12300,12.9,13,0.8632,30.703,2,30.7052,2,293.4,1,4.02,2,0.01,2,0.01,2,0.41,2
66,71.9966,-162.496,12299,12.9,13,0.8632,30.703,2,30.7048,2,293.4,1,4.02,2,0.01,2,0.01,2,0.4,2
66,71.9966,-162.496,12298,13.1,13,0.8643,30.7029,2,30.7581,2,293.4,1,3.92,2,0,2,0.01,2,0.41,2
66,71.9966,-162.496,12297,13.1,13,0.8643,30.7029,2,30.723,2,293.4,1,4.02,2,0,2,0.01,2,0.4,2
66,71.9966,-162.496,-999,13.4,13,0.8688,30.7025,2,-999,9,293.4,1,-999,9,-999,9,-999,9,-999,9
66,71.9966,-162.496,-999,13.4,13,0.8688,30.7025,2,-999,9,293.4,1,-999,9,-999,9,-999,9,-999,9
66,71.9966,-162.496,12296,20.2,20,0.8652,30.7037,2,31.0429,2,293.7,1,3.82,2,0.11,2,0.02,2,0.47,2
66,71.9966,-162.496,12295,20.2,20,0.8652,30.7037,2,31.0454,2,293.7,1,3.13,2,0.01,2,0.01,2,0.44,2
66,71.9966,-162.496,12294,20.4,20,0.8667,30.7055,2,30.9208,2,293.9,1,3.33,2,0.01,2,0.01,2,0.44,2
66,71.9966,-162.496,12293,20.4,20,0.8667,30.7055,2,30.8415,2,293.9,1,3.53,2,0.01,2,0.01,2,0.42,2
66,71.9966,-162.496,12292,20.7,21,0.8685,30.7073,2,30.9506,2,293.4,1,3.33,2,0.01,2,0.01,2,0.43,2
66,71.9966,-162.496,12291,20.7,21,0.8685,30.7073,2,31.1442,2,293.4,1,3.13,2,0.03,2,0.01,2,0.47,2
66,71.9966,-162.496,-999,21.6,21,0.9039,30.749,2,-999,9,292.3,1,-999,9,-999,9,-999,9,-999,9
66,71.9966,-162.496,-999,21.6,21,0.9039,30.749,2,-999,9,292.3,1,-999,9,-999,9,-999,9,-999,9
66,71.9966,-162.496,12290,27.9,28,1.3419,31.4707,2,31.451,2,284.8,1,3.92,2,0.24,2,0.03,2,0.57,2
66,71.9966,-162.496,12289,27.9,28,1.3419,31.4707,2,31.4065,2,284.8,1,3.82,2,0.21,2,0.02,2,0.55,2
66,71.9966,-162.496,12288,28.3,28,1.3261,31.5081,2,31.463,2,282,1,3.62,2,0.19,2,0.03,2,0.56,2
66,71.9966,-162.496,12287,28.3,28,1.3261,31.5081,2,31.4427,2,282,1,4.01,2,0.25,2,0.02,2,0.57,2
66,71.9966,-162.496,12286,29.1,29,1.3246,31.537,2,31.2951,2,275.7,1,5.19,2,0.36,2,0.03,2,0.61,2
66,71.9966,-162.496,12285,29.1,29,1.3246,31.537,2,31.3742,2,275.7,1,4.7,2,0.3,2,0.03,2,0.61,2
