STNNBR,LATITUDE,LONGITUDE,GEOTRC_SAMPNO,depth,SILCAT,SILCAT_FLAG_W,NITRAT,NITRAT_FLAG_W,NITRIT,NITRIT_FLAG_W,PHSPHT,PHSPHT_FLAG_W
1,-12.01,-79.20,2070,3198,150.90,2,37.01,2,0.00,2,2.68,2
1,-12.01,-79.20,2069,3198,150.90,2,37.04,2,0.00,2,2.67,2
1,-12.01,-79.20,2068,3599,148.65,2,36.73,2,0.00,2,2.66,2
1,-12.01,-79.20,2020,3599,148.36,2,36.74,2,0.00,2,2.66,2
1,-12.01,-79.20,2019,3999,142.60,2,36.09,2,0.00,2,2.62,2
1,-12.01,-79.20,2018,3999,142.70,2,36.09,2,0.00,2,2.62,2
1,-12.01,-79.20,2017,4399,135.57,2,35.36,2,0.00,2,2.56,2
1,-12.01,-79.20,2016,4399,135.57,2,35.37,2,0.00,2,2.56,2
1,-12.01,-79.20,2015,4599,133.72,2,35.10,2,0.00,2,2.54,2
1,-12.01,-79.20,2014,4599,133.53,2,35.12,2,0.00,2,2.54,2
1,-12.01,-79.20,2013,4799,135.87,4,35.35,4,0.00,4,2.57,4
1,-12.01,-79.20,2012,4799,133.04,2,35.00,2,0.00,2,2.55,2
1,-12.01,-79.20,2011,5049,132.35,2,34.95,2,0.00,2,2.54,2
1,-12.01,-79.20,2010,5049,132.45,2,34.91,2,0.00,2,2.54,2
1,-12.01,-79.20,2009,5149,131.87,2,34.90,2,0.00,2,2.54,2
1,-12.01,-79.20,2008,5149,131.96,2,34.88,2,0.00,2,2.54,2
1,-12.01,-79.20,2007,5323,131.67,2,34.83,2,0.00,2,2.53,2
1,-12.01,-79.20,2006,5323,131.77,2,34.83,2,0.00,2,2.54,2
1,-12.01,-79.20,2005,5398,131.87,2,34.82,2,0.00,2,2.54,2
1,-12.01,-79.20,2004,5398,131.38,2,34.78,2,0.00,2,2.53,2
1,-12.01,-79.20,2003,5449,131.87,2,34.85,2,0.00,2,2.54,2
1,-12.01,-79.20,2002,5449,131.96,2,34.82,2,0.00,2,2.54,2
1,-12.01,-79.20,2001,5498,132.16,2,34.83,2,0.00,2,2.54,2
1,-12.01,-79.20,2000,5498,132.16,2,34.88,2,0.00,2,2.54,2
1,-12.01,-79.20,2127,20,2.63,2,7.48,2,0.60,2,0.95,2
1,-12.01,-79.20,2126,20,2.63,2,7.51,2,0.60,2,0.98,2
1,-12.01,-79.20,2125,30,2.15,2,7.79,2,0.62,2,1.05,2
1,-12.01,-79.20,2124,30,2.05,2,7.77,2,0.62,2,1.05,2
1,-12.01,-79.20,2123,45,1.27,2,7.42,2,0.60,2,1.32,2
1,-12.01,-79.20,2122,45,1.27,2,7.42,2,0.60,2,1.30,2
1,-12.01,-79.20,2121,66,3.81,2,9.59,2,0.67,2,1.47,2
1,-12.01,-79.20,2120,66,3.90,2,9.63,2,0.67,2,1.47,2
1,-12.01,-79.20,2119,80,21.57,2,17.56,2,3.26,2,2.64,2
1,-12.01,-79.20,2118,80,21.27,2,17.92,2,3.02,2,2.63,2
1,-12.01,-79.20,2117,131,24.88,2,22.87,2,2.22,2,2.43,2
1,-12.01,-79.20,2116,131,24.88,2,22.98,2,2.18,2,2.44,2
1,-12.01,-79.20,2115,181,28.11,2,20.32,2,5.14,2,2.45,2
1,-12.01,-79.20,2114,181,28.11,2,20.30,2,5.13,2,2.46,2
1,-12.01,-79.20,2113,211,27.33,2,25.57,2,1.76,2,2.50,2
1,-12.01,-79.20,2112,211,27.33,2,25.56,2,1.75,2,2.50,2
1,-12.01,-79.20,2111,235,31.23,2,14.80,2,8.94,2,2.53,2
1,-12.01,-79.20,2110,235,31.33,2,14.77,2,8.97,2,2.55,2
1,-12.01,-79.20,2109,261,28.79,2,25.64,2,3.03,2,2.53,2
1,-12.01,-79.20,2108,261,28.79,2,25.55,2,3.10,2,2.54,2
1,-12.01,-79.20,2107,300,30.84,2,23.70,2,5.44,2,2.57,2
1,-12.01,-79.20,2106,300,30.94,2,23.53,2,5.57,2,2.58,2
1,-12.01,-79.20,2105,375,32.70,2,34.49,2,0.00,2,2.76,2
1,-12.01,-79.20,2104,375,32.89,2,34.47,2,0.00,2,2.75,2
1,-12.01,-79.20,2239,375,33.97,2,35.06,2,0.00,2,2.78,2
1,-12.01,-79.20,2238,375,34.06,2,35.10,2,0.00,2,2.78,2
1,-12.01,-79.20,2237,451,39.73,2,39.39,2,0.00,2,2.96,2
1,-12.01,-79.20,2236,451,39.43,2,39.36,2,0.00,2,2.95,2
1,-12.01,-79.20,2235,550,48.32,2,43.16,2,0.00,2,3.14,2
1,-12.01,-79.20,2234,550,48.22,2,43.13,2,0.00,2,3.14,2
1,-12.01,-79.20,2233,676,57.20,2,45.34,2,0.00,2,3.24,2
1,-12.01,-79.20,2232,676,56.81,2,45.35,2,0.00,2,3.23,2
1,-12.01,-79.20,2231,800,68.62,2,45.63,2,0.00,2,3.27,2
1,-12.01,-79.20,2230,800,68.82,2,45.61,2,0.00,2,3.25,2
1,-12.01,-79.20,2229,1001,85.61,2,43.69,2,0.00,2,3.17,2
1,-12.01,-79.20,2228,1001,85.61,2,43.77,2,0.00,2,3.18,2
1,-12.01,-79.20,2227,1200,102.20,2,42.44,2,0.00,2,3.10,2
1,-12.01,-79.20,2226,1200,102.11,2,42.43,2,0.00,2,3.09,2
1,-12.01,-79.20,2225,1600,129.82,2,40.65,2,0.00,2,2.99,2
1,-12.01,-79.20,2224,1600,129.92,2,40.77,2,0.00,2,3.00,2
1,-12.01,-79.20,2223,2001,142.80,2,39.20,2,0.00,2,2.86,2
1,-12.01,-79.20,2222,2001,143.10,2,39.17,2,0.00,2,2.86,2
1,-12.01,-79.20,2221,2401,144.95,2,37.63,2,0.00,2,2.72,2
1,-12.01,-79.20,2220,2401,145.63,2,37.66,2,0.00,2,2.73,2
1,-12.01,-79.20,2219,2803,148.95,2,37.35,2,0.00,2,2.69,2
1,-12.01,-79.20,2218,2803,149.14,2,37.37,2,0.00,2,2.69,2
1,-12.01,-79.20,2217,3202,150.41,2,37.03,2,0.00,2,2.67,2
1,-12.01,-79.20,2216,3202,150.41,2,37.07,2,0.00,2,2.67,2
1,-11.91,-79.27,2091,3,1.66,2,8.25,2,0.60,2,0.91,2
2,-12.04,-77.38,2263,20,11.61,2,14.45,2,1.25,2,2.19,2
2,-12.04,-77.38,2262,20,10.34,2,13.61,2,1.37,2,2.10,2
2,-12.04,-77.38,2261,38,16.10,2,17.49,2,0.69,2,2.44,2
2,-12.04,-77.38,2260,38,16.10,2,17.52,2,0.69,2,2.44,2
2,-12.04,-77.38,2259,55,21.76,2,20.78,2,0.41,2,2.60,2
2,-12.04,-77.38,2258,55,21.86,2,20.97,2,0.31,2,2.61,2
2,-12.04,-77.38,2257,70,30.55,2,16.97,2,5.20,2,2.50,2
2,-12.04,-77.38,2256,70,29.67,2,17.69,2,4.81,2,2.51,2
2,-12.04,-77.38,2255,90,33.08,2,17.00,2,5.74,2,2.49,2
2,-12.04,-77.38,2254,90,33.18,2,17.15,2,5.48,2,2.49,2
2,-12.04,-77.38,2253,110,47.82,2,1.06,2,4.89,2,2.55,2
2,-12.04,-77.38,2252,110,47.82,2,1.10,2,4.93,2,2.53,2
2,-12.05,-77.43,2293,4,7.32,2,7.11,2,0.41,2,1.51,2
3,-12.05,-77.66,2309,20,19.32,2,19.09,2,1.13,2,2.56,2
3,-12.05,-77.66,2308,20,19.42,2,19.07,2,1.16,2,2.57,2
3,-12.05,-77.66,2307,30,23.52,2,15.17,2,2.94,2,2.60,2
3,-12.05,-77.66,2306,30,24.01,2,14.70,2,3.23,2,2.61,2
3,-12.05,-77.66,2305,34,27.13,2,12.58,2,5.49,2,2.55,2
3,-12.05,-77.66,2304,34,26.93,2,13.32,2,5.38,2,2.52,2
3,-12.05,-77.66,2303,50,32.40,3,6.15,2,9.30,2,2.51,2
3,-12.05,-77.66,2302,50,34.35,3,6.15,2,9.29,2,2.51,2
3,-12.05,-77.66,2301,69,29.57,2,14.85,2,6.93,2,2.49,2
3,-12.05,-77.66,2300,69,29.67,2,14.70,2,7.01,2,2.50,2
3,-12.05,-77.66,2299,90,31.23,2,11.61,2,8.83,2,2.53,2
3,-12.05,-77.66,2298,90,31.13,2,11.66,2,8.81,2,2.53,2
3,-12.05,-77.66,2297,130,31.81,2,11.79,2,9.43,2,2.55,2
3,-12.05,-77.66,2296,130,31.81,2,11.69,2,9.47,2,2.55,2
3,-12.05,-77.66,2295,171,32.01,2,21.86,2,2.91,2,2.54,2
3,-12.05,-77.66,2294,171,31.91,2,21.80,2,2.96,2,2.53,2
3,-12.04,-77.71,2343,4,1.76,2,5.13,2,0.25,2,1.09,2
4,-12.04,-77.82,2367,20,4.10,2,12.31,2,0.56,2,1.81,2
4,-12.04,-77.82,2366,20,4.39,2,12.54,2,0.55,2,1.83,2
4,-12.04,-77.82,2365,50,21.08,2,20.47,2,0.39,2,2.60,2
4,-12.04,-77.82,2364,50,21.08,2,20.58,2,0.35,2,2.59,2
4,-12.04,-77.82,2363,66,25.08,2,19.46,2,3.30,2,2.49,2
4,-12.04,-77.82,2362,66,25.28,2,19.76,2,3.24,2,2.48,2
4,-12.04,-77.82,2361,110,32.01,2,8.60,2,10.56,2,2.52,2
4,-12.04,-77.82,2360,110,32.11,2,8.59,2,10.58,2,2.53,2
4,-12.04,-77.82,2359,140,30.55,2,13.59,2,8.59,2,2.53,2
4,-12.04,-77.82,2358,140,30.55,2,13.14,2,8.83,2,2.51,2
4,-12.04,-77.82,2357,202,28.99,2,22.48,2,5.07,2,2.53,2
4,-12.04,-77.82,2356,202,28.99,2,22.54,2,5.00,2,2.52,2
4,-12.04,-77.82,2355,300,33.96,2,27.16,2,3.71,2,2.68,2
4,-12.04,-77.82,2354,300,33.87,2,27.18,2,3.72,2,2.67,2
4,-12.04,-77.82,2353,402,39.53,2,35.23,2,0.88,2,2.92,2
4,-12.04,-77.82,2352,402,39.73,2,35.37,2,0.86,2,2.92,2
4,-12.04,-77.82,2351,501,48.12,2,41.23,2,0.00,2,3.08,2
4,-12.04,-77.82,2350,501,48.02,2,41.12,2,0.00,2,3.08,2
4,-12.04,-77.82,2349,601,55.44,2,43.50,2,0.00,2,3.18,2
4,-12.04,-77.82,2348,601,55.44,2,43.57,2,0.00,2,3.18,2
4,-12.04,-77.82,2347,676,61.89,2,44.96,2,0.00,2,3.23,2
4,-12.04,-77.82,2346,676,61.79,2,44.93,2,0.00,2,3.23,2
4,-12.04,-77.82,2345,756,71.85,2,44.77,2,0.00,2,3.24,2
4,-12.04,-77.82,2344,756,71.85,2,44.90,2,0.00,2,3.25,2
4,-12.05,-77.87,2400,4,2.63,2,6.48,2,0.26,2,1.16,2
5,-12.04,-78.17,2426,500,46.56,2,41.72,2,0.00,2,3.05,2
5,-12.04,-78.17,2425,500,46.56,2,41.83,2,0.00,2,3.06,2
5,-12.04,-78.17,2424,600,56.62,2,44.14,2,0.00,2,3.17,2
5,-12.04,-78.17,2423,600,56.52,2,44.19,2,0.00,2,3.18,2
5,-12.04,-78.17,2422,801,67.55,2,45.17,2,0.00,2,3.22,2
5,-12.04,-78.17,2421,801,67.84,2,45.24,2,0.00,2,3.23,2
5,-12.04,-78.17,2420,1000,90.39,2,43.24,2,0.00,2,3.17,2
5,-12.04,-78.17,2419,1000,90.20,2,43.26,2,0.00,2,3.17,2
5,-12.04,-78.17,2418,1200,109.72,2,41.83,2,0.00,2,3.11,2
5,-12.04,-78.17,2417,1200,106.89,2,41.43,2,0.06,2,3.09,2
5,-12.04,-78.17,2416,1399,127.48,2,40.76,2,0.00,2,3.05,2
5,-12.04,-78.17,2415,1399,127.97,2,40.76,2,0.00,2,3.06,2
5,-12.04,-78.17,2414,1600,136.66,2,40.21,2,0.00,2,3.01,2
5,-12.04,-78.17,2413,1600,136.75,2,40.21,2,0.00,2,3.02,2
5,-12.04,-78.17,2412,1800,141.92,2,39.58,2,0.00,2,2.98,2
5,-12.04,-78.17,2411,1800,141.44,2,39.58,2,0.00,2,2.97,2
5,-12.04,-78.17,2410,1901,143.39,2,39.42,2,0.00,2,2.96,2
5,-12.04,-78.17,2409,1901,143.68,2,39.38,2,0.00,2,2.96,2
5,-12.04,-78.17,2408,2000,145.73,2,39.10,2,0.00,2,2.95,2
5,-12.04,-78.17,2407,2000,146.02,2,39.24,2,0.00,2,2.95,2
5,-12.04,-78.17,2406,2050,147.19,2,39.12,2,0.00,2,2.94,2
5,-12.04,-78.17,2405,2050,147.10,2,39.14,2,0.00,2,2.94,2
5,-12.04,-78.17,2404,2060,147.39,2,39.08,2,0.00,2,2.95,2
5,-12.04,-78.17,2403,2060,147.00,2,39.11,2,0.00,2,2.94,2
5,-12.04,-78.17,2482,20,4.98,2,11.58,2,0.46,2,1.37,2
5,-12.04,-78.17,2481,20,4.78,2,11.53,2,0.45,2,1.36,2
5,-12.04,-78.17,2480,39,7.22,2,15.98,2,0.49,2,1.88,2
5,-12.04,-78.17,2479,39,5.95,2,14.51,2,0.56,2,1.81,2
5,-12.04,-78.17,2478,55,-999.00,9,-999.00,9,-999.00,9,-999.00,9
5,-12.04,-78.17,2477,55,17.08,2,20.44,2,0.81,2,2.28,2
5,-12.04,-78.17,2476,75,32.01,2,4.30,2,9.57,2,2.46,2
5,-12.04,-78.17,2475,75,32.01,2,4.16,2,9.54,2,2.45,2
5,-12.04,-78.17,2474,84,31.91,2,6.56,2,9.24,2,2.45,2
5,-12.04,-78.17,2473,84,31.72,2,6.43,2,9.18,2,2.44,2
5,-12.04,-78.17,2472,121,29.08,2,15.76,3,6.37,3,2.40,2
5,-12.04,-78.17,2471,121,29.86,2,13.73,3,7.41,3,2.40,2
5,-12.04,-78.17,2470,150,27.91,2,21.32,2,3.87,2,2.39,2
5,-12.04,-78.17,2469,150,-999.00,5,-999.00,5,-999.00,5,-999.00,5
5,-12.04,-78.17,2468,200,29.96,2,18.95,2,6.28,2,2.44,2
5,-12.04,-78.17,2467,200,29.96,2,18.73,2,6.43,2,2.46,2
5,-12.04,-78.17,2466,267,30.84,2,21.43,2,6.41,2,2.48,2
5,-12.04,-78.17,2465,267,30.84,2,21.41,2,6.45,2,2.51,2
5,-12.04,-78.17,2464,331,34.26,2,24.67,2,6.04,2,2.63,2
5,-12.04,-78.17,2463,331,34.26,2,24.64,2,5.99,2,2.63,2
5,-12.04,-78.17,2462,380,36.02,2,33.21,2,1.38,2,2.73,2
5,-12.04,-78.17,2461,380,36.02,2,33.15,2,1.39,2,2.72,2
5,-12.04,-78.17,2460,501,45.29,2,41.62,2,0.00,2,2.99,2
5,-12.04,-78.17,2459,501,45.29,2,41.61,2,0.00,2,2.97,2
5,-12.05,-78.31,2496,3,2.54,2,9.77,2,0.41,2,1.09,2
6,-12.00,-81.50,3100,20,4.10,2,14.63,2,0.52,2,1.32,2
6,-12.00,-81.50,3099,20,4.00,2,14.75,2,0.52,2,1.33,2
6,-12.00,-81.50,3098,50,3.90,2,9.29,2,0.61,2,1.26,2
6,-12.00,-81.50,3097,50,4.00,2,9.29,2,0.60,2,1.25,2
6,-12.00,-81.50,3096,81,-999.00,9,-999.00,9,-999.00,9,-999.00,9
6,-12.00,-81.50,3095,81,4.98,2,12.33,2,0.53,2,1.36,2
6,-12.00,-81.50,3094,95,17.57,2,22.84,2,0.40,2,2.47,2
6,-12.00,-81.50,3093,95,19.03,2,21.66,2,0.72,2,2.51,2
6,-12.00,-81.50,3092,127,26.54,2,13.55,2,4.25,2,2.60,2
6,-12.00,-81.50,3091,127,26.35,2,13.28,2,4.27,2,2.60,2
6,-12.00,-81.50,3090,150,28.01,2,18.96,2,3.85,2,2.53,2
6,-12.00,-81.50,3089,150,28.01,2,18.73,2,3.90,2,2.54,2
6,-12.00,-81.50,3088,181,27.52,2,26.28,2,1.38,2,2.51,2
6,-12.00,-81.50,3087,181,27.52,2,26.29,2,1.37,2,2.51,2
6,-12.00,-81.50,3086,301,31.13,2,33.12,2,0.02,2,2.61,2
6,-12.00,-81.50,3085,301,31.23,2,33.19,2,0.02,2,2.62,2
6,-12.00,-81.50,3084,401,36.11,2,34.20,2,0.97,2,2.84,2
6,-12.00,-81.50,2793,401,36.11,2,34.23,2,0.96,2,2.83,2
6,-12.00,-81.50,2792,602,49.49,2,43.57,2,0.00,2,3.15,2
6,-12.00,-81.50,2791,602,49.39,2,43.59,2,0.00,2,3.14,2
6,-12.00,-81.50,2790,802,67.16,2,45.22,2,0.00,2,3.24,2
6,-12.00,-81.50,2500,802,67.26,2,45.22,2,0.00,2,3.25,2
6,-12.00,-81.50,2499,1001,83.36,2,43.60,2,0.00,2,3.19,2
6,-12.00,-81.50,2498,1001,83.17,2,43.61,2,0.00,2,3.18,2
6,-12.00,-81.53,3117,4,4.20,2,14.89,2,0.50,2,1.33,2
7,-12.00,-84.00,3143,20,4.68,2,14.27,2,0.42,2,1.03,2
7,-12.00,-84.00,3142,20,4.78,2,14.29,2,0.42,2,1.00,2
7,-12.00,-84.00,3141,40,4.68,2,14.31,2,0.42,2,1.01,2
7,-12.00,-84.00,3140,40,4.78,2,14.27,2,0.43,2,1.00,2
7,-12.00,-84.00,3139,60,4.68,2,14.34,2,0.42,2,1.00,2
7,-12.00,-84.00,3138,60,4.68,2,14.34,2,0.42,2,1.00,2
7,-12.00,-84.00,3137,80,6.93,2,17.54,2,0.91,2,1.58,2
7,-12.00,-84.00,3136,80,7.22,2,17.87,2,0.82,2,1.60,2
7,-12.00,-84.00,3135,110,24.98,2,18.56,2,3.13,2,2.49,2
7,-12.00,-84.00,3134,110,25.08,2,18.45,2,3.16,2,2.49,2
7,-12.00,-84.00,3133,126,26.74,2,17.69,2,4.18,2,2.49,2
7,-12.00,-84.00,3132,126,26.84,2,17.81,2,4.16,2,2.49,2
7,-12.00,-84.00,3131,150,27.72,2,21.14,2,3.64,2,2.47,2
7,-12.00,-84.00,3130,150,27.72,2,21.13,2,3.64,2,2.48,2
7,-12.00,-84.00,3129,181,27.72,2,24.17,2,2.84,2,2.46,2
7,-12.00,-84.00,3128,181,27.62,2,24.29,2,2.77,2,2.47,2
7,-12.00,-84.00,3127,251,29.96,2,24.00,2,4.01,2,2.56,2
7,-12.00,-84.00,3126,251,30.06,2,23.97,2,3.93,2,2.57,2
7,-12.00,-84.00,3125,300,33.28,2,22.68,2,6.99,2,2.63,2
7,-12.00,-84.00,3124,300,33.38,2,22.66,2,7.01,2,2.64,2
7,-12.00,-84.00,3123,350,34.16,2,32.21,2,1.38,2,2.72,2
7,-12.00,-84.00,3122,350,34.36,2,32.25,2,1.33,2,2.72,2
7,-12.00,-84.00,3121,400,36.41,2,36.65,2,0.00,2,2.81,2
7,-12.00,-84.00,3120,400,36.60,2,36.62,2,0.00,2,2.81,2
7,-12.00,-84.00,3220,2501,145.05,2,37.77,2,0.00,2,2.77,2
7,-12.00,-84.00,3219,2501,145.63,2,37.85,2,0.00,2,2.79,2
7,-12.00,-84.00,3218,2750,147.39,2,37.39,2,0.00,2,2.75,2
7,-12.00,-84.00,3217,2750,147.00,2,37.37,2,0.00,2,2.76,2
7,-12.00,-84.00,3216,3000,147.97,2,37.16,2,0.00,2,2.74,2
7,-12.00,-84.00,3215,3000,148.46,2,37.29,2,0.00,2,2.75,2
7,-12.00,-84.00,3214,3251,145.04,2,36.81,2,0.00,2,2.70,2
7,-12.00,-84.00,3213,3251,144.56,2,36.76,2,0.00,2,2.70,2
7,-12.00,-84.00,3212,3500,138.80,2,36.10,2,0.00,2,2.65,2
7,-12.00,-84.00,3211,3500,139.77,2,36.15,2,0.00,2,2.65,2
7,-12.00,-84.00,3210,3625,141.63,4,36.50,4,0.00,4,2.67,4
7,-12.00,-84.00,3209,3625,138.41,2,35.97,2,0.00,2,2.64,2
7,-12.00,-84.00,3208,3750,137.14,2,35.88,2,0.00,2,2.63,2
7,-12.00,-84.00,3207,3750,137.04,2,35.87,2,0.00,2,2.63,2
7,-12.00,-84.00,3206,3999,136.36,2,35.74,2,0.00,2,2.61,2
7,-12.00,-84.00,3205,3999,136.06,2,35.67,2,0.00,2,2.61,2
7,-12.00,-84.00,3204,4251,135.87,2,35.70,2,0.00,2,2.62,2
7,-12.00,-84.00,3203,4251,135.67,2,35.68,2,0.00,2,2.62,2
7,-12.00,-84.00,3202,4374,135.48,2,35.64,2,0.00,2,2.61,2
7,-12.00,-84.00,3201,4374,136.06,2,35.72,2,0.00,2,2.61,2
7,-12.00,-84.00,3200,4500,135.87,2,35.71,2,0.00,2,2.61,2
7,-12.00,-84.00,3199,4500,136.16,2,35.71,2,0.00,2,2.62,2
7,-12.00,-84.00,3198,4550,136.16,2,35.68,2,0.00,2,2.61,2
7,-12.00,-84.00,3197,4550,136.26,2,35.63,2,0.00,2,2.61,2
7,-12.00,-84.00,3254,400,38.46,2,37.53,2,0.00,2,2.82,2
7,-12.00,-84.00,3253,400,38.75,2,37.60,2,0.00,2,2.85,2
7,-12.00,-84.00,3252,450,40.90,2,39.92,2,0.00,2,2.94,2
7,-12.00,-84.00,3251,450,40.90,2,39.96,2,0.00,2,2.93,2
7,-12.00,-84.00,3250,500,42.56,2,41.42,2,0.00,2,2.94,2
7,-12.00,-84.00,3249,500,42.46,2,41.45,2,0.00,2,2.94,2
7,-12.00,-84.00,3248,625,51.93,2,44.26,2,0.00,2,3.12,2
7,-12.00,-84.00,3247,625,52.22,2,44.32,2,0.00,2,3.11,2
7,-12.00,-84.00,3246,750,63.16,2,45.74,2,0.00,2,3.21,2
7,-12.00,-84.00,3245,750,63.26,2,45.67,2,0.00,2,3.21,2
7,-12.00,-84.00,3244,1000,84.93,2,43.51,2,0.00,2,3.12,2
7,-12.00,-84.00,3243,1000,85.02,2,43.52,2,0.00,2,3.12,2
7,-12.00,-84.00,3242,1251,107.47,2,42.07,2,0.00,2,3.07,2
7,-12.00,-84.00,3241,1251,107.86,2,42.04,2,0.00,2,3.07,2
7,-12.00,-84.00,3240,1500,124.07,2,41.09,2,0.00,2,3.01,2
7,-12.00,-84.00,3239,1500,123.77,2,41.12,2,0.00,2,3.02,2
7,-12.00,-84.00,3238,1750,134.90,2,39.95,2,0.00,2,2.92,2
7,-12.00,-84.00,3237,1750,135.09,2,39.97,2,0.00,2,2.93,2
7,-12.00,-84.00,3236,2002,142.12,2,39.05,2,0.00,2,2.85,2
7,-12.00,-84.00,3235,2002,142.90,2,39.16,2,0.00,2,2.86,2
7,-12.00,-84.00,3234,2250,145.24,2,38.34,2,0.00,2,2.79,2
7,-12.00,-84.00,3233,2250,144.66,2,38.34,2,0.00,2,2.78,2
7,-12.00,-84.00,3232,2501,146.31,2,37.65,2,0.00,2,2.71,2
7,-12.00,-84.00,3231,2501,147.19,2,37.74,2,0.00,2,2.72,2
7,-11.98,-84.03,3176,4,4.88,2,14.22,2,0.43,2,1.01,2
8,-12.00,-86.50,3292,20,4.39,2,12.27,2,0.39,2,1.10,2
8,-12.00,-86.50,3291,20,4.39,2,12.25,2,0.39,2,1.08,2
8,-12.00,-86.50,3290,50,4.20,2,12.50,2,0.51,2,1.22,2
8,-12.00,-86.50,3289,50,4.20,2,12.47,2,0.51,2,1.21,2
8,-12.00,-86.50,3288,101,10.74,2,20.87,2,0.05,2,1.95,2
8,-12.00,-86.50,3287,101,10.83,2,20.93,2,0.05,2,1.94,2
8,-12.00,-86.50,3286,126,28.98,2,11.45,2,5.91,2,2.63,2
8,-12.00,-86.50,3285,126,29.28,2,11.43,2,5.92,2,2.62,2
8,-12.00,-86.50,3284,161,29.08,2,19.10,2,3.77,2,2.60,2
8,-12.00,-86.50,3283,161,29.08,2,19.26,2,3.69,2,2.60,2
8,-12.00,-86.50,3282,226,29.18,2,32.12,2,0.00,2,2.52,2
8,-12.00,-86.50,3281,226,29.28,2,32.17,2,0.00,2,2.52,2
8,-12.00,-86.50,3280,281,32.01,2,32.40,2,0.03,2,2.63,2
8,-12.00,-86.50,3279,281,32.40,2,32.40,2,0.03,2,2.63,2
8,-12.00,-86.50,3278,325,33.28,2,34.33,2,0.00,2,2.67,2
8,-12.00,-86.50,3277,325,33.28,2,34.24,2,0.00,2,2.66,2
8,-12.00,-86.50,3276,451,37.29,2,38.82,2,0.00,2,2.82,2
8,-12.00,-86.50,3275,451,37.19,2,38.76,2,0.00,2,2.82,2
8,-12.00,-86.50,3274,627,47.93,2,43.31,2,0.00,2,3.05,2
8,-12.00,-86.50,3273,627,47.83,2,43.31,2,0.00,2,3.05,2
8,-12.00,-86.50,3272,801,66.28,2,45.33,2,0.00,2,3.22,2
8,-12.00,-86.50,3271,801,66.28,2,45.46,2,0.00,2,3.23,2
8,-12.00,-86.50,3270,1001,85.61,2,43.46,2,0.00,2,3.16,2
8,-12.00,-86.50,3269,1001,85.41,2,43.49,2,0.00,2,3.15,2
8,-12.00,-86.52,3310,4,4.29,2,12.28,2,0.39,2,1.08,2
9,-12.00,-89.00,3334,2250,143.78,2,38.43,2,0.00,2,2.84,2
9,-12.00,-89.00,3333,2250,144.27,2,38.46,2,0.00,2,2.85,2
9,-12.00,-89.00,3332,2500,144.07,2,37.57,2,0.00,2,2.77,2
9,-12.00,-89.00,3331,2500,143.87,2,37.59,2,0.00,2,2.78,2
9,-12.00,-89.00,3330,2750,143.97,2,37.10,2,0.00,2,2.74,2
9,-12.00,-89.00,3329,2750,144.36,2,37.16,2,0.00,2,2.74,2
9,-12.00,-89.00,3328,3000,140.85,2,36.52,2,0.00,2,2.69,2
9,-12.00,-89.00,3327,3000,140.75,2,36.52,2,0.00,2,2.69,2
9,-12.00,-89.00,3326,3250,138.11,2,36.16,2,0.00,2,2.66,2
9,-12.00,-89.00,3325,3250,138.41,2,36.20,2,0.00,2,2.66,2
9,-12.00,-89.00,3324,3501,137.04,2,35.98,2,0.00,2,2.65,2
9,-12.00,-89.00,3323,3501,137.82,2,36.06,2,0.00,2,2.65,2
9,-12.00,-89.00,3322,3751,137.53,2,36.12,2,0.00,2,2.65,2
9,-12.00,-89.00,3321,3751,137.62,2,36.13,2,0.00,2,2.65,2
9,-12.00,-89.00,3320,4000,138.02,2,36.13,2,0.00,2,2.66,2
9,-12.00,-89.00,3319,4000,138.11,2,36.08,2,0.00,2,2.65,2
9,-12.00,-89.00,3318,4050,138.02,2,36.06,2,0.00,2,2.65,2
9,-12.00,-89.00,3317,4050,138.31,2,36.09,2,0.00,2,2.65,2
9,-12.00,-89.00,3316,4074,138.50,2,36.12,2,0.00,2,2.65,2
9,-12.00,-89.00,3315,4074,138.60,2,36.18,2,0.00,2,2.66,2
9,-12.00,-89.00,3314,4099,138.70,2,36.13,2,0.00,2,2.65,2
9,-12.00,-89.00,3313,4099,138.89,2,36.18,2,0.00,2,2.65,2
9,-12.00,-89.00,3312,4114,138.80,2,36.16,2,0.00,2,2.66,2
9,-12.00,-89.00,3311,4114,138.70,2,36.12,2,0.00,2,2.65,2
9,-12.00,-89.00,3391,20,5.37,2,13.90,2,0.45,2,1.15,2
9,-12.00,-89.00,3390,20,5.46,2,13.90,2,0.45,2,1.15,2
9,-12.00,-89.00,3389,41,5.37,2,13.81,2,0.45,2,1.16,2
9,-12.00,-89.00,3388,41,5.37,2,13.87,2,0.45,2,1.15,2
9,-12.00,-89.00,3387,60,4.39,2,13.26,2,0.52,2,1.25,2
9,-12.00,-89.00,3386,60,4.49,2,13.26,2,0.52,2,1.24,2
9,-12.00,-89.00,3385,100,15.52,2,23.30,2,0.06,2,2.36,2
9,-12.00,-89.00,3384,100,15.81,2,23.32,2,0.06,2,2.37,2
9,-12.00,-89.00,3383,120,24.20,2,16.03,2,2.10,2,2.62,2
9,-12.00,-89.00,3382,120,24.30,2,15.94,2,2.12,2,2.62,2
9,-12.00,-89.00,3381,136,28.01,2,10.51,2,5.70,2,2.62,2
9,-12.00,-89.00,3380,136,28.11,2,10.44,2,5.74,2,2.62,2
9,-12.00,-89.00,3379,155,28.59,2,13.35,2,5.08,2,2.61,2
9,-12.00,-89.00,3378,155,28.59,2,13.42,2,5.07,2,2.61,2
9,-12.00,-89.00,3377,175,29.57,2,14.97,2,5.08,2,2.60,2
9,-12.00,-89.00,3376,175,29.47,2,14.96,2,5.08,2,2.61,2
9,-12.00,-89.00,3375,201,29.77,2,16.97,2,5.06,2,2.60,2
9,-12.00,-89.00,3374,201,29.77,2,16.97,2,5.07,2,2.61,2
9,-12.00,-89.00,3373,250,28.89,2,28.63,2,0.66,2,2.58,2
9,-12.00,-89.00,3372,250,28.89,2,28.67,2,0.65,2,2.59,2
9,-12.00,-89.00,3371,300,30.84,2,32.37,2,0.02,2,2.64,2
9,-12.00,-89.00,3370,300,30.74,2,32.32,2,0.01,2,2.64,2
9,-12.00,-89.00,3369,351,32.40,2,35.34,2,0.00,2,2.72,2
9,-12.00,-89.00,3368,351,32.60,2,35.39,2,0.00,2,2.72,2
9,-12.00,-89.00,3442,351,32.50,2,34.38,2,0.00,2,2.71,2
9,-12.00,-89.00,3441,351,32.70,2,34.41,2,0.00,2,2.71,2
9,-12.00,-89.00,3440,399,35.82,2,37.55,2,0.00,2,2.82,2
9,-12.00,-89.00,3439,399,35.92,2,37.58,2,0.00,2,2.82,2
9,-12.00,-89.00,3438,450,39.34,2,40.13,2,0.00,2,2.90,2
9,-12.00,-89.00,3437,450,38.85,2,39.73,2,0.03,2,2.88,2
9,-12.00,-89.00,3436,500,42.46,2,41.74,2,0.00,2,2.98,2
9,-12.00,-89.00,3435,500,42.66,2,41.71,2,0.00,2,2.98,2
9,-12.00,-89.00,3434,625,52.91,2,44.31,2,0.00,2,3.13,2
9,-12.00,-89.00,3433,625,52.91,2,44.47,2,0.00,2,3.12,2
9,-12.00,-89.00,3432,750,61.01,2,44.10,2,0.00,2,3.10,2
9,-12.00,-89.00,3431,750,61.11,2,44.13,2,0.00,2,3.10,2
9,-12.00,-89.00,3430,1000,83.66,2,43.24,2,0.00,2,3.13,2
9,-12.00,-89.00,3429,1000,83.66,2,43.27,2,0.00,2,3.13,2
9,-12.00,-89.00,3428,1250,103.86,2,41.85,2,0.00,2,3.07,2
9,-12.00,-89.00,3427,1250,103.76,2,41.82,2,0.00,2,3.07,2
9,-12.00,-89.00,3426,1500,119.77,2,40.68,2,0.00,2,3.01,2
9,-12.00,-89.00,3425,1500,119.48,2,40.77,2,0.00,2,3.02,2
9,-12.00,-89.00,3424,1749,131.87,2,39.72,2,0.00,2,2.95,2
9,-12.00,-89.00,3423,1749,131.68,2,39.72,2,0.00,2,2.95,2
9,-12.00,-89.00,3422,2002,140.07,2,39.13,2,0.00,2,2.91,2
9,-12.00,-89.00,3421,2002,139.78,2,39.06,2,0.00,2,2.90,2
9,-12.00,-89.00,3420,2251,144.27,2,38.37,2,0.00,2,2.84,2
9,-12.00,-89.00,3419,2251,143.78,2,38.33,2,0.00,2,2.84,2
9,-11.95,-89.06,3404,4,5.37,2,13.81,2,0.46,2,1.14,2
10,-12.00,-91.50,3479,21,2.63,2,8.04,2,0.40,2,0.88,2
10,-12.00,-91.50,3478,21,2.73,2,8.03,2,0.41,2,0.87,2
10,-12.00,-91.50,3477,71,2.34,2,6.52,2,0.47,2,0.83,2
10,-12.00,-91.50,3476,71,2.44,2,6.44,2,0.45,2,0.81,2
10,-12.00,-91.50,3475,131,9.56,2,19.27,2,0.02,2,1.81,2
10,-12.00,-91.50,3474,131,9.56,2,19.29,2,0.02,2,1.79,2
10,-12.00,-91.50,3473,166,25.96,2,19.15,2,2.11,2,2.59,2
10,-12.00,-91.50,3472,166,25.86,2,19.08,2,2.11,2,2.58,2
10,-12.00,-91.50,3471,201,27.33,2,26.50,2,0.18,2,2.55,2
10,-12.00,-91.50,3470,201,27.52,2,26.46,2,0.18,2,2.55,2
10,-12.00,-91.50,3469,250,29.08,2,31.50,2,0.00,2,2.57,2
10,-12.00,-91.50,3468,250,29.08,2,31.55,2,0.00,2,2.57,2
10,-12.00,-91.50,3467,301,-999.00,5,-999.00,5,-999.00,5,-999.00,5
10,-12.00,-91.50,3466,301,32.21,2,34.78,2,0.00,2,2.61,2
10,-12.00,-91.50,3465,400,36.21,2,38.21,2,0.00,2,2.73,2
10,-12.00,-91.50,3464,400,36.21,2,38.19,2,0.00,2,2.72,2
10,-12.00,-91.50,3463,502,40.31,2,40.45,2,0.00,2,2.83,2
10,-12.00,-91.50,3462,502,40.41,2,40.39,2,0.00,2,2.83,2
10,-12.00,-91.50,3461,602,47.73,2,43.03,2,0.00,2,3.00,2
10,-12.00,-91.50,3460,602,47.83,2,43.02,2,0.00,2,3.00,2
10,-12.00,-91.50,3459,803,65.79,2,44.36,2,0.00,2,3.10,2
10,-12.00,-91.50,3458,803,65.60,2,44.26,2,0.00,2,3.10,2
10,-12.00,-91.50,3457,1001,82.00,2,42.15,2,0.00,2,3.02,2
10,-12.00,-91.50,3456,1001,82.10,2,42.24,2,0.00,2,3.02,2
10,-12.00,-91.55,3494,4,2.44,2,7.86,2,0.41,2,0.86,2
11,-12.00,-94.00,3519,1750,129.24,2,39.34,2,0.00,2,2.87,2
11,-12.00,-94.00,3518,1750,129.04,2,39.37,2,0.00,2,2.89,2
11,-12.00,-94.00,3517,2000,137.34,2,38.48,2,0.00,2,2.82,2
11,-12.00,-94.00,3516,2000,138.12,2,38.52,2,0.00,2,2.84,2
11,-12.00,-94.00,3515,2251,138.80,2,37.46,2,0.00,2,2.75,2
11,-12.00,-94.00,3514,2251,139.58,2,37.55,2,0.00,2,2.76,2
11,-12.00,-94.00,3513,2500,135.87,2,36.28,2,0.00,2,2.65,2
11,-12.00,-94.00,3512,2500,136.06,2,36.31,2,0.00,2,2.65,2
11,-12.00,-94.00,3511,2752,137.82,2,36.03,2,0.00,2,2.63,2
11,-12.00,-94.00,3510,2752,138.31,2,36.08,2,0.00,2,2.64,2
11,-12.00,-94.00,3509,3001,140.65,2,36.11,2,0.00,2,2.64,2
11,-12.00,-94.00,3508,3001,141.53,2,36.23,2,0.00,2,2.65,2
11,-12.00,-94.00,3507,3251,141.14,2,36.21,2,0.00,2,2.65,2
11,-12.00,-94.00,3506,3251,139.58,2,36.46,2,0.00,2,2.66,2
11,-12.00,-94.00,3505,3376,140.75,2,36.25,2,0.00,2,2.65,2
11,-12.00,-94.00,3504,3376,141.33,2,36.30,2,0.00,2,2.65,2
11,-12.00,-94.00,3503,3500,141.72,2,36.31,2,0.00,2,2.65,2
11,-12.00,-94.00,3502,3500,141.43,2,36.30,2,0.00,2,2.65,2
11,-12.00,-94.00,3501,3602,142.02,2,36.37,2,0.00,2,2.65,2
11,-12.00,-94.00,3500,3602,142.02,2,36.37,2,0.00,2,2.65,2
11,-12.00,-94.00,3499,3626,141.43,2,36.32,2,0.00,2,2.65,2
11,-12.00,-94.00,3498,3626,141.24,2,36.28,2,0.00,2,2.65,2
11,-12.00,-94.00,3497,3645,141.92,2,36.32,2,0.00,2,2.65,2
11,-12.00,-94.00,3496,3645,142.21,2,36.31,2,0.00,2,2.65,2
11,-12.00,-94.00,3567,21,3.22,2,9.42,2,0.33,2,0.85,2
11,-12.00,-94.00,3566,21,3.32,2,9.44,2,0.34,2,0.85,2
11,-12.00,-94.00,3565,40,3.22,2,9.39,2,0.34,2,0.86,2
11,-12.00,-94.00,3564,40,3.32,2,9.42,2,0.34,2,0.86,2
11,-12.00,-94.00,3563,75,2.54,2,6.59,2,0.41,2,0.80,2
11,-12.00,-94.00,3562,75,2.63,2,6.61,2,0.41,2,0.80,2
11,-12.00,-94.00,3561,110,2.34,2,7.07,2,0.94,2,0.86,2
11,-12.00,-94.00,3560,110,2.44,2,6.98,2,0.98,2,0.85,2
11,-12.00,-94.00,3559,130,4.88,2,14.30,2,0.04,2,1.30,2
11,-12.00,-94.00,3558,130,4.98,2,14.36,2,0.04,2,1.30,2
11,-12.00,-94.00,3557,157,11.32,2,20.52,2,0.02,2,1.94,2
11,-12.00,-94.00,3556,157,10.83,2,20.32,2,0.02,2,1.89,2
11,-12.00,-94.00,3555,180,22.15,2,20.56,2,0.02,2,2.58,2
11,-12.00,-94.00,3554,180,22.15,2,20.54,2,0.02,2,2.57,2
11,-12.00,-94.00,3553,201,26.06,2,18.95,2,0.44,2,2.64,2
11,-12.00,-94.00,3552,201,26.16,2,19.05,2,0.37,2,2.64,2
11,-12.00,-94.00,3551,220,28.01,2,18.45,2,2.43,2,2.63,2
11,-12.00,-94.00,3550,220,27.91,2,18.51,2,2.41,2,2.63,2
11,-12.00,-94.00,3549,236,27.43,2,22.92,2,0.92,2,2.64,2
11,-12.00,-94.00,3548,236,27.43,2,22.96,2,0.92,2,2.64,2
11,-12.00,-94.00,3547,260,27.33,2,27.14,2,0.00,2,2.64,2
11,-12.00,-94.00,3546,260,27.33,2,27.09,2,0.00,2,2.64,2
11,-12.00,-94.00,3545,320,30.65,2,33.83,2,0.00,2,2.62,2
11,-12.00,-94.00,3544,320,30.94,2,33.95,2,0.00,2,2.63,2
11,-12.00,-94.00,3636,321,32.21,2,35.02,2,0.00,2,2.63,2
11,-12.00,-94.00,3635,321,32.21,2,35.06,2,0.00,2,2.65,2
11,-12.00,-94.00,3634,351,33.28,2,36.30,2,0.00,2,2.68,2
11,-12.00,-94.00,3633,351,33.38,2,36.37,2,0.00,2,2.68,2
11,-12.00,-94.00,3632,401,34.94,2,38.11,2,0.00,2,2.73,2
11,-12.00,-94.00,3631,401,34.94,2,38.15,2,0.00,2,2.73,2
11,-12.00,-94.00,3630,500,40.70,2,41.14,2,0.00,2,2.87,2
11,-12.00,-94.00,3629,500,40.80,2,41.21,2,0.00,2,2.87,2
11,-12.00,-94.00,3628,601,47.73,2,42.39,2,0.00,2,2.92,2
11,-12.00,-94.00,3627,601,47.83,2,42.42,2,0.00,2,2.92,2
11,-12.00,-94.00,3626,701,58.28,2,44.43,2,0.00,2,3.08,2
11,-12.00,-94.00,3625,701,58.28,2,44.43,2,0.00,2,3.08,2
11,-12.00,-94.00,3624,801,65.60,2,44.16,2,0.00,2,3.07,2
11,-12.00,-94.00,3623,801,65.70,2,44.12,2,0.00,2,3.07,2
11,-12.00,-94.00,3622,901,74.38,2,43.39,2,0.00,2,3.05,2
11,-12.00,-94.00,3621,901,74.38,2,43.36,2,0.00,2,3.05,2
11,-12.00,-94.00,3620,1002,83.56,2,42.50,2,0.00,2,3.02,2
11,-12.00,-94.00,3619,1002,83.46,2,42.52,2,0.00,2,3.02,2
11,-12.00,-94.00,3618,1251,104.25,2,41.43,2,0.00,2,2.99,2
11,-12.00,-94.00,3617,1251,104.64,2,41.50,2,0.00,2,3.00,2
11,-12.00,-94.00,3616,1502,121.33,2,40.65,2,0.00,2,2.96,2
11,-12.00,-94.00,3615,1502,121.23,2,40.67,2,0.00,2,2.96,2
11,-12.00,-94.00,3614,1751,131.29,2,39.61,2,0.00,2,2.87,2
11,-12.00,-94.00,3613,1751,131.77,2,39.57,2,0.00,2,2.88,2
11,-11.94,-94.06,3580,3,3.32,2,9.52,2,0.33,2,0.84,2
12,-13.00,-96.50,3725,25,2.83,2,6.33,2,0.20,2,0.67,2
12,-13.00,-96.50,3724,25,2.93,2,6.43,2,0.20,2,0.66,2
12,-13.00,-96.50,3723,50,1.56,2,1.72,2,0.23,2,0.53,2
12,-13.00,-96.50,3722,50,1.66,2,1.72,2,0.23,2,0.52,2
12,-13.00,-96.50,3721,120,1.17,2,1.55,2,0.47,2,0.50,2
12,-13.00,-96.50,3720,120,1.27,2,1.54,2,0.48,2,0.49,2
12,-13.00,-96.50,3719,160,3.12,2,10.42,2,0.07,2,1.00,2
12,-13.00,-96.50,3718,160,3.12,2,10.26,2,0.06,2,0.99,2
12,-13.00,-96.50,3717,211,24.20,2,21.83,2,0.00,2,2.59,2
12,-13.00,-96.50,3716,211,24.20,2,21.82,2,0.00,2,2.58,2
12,-13.00,-96.50,3715,231,26.45,2,24.16,2,0.35,2,2.57,2
12,-13.00,-96.50,3714,231,26.55,2,24.26,2,0.32,2,2.58,2
12,-13.00,-96.50,3713,246,26.84,2,27.10,2,0.00,2,2.56,2
12,-13.00,-96.50,3712,246,26.84,2,27.14,2,0.00,2,2.57,2
12,-13.00,-96.50,3711,301,28.79,2,32.75,2,0.00,2,2.54,2
12,-13.00,-96.50,3710,301,28.79,2,32.81,2,0.00,2,2.54,2
12,-13.00,-96.50,3709,401,33.67,2,37.21,2,0.00,2,2.64,2
12,-13.00,-96.50,3708,401,33.77,2,37.23,2,0.00,2,2.64,2
12,-13.00,-96.50,3707,501,39.44,2,39.81,2,0.00,2,2.75,2
12,-13.00,-96.50,3706,501,39.24,2,39.81,2,0.00,2,2.75,2
12,-13.00,-96.50,3705,751,59.06,2,43.73,2,0.00,2,3.06,2
12,-13.00,-96.50,3704,751,58.86,2,43.68,2,0.00,2,3.04,2
12,-13.00,-96.50,3703,1001,83.66,2,42.81,2,0.00,2,3.07,2
12,-13.00,-96.50,3702,1001,83.85,2,42.81,2,0.00,2,3.07,2
12,-13.01,-96.52,3739,3,2.93,2,6.34,2,0.20,2,0.67,2
13,-14.00,-99.00,3764,2400,130.60,2,36.07,2,0.00,2,2.62,2
13,-14.00,-99.00,3763,2400,130.99,2,36.13,2,0.00,2,2.62,2
13,-14.00,-99.00,3762,2601,133.43,2,35.82,2,0.00,2,2.61,2
13,-14.00,-99.00,3761,2601,133.82,2,35.86,2,0.00,2,2.61,2
13,-14.00,-99.00,3760,2800,86.68,4,42.60,4,0.00,4,3.08,4
13,-14.00,-99.00,3759,2800,86.77,4,42.65,4,0.00,4,3.08,4
13,-14.00,-99.00,3758,3000,138.80,2,36.19,2,0.00,2,2.64,2
13,-14.00,-99.00,3757,3000,138.99,2,36.21,2,0.00,2,2.65,2
13,-14.00,-99.00,3756,3200,141.33,2,36.35,2,0.00,2,2.66,2
13,-14.00,-99.00,3755,3200,141.92,2,36.39,2,0.00,2,2.65,2
13,-14.00,-99.00,3754,3399,144.26,2,36.54,2,0.00,2,2.67,2
13,-14.00,-99.00,3753,3399,144.56,2,36.59,2,0.00,2,2.67,2
13,-14.00,-99.00,3752,3600,146.61,2,36.81,2,0.00,2,2.68,2
13,-14.00,-99.00,3751,3600,146.70,2,36.81,2,0.00,2,2.69,2
13,-14.00,-99.00,3750,3700,147.39,2,36.84,2,0.00,2,2.69,2
13,-14.00,-99.00,3749,3700,146.90,2,36.79,2,0.00,2,2.67,2
13,-14.00,-99.00,3748,3750,147.39,2,36.82,2,0.00,2,2.69,2
13,-14.00,-99.00,3747,3750,146.31,2,36.75,2,0.00,2,2.68,2
13,-14.00,-99.00,3746,3799,147.48,2,36.81,2,0.00,2,2.68,2
13,-14.00,-99.00,3745,3799,147.78,2,36.85,2,0.00,2,2.70,2
13,-14.00,-99.00,3744,3810,147.68,2,36.85,2,0.00,2,2.69,2
13,-14.00,-99.00,3743,3810,147.78,2,36.92,2,0.00,2,2.68,2
13,-14.00,-99.00,3742,3835,148.46,2,36.93,2,0.00,2,2.69,2
13,-14.00,-99.00,3741,3835,148.46,2,36.90,2,0.00,2,2.68,2
13,-14.00,-99.00,3813,20,1.56,2,3.02,2,0.10,2,0.49,2
13,-14.00,-99.00,3812,20,1.66,2,3.05,2,0.10,2,0.49,2
13,-14.00,-99.00,3811,41,1.37,2,2.30,2,0.08,2,0.47,2
13,-14.00,-99.00,3810,41,1.37,2,2.21,2,0.08,2,0.45,2
13,-14.00,-99.00,3809,60,1.27,2,1.94,2,0.07,2,0.45,2
13,-14.00,-99.00,3808,60,1.37,2,1.92,2,0.07,2,0.44,2
13,-14.00,-99.00,3807,111,1.27,2,1.47,2,0.32,2,0.50,2
13,-14.00,-99.00,3806,111,1.27,2,1.44,2,0.31,2,0.49,2
13,-14.00,-99.00,3805,146,2.34,2,8.01,2,0.21,2,0.86,2
13,-14.00,-99.00,3804,146,2.34,2,7.86,2,0.23,2,0.85,2
13,-14.00,-99.00,3803,201,19.81,2,22.50,2,0.02,2,2.47,2
13,-14.00,-99.00,3802,201,20.40,2,22.34,2,0.02,2,2.47,2
13,-14.00,-99.00,3801,251,28.40,2,20.74,2,2.22,2,2.56,2
13,-14.00,-99.00,3800,251,28.50,2,20.70,2,2.23,2,2.57,2
13,-14.00,-99.00,3799,276,28.50,2,24.63,2,1.29,2,2.58,2
13,-14.00,-99.00,3798,276,28.69,2,24.81,2,1.27,2,2.58,2
13,-14.00,-99.00,3797,326,29.28,2,31.38,2,0.00,2,2.58,2
13,-14.00,-99.00,3796,326,29.28,2,31.46,2,0.00,2,2.59,2
13,-14.00,-99.00,3795,401,32.99,2,35.96,2,0.00,2,2.64,2
13,-14.00,-99.00,3794,401,32.99,2,35.87,2,0.00,2,2.64,2
13,-14.00,-99.00,3793,521,37.48,2,39.47,2,0.00,2,2.71,2
13,-14.00,-99.00,3792,521,37.48,2,39.48,2,0.00,2,2.71,2
13,-14.00,-99.00,3791,601,42.66,2,41.19,2,0.00,2,2.82,2
13,-14.00,-99.00,3790,601,42.17,2,41.19,2,0.00,2,2.83,2
13,-14.00,-99.00,3876,601,43.24,2,41.41,2,0.00,2,2.86,2
13,-14.00,-99.00,3875,601,43.54,2,41.55,2,0.00,2,2.87,2
13,-14.00,-99.00,3874,699,49.69,2,42.46,2,0.00,2,2.95,2
13,-14.00,-99.00,3873,699,49.88,2,42.60,2,0.00,2,2.96,2
13,-14.00,-99.00,3872,800,60.82,2,43.93,2,0.00,2,3.07,2
13,-14.00,-99.00,3871,800,61.11,2,43.89,2,0.00,2,3.07,2
13,-14.00,-99.00,3870,900,71.07,2,44.04,2,0.00,2,3.12,2
13,-14.00,-99.00,3869,900,71.16,2,44.04,2,0.00,2,3.11,2
13,-14.00,-99.00,3868,1000,79.66,2,43.28,2,0.00,2,3.09,2
13,-14.00,-99.00,3867,1000,79.85,2,43.34,2,0.00,2,3.10,2
13,-14.00,-99.00,3866,1200,96.64,2,41.82,2,0.00,2,3.05,2
13,-14.00,-99.00,3865,1200,96.84,2,41.80,2,0.00,2,3.06,2
13,-14.00,-99.00,3864,1401,111.18,2,41.09,2,0.00,2,3.00,2
13,-14.00,-99.00,3863,1401,111.18,2,41.09,2,0.00,2,3.01,2
13,-14.00,-99.00,3862,1601,120.36,2,39.86,2,0.00,2,2.92,2
13,-14.00,-99.00,3861,1601,120.65,2,39.86,2,0.00,2,2.93,2
13,-14.00,-99.00,3860,1800,126.60,2,38.88,2,0.00,2,2.85,2
13,-14.00,-99.00,3859,1800,126.50,2,38.87,2,0.00,2,2.83,2
13,-14.00,-99.00,3858,2001,131.29,2,38.21,2,0.00,2,2.79,2
13,-14.00,-99.00,3857,2001,131.09,2,38.17,2,0.00,2,2.79,2
13,-14.00,-99.00,3856,2201,131.77,2,37.26,2,0.00,2,2.70,2
13,-14.00,-99.00,3855,2201,131.19,2,37.25,2,0.00,2,2.69,2
13,-14.00,-99.00,3854,2401,130.89,2,36.15,2,0.00,2,2.61,2
13,-14.00,-99.00,3853,2401,130.31,2,36.28,2,0.00,2,2.61,2
13,-13.96,-99.05,3838,4,1.76,2,3.25,2,0.10,2,0.50,2
14,-15.00,-101.50,3914,20,1.27,2,1.50,2,0.05,2,0.38,2
14,-15.00,-101.50,3913,20,1.37,2,1.48,2,0.05,2,0.38,2
14,-15.00,-101.50,3912,70,1.17,2,1.19,2,0.05,2,0.39,2
14,-15.00,-101.50,3911,70,1.37,2,1.19,2,0.05,2,0.38,2
14,-15.00,-101.50,3910,97,1.27,2,1.33,2,0.12,2,0.44,2
14,-15.00,-101.50,3909,97,1.37,2,1.29,2,0.12,2,0.43,2
14,-15.00,-101.50,3908,125,1.27,2,2.00,2,0.75,2,0.54,2
14,-15.00,-101.50,3907,125,1.46,2,2.04,2,0.74,2,0.53,2
14,-15.00,-101.50,3906,201,5.95,2,15.57,2,0.02,2,1.39,2
14,-15.00,-101.50,3905,201,5.95,2,15.44,2,0.02,2,1.38,2
14,-15.00,-101.50,3904,276,20.79,2,25.56,2,0.00,2,2.42,2
14,-15.00,-101.50,3903,276,20.69,2,25.32,2,0.00,2,2.40,2
14,-15.00,-101.50,3902,321,26.16,2,31.22,2,0.00,2,2.63,2
14,-15.00,-101.50,3901,321,26.16,2,31.21,2,0.00,2,2.64,2
14,-15.00,-101.50,3900,351,27.23,2,33.24,2,0.00,2,2.63,2
14,-15.00,-101.50,3899,351,27.23,2,33.24,2,0.00,2,2.63,2
14,-15.00,-101.50,3898,401,29.77,2,35.57,2,0.00,2,2.59,2
14,-15.00,-101.50,3897,401,29.67,2,35.57,2,0.00,2,2.60,2
14,-15.00,-101.50,3896,500,35.73,2,37.77,2,0.00,2,2.62,2
14,-15.00,-101.50,3895,500,35.82,2,37.85,2,0.00,2,2.63,2
14,-15.00,-101.50,3894,751,54.18,2,41.98,2,0.00,2,2.93,2
14,-15.00,-101.50,3893,751,54.28,2,42.10,2,0.00,2,2.93,2
14,-15.00,-101.50,3892,1002,78.39,2,42.98,2,0.00,2,3.07,2
14,-15.00,-101.50,3891,1002,78.09,2,42.92,2,0.00,2,3.07,2
14,-15.01,-101.53,3915,3,1.27,2,1.44,2,0.04,2,0.37,2
15,-16.00,-104.00,3952,2499,133.04,2,36.19,2,0.00,2,2.59,2
15,-16.00,-104.00,3951,2499,132.36,2,36.24,2,0.00,2,2.60,2
15,-16.00,-104.00,3950,2602,134.89,2,36.03,2,0.00,2,2.58,2
15,-16.00,-104.00,3949,2602,135.19,2,36.26,2,0.00,2,2.60,2
15,-16.00,-104.00,3948,2699,136.55,2,36.28,2,0.00,2,2.61,2
15,-16.00,-104.00,3947,2699,136.45,2,36.32,2,0.00,2,2.61,2
15,-16.00,-104.00,3946,2800,139.19,2,36.36,2,0.00,2,2.62,2
15,-16.00,-104.00,3945,2800,139.29,2,36.34,2,0.00,2,2.62,2
15,-16.00,-104.00,3944,2998,141.53,2,36.47,2,0.00,2,2.63,2
15,-16.00,-104.00,3943,2998,142.21,2,36.56,2,0.00,2,2.64,2
15,-16.00,-104.00,3942,3250,144.65,2,36.75,2,0.00,2,2.65,2
15,-16.00,-104.00,3941,3250,145.63,2,36.83,2,0.00,2,2.65,2
15,-16.00,-104.00,3940,3499,147.39,2,37.04,2,0.00,2,2.65,2
15,-16.00,-104.00,3939,3499,148.66,2,37.08,2,0.00,2,2.66,2
15,-16.00,-104.00,3938,3750,150.31,2,37.17,2,0.00,2,2.65,2
15,-16.00,-104.00,3937,3750,150.02,2,37.12,2,0.00,2,2.65,2
15,-16.00,-104.00,3936,3799,151.10,2,37.19,2,0.00,2,2.67,2
15,-16.00,-104.00,3935,3799,150.31,2,37.20,2,0.00,2,2.68,2
15,-16.00,-104.00,3934,3851,150.71,2,37.15,2,0.00,2,2.68,2
15,-16.00,-104.00,3933,3851,150.02,2,37.15,2,0.00,2,2.68,2
15,-16.00,-104.00,3932,3899,149.44,2,37.15,2,0.00,2,2.69,2
15,-16.00,-104.00,3931,3899,150.41,2,37.18,2,0.00,2,2.70,2
15,-16.00,-104.00,3930,3923,149.53,2,37.11,2,0.00,2,2.69,2
15,-16.00,-104.00,3929,3923,150.61,2,37.13,2,0.00,2,2.69,2
15,-16.00,-104.00,4009,20,1.07,2,0.86,2,0.03,2,0.28,2
15,-16.00,-104.00,4008,20,1.17,2,0.86,2,0.03,2,0.29,2
15,-16.00,-104.00,4007,49,1.07,2,0.85,2,0.03,2,0.29,2
15,-16.00,-104.00,4006,49,1.17,2,0.84,2,0.03,2,0.30,2
15,-16.00,-104.00,4005,75,1.07,2,0.58,2,0.03,2,0.29,2
15,-16.00,-104.00,4004,75,1.17,2,0.56,2,0.04,2,0.29,2
15,-16.00,-104.00,4003,105,1.17,2,1.02,2,0.10,2,0.35,2
15,-16.00,-104.00,4002,105,1.17,2,1.02,2,0.10,2,0.33,2
15,-16.00,-104.00,4001,150,0.98,2,1.22,2,1.09,2,0.39,2
15,-16.00,-104.00,4000,150,1.07,2,1.24,2,1.09,2,0.38,2
15,-16.00,-104.00,3999,186,0.98,2,4.07,2,0.07,2,0.49,2
15,-16.00,-104.00,3998,186,1.17,2,4.13,2,0.07,2,0.50,2
15,-16.00,-104.00,3997,226,2.83,2,10.33,2,0.02,2,0.91,2
15,-16.00,-104.00,3996,226,2.83,2,10.32,2,0.02,2,0.90,2
15,-16.00,-104.00,3995,278,11.71,2,19.92,2,0.00,2,1.80,2
15,-16.00,-104.00,3994,278,11.62,2,19.84,2,0.00,2,1.77,2
15,-16.00,-104.00,3993,332,21.96,2,27.81,2,0.00,2,2.44,2
15,-16.00,-104.00,3992,332,21.87,2,27.77,2,0.00,2,2.43,2
15,-16.00,-104.00,3991,361,26.06,2,32.68,2,0.00,2,2.61,2
15,-16.00,-104.00,3990,361,25.96,2,32.73,2,0.00,2,2.60,2
15,-16.00,-104.00,3989,410,29.19,2,36.74,2,0.00,2,2.66,2
15,-16.00,-104.00,3988,410,29.19,2,36.77,2,0.00,2,2.66,2
15,-16.00,-104.00,3987,502,33.97,2,38.92,2,0.00,2,2.66,2
15,-16.00,-104.00,3986,502,33.87,2,39.00,2,0.00,2,2.66,2
15,-16.00,-104.00,8202,500,34.26,2,39.04,2,0.00,2,2.68,2
15,-16.00,-104.00,8201,500,34.36,2,39.10,2,0.00,2,2.69,2
15,-16.00,-104.00,8200,626,43.34,2,39.91,2,0.00,2,2.73,2
15,-16.00,-104.00,8199,626,43.44,2,39.90,2,0.00,2,2.73,2
15,-16.00,-104.00,8198,750,54.67,2,42.12,2,0.00,2,2.93,2
15,-16.00,-104.00,8197,750,54.86,2,42.25,2,0.00,2,2.94,2
15,-16.00,-104.00,8196,1001,75.85,2,42.30,2,0.00,2,3.01,2
15,-16.00,-104.00,8195,1001,75.85,2,42.35,2,0.00,2,3.00,2
15,-16.00,-104.00,8194,1251,97.22,2,41.39,2,0.00,2,3.01,2
15,-16.00,-104.00,8193,1251,97.13,2,41.40,2,0.00,2,3.00,2
15,-16.00,-104.00,8192,1501,112.84,2,40.20,2,0.00,2,2.93,2
15,-16.00,-104.00,8191,1501,112.94,2,40.22,2,0.00,2,2.94,2
15,-16.00,-104.00,8190,1750,122.60,2,39.13,2,0.00,2,2.85,2
15,-16.00,-104.00,8189,1750,122.70,2,39.13,2,0.00,2,2.86,2
15,-16.00,-104.00,8188,2002,128.45,2,37.89,2,0.00,2,2.76,2
15,-16.00,-104.00,8187,2002,128.26,2,37.92,2,0.00,2,2.76,2
15,-16.00,-104.00,8186,2202,130.41,2,36.90,2,0.00,2,2.68,2
15,-16.00,-104.00,8185,2202,130.50,2,36.92,2,0.00,2,2.69,2
15,-16.00,-104.00,8184,2301,130.50,2,36.54,2,0.00,2,2.65,2
15,-16.00,-104.00,8183,2301,130.80,2,36.61,2,0.00,2,2.66,2
15,-16.00,-104.00,8182,2400,131.58,2,36.28,2,0.00,2,2.64,2
15,-16.00,-104.00,8181,2400,131.97,2,36.29,2,0.00,2,2.65,2
15,-16.00,-104.00,8180,2501,132.06,2,36.06,2,0.00,2,2.62,2
15,-16.00,-104.00,8179,2501,132.45,2,36.07,2,0.00,2,2.63,2
15,-15.99,-104.07,4010,3,1.07,2,0.87,2,0.03,2,0.30,2
16,-15.43,-106.50,8239,20,0.98,2,1.80,2,0.04,2,0.39,2
16,-15.43,-106.50,8238,20,1.07,2,1.77,2,0.04,2,0.39,2
16,-15.43,-106.50,8237,60,0.98,2,0.22,2,0.02,2,0.32,2
16,-15.43,-106.50,8236,60,1.07,2,0.19,2,0.02,2,0.32,2
16,-15.43,-106.50,8235,90,0.98,2,0.10,2,0.03,2,0.34,2
16,-15.43,-106.50,8234,90,1.07,2,0.09,2,0.03,2,0.34,2
16,-15.43,-106.50,8233,125,0.78,2,0.00,2,0.21,2,0.35,2
16,-15.43,-106.50,8232,125,0.88,2,0.05,2,0.21,2,0.34,2
16,-15.43,-106.50,8231,171,0.88,2,2.42,2,0.10,2,0.43,2
16,-15.43,-106.50,8230,171,0.88,2,2.44,2,0.09,2,0.43,2
16,-15.43,-106.50,8229,251,6.64,2,16.49,2,0.00,2,1.42,2
16,-15.43,-106.50,8228,251,6.73,2,16.51,2,0.00,2,1.42,2
16,-15.43,-106.50,8227,295,16.20,2,23.34,2,0.00,2,2.12,2
16,-15.43,-106.50,8226,295,15.91,2,23.20,2,0.00,2,2.10,2
16,-15.43,-106.50,8225,352,26.65,2,32.91,2,0.00,2,2.63,2
16,-15.43,-106.50,8224,352,26.55,2,32.88,2,0.00,2,2.63,2
16,-15.43,-106.50,8223,401,29.38,2,37.09,2,0.00,2,2.67,2
16,-15.43,-106.50,8222,401,29.28,2,37.05,2,0.00,2,2.66,2
16,-15.43,-106.50,8221,602,42.66,2,40.51,2,0.00,2,2.72,2
16,-15.43,-106.50,8220,602,42.66,2,40.48,2,0.00,2,2.72,2
16,-15.43,-106.50,8219,802,59.65,2,42.06,2,0.00,2,2.88,2
16,-15.43,-106.50,8218,802,59.16,2,42.02,2,0.00,2,2.88,2
16,-15.43,-106.50,8217,1001,77.31,2,41.84,2,0.00,2,2.93,2
16,-15.43,-106.50,8216,1001,77.22,2,41.76,2,0.00,2,2.92,2
16,-15.43,-106.53,8240,4,1.17,2,1.95,2,0.05,2,0.38,2
17,-15.00,-109.19,8277,2500,134.70,2,36.06,2,0.00,2,2.55,2
17,-15.00,-109.19,8276,2500,135.48,2,36.15,2,0.00,2,2.57,2
17,-15.00,-109.19,8275,2599,134.89,2,36.38,2,0.00,2,2.59,2
17,-15.00,-109.19,8274,2599,136.65,2,36.22,2,0.00,2,2.58,2
17,-15.00,-109.19,8273,2699,119.86,4,37.31,4,0.00,4,2.66,4
17,-15.00,-109.19,8272,2699,137.92,2,36.28,2,0.00,2,2.58,2
17,-15.00,-109.19,8271,2799,139.58,2,36.39,2,0.00,2,2.59,2
17,-15.00,-109.19,8270,2799,139.87,2,36.37,2,0.00,2,2.59,2
17,-15.00,-109.19,8269,2901,141.53,2,36.48,2,0.00,2,2.60,2
17,-15.00,-109.19,8268,2901,142.12,2,36.53,2,0.00,2,2.61,2
17,-15.00,-109.19,8267,2999,143.68,2,36.61,2,0.00,2,2.62,2
17,-15.00,-109.19,8266,2999,144.17,2,36.70,2,0.00,2,2.62,2
17,-15.00,-109.19,8265,3200,145.34,2,36.85,2,0.00,2,2.62,2
17,-15.00,-109.19,8264,3200,146.02,2,36.80,2,0.00,2,2.63,2
17,-15.00,-109.19,8263,3399,144.56,2,36.74,2,0.00,2,2.63,2
17,-15.00,-109.19,8262,3399,146.31,2,36.82,2,0.00,2,2.64,2
17,-15.00,-109.19,8261,3600,146.70,2,36.86,2,0.00,2,2.65,2
17,-15.00,-109.19,8260,3600,48.41,4,40.03,4,0.00,4,2.71,4
17,-15.00,-109.19,8259,3650,147.48,2,36.89,2,0.00,2,2.65,2
17,-15.00,-109.19,8258,3650,138.31,4,37.02,4,0.00,4,2.65,4
17,-15.00,-109.19,8257,3675,147.39,2,36.91,2,0.00,2,2.65,2
17,-15.00,-109.19,8256,3675,147.68,2,36.96,2,0.00,2,2.65,2
17,-15.00,-109.19,8255,3692,147.78,2,36.95,2,0.00,2,2.65,2
17,-15.00,-109.19,8254,3692,147.09,2,36.90,2,0.00,2,2.64,2
17,-15.00,-109.19,8333,20,1.37,2,2.52,2,0.05,2,0.41,2
17,-15.00,-109.19,8332,20,1.46,2,2.49,2,0.05,2,0.41,2
17,-15.00,-109.19,8331,51,1.27,2,1.87,2,0.04,2,0.38,2
17,-15.00,-109.19,8330,51,1.37,2,1.95,2,0.04,2,0.39,2
17,-15.00,-109.19,8329,81,0.88,2,0.00,2,0.05,2,0.31,2
17,-15.00,-109.19,8328,81,1.07,2,0.00,2,0.05,2,0.31,2
17,-15.00,-109.19,8327,129,0.88,2,0.26,2,0.76,2,0.39,2
17,-15.00,-109.19,8326,129,0.98,2,0.32,2,0.77,2,0.39,2
17,-15.00,-109.19,8325,250,3.71,2,11.64,2,0.00,2,1.00,2
17,-15.00,-109.19,8324,250,3.71,2,11.63,2,0.00,2,0.99,2
17,-15.00,-109.19,8323,255,6.44,2,15.13,2,0.00,2,1.32,2
17,-15.00,-109.19,8322,255,6.25,2,14.92,2,0.00,2,1.29,2
17,-15.00,-109.19,8321,301,19.62,2,24.72,2,0.00,2,2.31,2
17,-15.00,-109.19,8320,301,19.42,2,24.54,2,0.00,2,2.29,2
17,-15.00,-109.19,8319,351,26.35,2,31.52,2,0.00,2,2.61,2
17,-15.00,-109.19,8318,351,26.16,2,31.49,2,0.00,2,2.61,2
17,-15.00,-109.19,8317,387,28.11,2,34.78,2,0.00,2,2.64,2
17,-15.00,-109.19,8316,387,28.01,2,34.64,2,0.00,2,2.65,2
17,-15.00,-109.19,8315,450,31.04,2,37.24,2,0.00,2,2.61,2
17,-15.00,-109.19,8314,450,29.09,4,35.26,4,0.00,4,2.50,4
17,-15.00,-109.19,8313,501,33.58,2,38.23,2,0.00,2,2.62,2
17,-15.00,-109.19,8312,501,33.58,2,38.20,2,0.00,2,2.63,2
17,-15.00,-109.19,8311,601,40.51,2,39.31,2,0.00,2,2.66,2
17,-15.00,-109.19,8310,601,40.61,2,39.30,2,0.00,2,2.66,2
17,-15.00,-109.19,8382,749,55.64,2,40.99,2,0.00,2,2.81,2
17,-15.00,-109.19,8381,749,55.64,2,41.08,2,0.00,2,2.82,2
17,-15.00,-109.19,8380,1001,77.31,2,40.81,2,0.00,2,2.86,2
17,-15.00,-109.19,8379,1001,78.19,2,41.07,2,0.00,2,2.88,2
17,-15.00,-109.19,8378,1238,-999.00,9,-999.00,9,-999.00,9,-999.00,9
17,-15.00,-109.19,8377,1238,98.01,2,39.86,2,0.00,2,2.85,2
17,-15.00,-109.19,8376,1251,98.10,2,40.04,2,0.00,2,2.86,2
17,-15.00,-109.19,8375,1251,98.59,2,40.03,2,0.00,2,2.87,2
17,-15.00,-109.19,8374,1501,113.23,2,39.28,2,0.00,2,2.83,2
17,-15.00,-109.19,8373,1501,113.23,2,39.23,2,0.00,2,2.82,2
17,-15.00,-109.19,8372,1751,122.60,2,38.31,2,0.00,2,2.75,2
17,-15.00,-109.19,8371,1751,122.70,2,38.25,2,0.00,2,2.77,2
17,-15.00,-109.19,8370,2000,127.97,2,37.33,2,0.00,2,2.69,2
17,-15.00,-109.19,8369,2000,127.97,2,37.34,2,0.00,2,2.70,2
17,-15.00,-109.19,8368,2100,128.16,2,36.98,2,0.00,2,2.67,2
17,-15.00,-109.19,8367,2100,128.26,2,36.92,2,0.00,2,2.67,2
17,-15.00,-109.19,8366,2201,130.70,2,36.67,2,0.00,2,2.65,2
17,-15.00,-109.19,8365,2201,130.89,2,36.72,2,0.00,2,2.65,2
17,-15.00,-109.19,8364,2302,130.79,2,36.52,2,0.00,2,2.64,2
17,-15.00,-109.19,8363,2302,132.26,2,36.51,2,0.00,2,2.65,2
17,-15.00,-109.19,8362,2401,133.14,2,36.36,2,0.00,2,2.63,2
17,-15.00,-109.19,8361,2401,51.44,4,28.07,4,0.05,4,2.12,4
17,-15.00,-109.19,8360,2501,135.28,2,36.33,2,0.00,2,2.64,2
17,-15.00,-109.19,8359,2501,134.60,2,36.25,2,0.00,2,2.63,2
17,-14.98,-109.25,8346,4,1.46,2,2.51,2,0.05,2,0.41,2
18,-14.98,-112.75,8433,2350,126.69,2,35.51,2,0.00,2,2.52,2
18,-14.98,-112.75,8432,2350,126.79,2,35.58,2,0.00,2,2.53,2
18,-14.98,-112.75,8431,2375,127.48,2,35.55,2,0.00,2,2.53,2
18,-14.98,-112.75,8430,2375,100.93,4,38.97,4,0.00,4,2.75,4
18,-14.98,-112.75,8429,2400,128.35,2,35.43,2,0.00,2,2.52,2
18,-14.98,-112.75,8428,2400,128.65,2,35.45,2,0.00,2,2.54,2
18,-14.98,-112.75,8427,2425,129.82,2,35.42,2,0.00,2,2.53,2
18,-14.98,-112.75,8426,2425,130.40,2,35.45,2,0.00,2,2.54,2
18,-14.98,-112.75,8425,2449,130.01,2,35.38,2,0.00,2,2.53,2
18,-14.98,-112.75,8424,2449,130.50,2,35.37,2,0.00,2,2.53,2
18,-14.98,-112.75,8423,2474,130.40,2,35.39,2,0.00,2,2.54,2
18,-14.98,-112.75,8422,2474,130.21,2,35.40,2,0.00,2,2.54,2
18,-14.98,-112.75,8421,2500,132.36,2,35.57,2,0.00,2,2.56,2
18,-14.98,-112.75,8420,2500,131.96,2,35.52,2,0.00,2,2.56,2
18,-14.98,-112.75,8419,2524,131.77,2,35.52,2,0.00,2,2.56,2
18,-14.98,-112.75,8418,2524,132.16,2,35.49,2,0.00,2,2.57,2
18,-14.98,-112.75,8417,2551,131.87,2,35.48,2,0.00,2,2.56,2
18,-14.98,-112.75,8416,2551,127.87,4,35.11,4,0.00,4,2.55,4
18,-14.98,-112.75,8415,2574,131.28,2,35.44,2,0.00,2,2.56,2
18,-14.98,-112.75,8414,2574,131.67,2,35.49,2,0.00,2,2.58,2
18,-14.98,-112.75,8413,2610,131.38,2,35.49,2,0.00,2,2.57,2
18,-14.98,-112.75,8412,2610,131.38,2,35.49,2,0.00,2,2.57,2
18,-14.98,-112.75,8411,2625,130.99,2,35.45,2,0.00,2,2.57,2
18,-14.98,-112.75,8410,2625,119.57,4,34.53,4,0.00,4,2.50,4
18,-14.98,-112.75,8477,20,1.66,2,3.87,2,0.08,2,0.46,2
18,-14.98,-112.75,8476,20,1.76,2,3.74,2,0.07,2,0.47,2
18,-14.98,-112.75,8475,60,1.07,2,0.60,2,0.03,2,0.33,2
18,-14.98,-112.75,8474,60,1.17,2,0.47,2,0.03,2,0.31,2
18,-14.98,-112.75,8473,95,1.07,2,0.32,2,0.10,2,0.37,2
18,-14.98,-112.75,8472,95,1.17,2,0.28,2,0.10,2,0.36,2
18,-14.98,-112.75,8471,150,0.68,2,0.43,2,0.79,2,0.34,2
18,-14.98,-112.75,8470,150,0.78,2,0.41,2,0.78,2,0.33,2
18,-14.98,-112.75,8469,201,0.98,2,3.59,2,0.03,2,0.48,2
18,-14.98,-112.75,8468,201,0.98,2,3.58,2,0.03,2,0.47,2
18,-14.98,-112.75,8467,306,13.86,2,21.25,2,0.00,2,1.99,2
18,-14.98,-112.75,8466,306,14.25,2,21.49,2,0.00,2,2.00,2
18,-14.98,-112.75,8465,355,25.38,2,30.71,2,0.00,2,2.60,2
18,-14.98,-112.75,8464,355,25.38,2,30.70,2,0.00,2,2.60,2
18,-14.98,-112.75,8463,401,27.43,2,34.84,2,0.00,2,2.56,2
18,-14.98,-112.75,8462,401,27.53,2,34.87,2,0.00,2,2.56,2
18,-14.98,-112.75,8461,601,41.00,2,39.08,2,0.00,2,2.64,2
18,-14.98,-112.75,8460,601,40.61,2,38.83,2,0.00,2,2.63,2
18,-14.98,-112.75,8459,802,59.94,2,40.82,2,0.00,2,2.80,2
18,-14.98,-112.75,8458,802,59.74,2,40.81,2,0.00,2,2.81,2
18,-14.98,-112.75,8457,1002,80.05,2,41.97,2,0.00,2,2.95,2
18,-14.98,-112.75,8456,1002,80.14,2,41.93,2,0.00,2,2.95,2
18,-14.98,-112.75,8455,1202,96.44,2,41.32,2,0.00,2,2.96,2
18,-14.98,-112.75,8454,1202,96.54,2,41.29,2,0.00,2,2.96,2
18,-14.98,-112.75,8546,1199,95.86,2,40.44,2,0.00,2,2.85,2
18,-14.98,-112.75,8545,1199,96.64,2,40.59,2,0.00,2,2.88,2
18,-14.98,-112.75,8544,1400,109.52,2,39.90,2,0.00,2,2.85,2
18,-14.98,-112.75,8543,1400,109.91,2,39.97,2,0.00,2,2.86,2
18,-14.98,-112.75,8542,1601,118.11,2,38.97,2,0.00,2,2.78,2
18,-14.98,-112.75,8541,1601,118.40,2,39.05,2,0.00,2,2.80,2
18,-14.98,-112.75,8540,1800,124.26,2,38.17,2,0.00,2,2.72,2
18,-14.98,-112.75,8539,1800,124.55,2,38.21,2,0.00,2,2.73,2
18,-14.98,-112.75,8538,2000,128.06,2,37.19,2,0.00,2,2.65,2
18,-14.98,-112.75,8537,2000,128.36,2,37.22,2,0.00,2,2.65,2
18,-14.98,-112.75,8536,2201,128.26,2,36.26,2,0.00,2,2.58,2
18,-14.98,-112.75,8535,2201,128.75,2,36.24,2,0.00,2,2.59,2
18,-14.98,-112.75,8534,2225,127.38,2,36.05,2,0.00,2,2.56,2
18,-14.98,-112.75,8533,2225,125.43,2,35.93,2,0.00,2,2.56,2
18,-14.98,-112.75,8532,2250,125.72,2,35.74,2,0.00,2,2.54,2
18,-14.98,-112.75,8531,2250,125.62,2,35.68,2,0.00,2,2.54,2
18,-14.98,-112.75,8530,2275,125.52,2,35.59,2,0.00,2,2.54,2
18,-14.98,-112.75,8529,2275,125.33,2,35.56,2,0.00,2,2.53,2
18,-14.98,-112.75,8528,2300,126.01,2,35.58,2,0.00,2,2.53,2
18,-14.98,-112.75,8527,2300,125.82,2,35.62,2,0.00,2,2.53,2
18,-14.98,-112.75,8526,2326,125.72,2,35.49,2,0.00,2,2.51,2
18,-14.98,-112.75,8525,2326,126.01,2,35.53,2,0.00,2,2.53,2
18,-14.98,-112.75,8524,2350,126.01,2,35.41,2,0.00,2,2.51,2
18,-14.98,-112.75,8523,2350,125.62,2,35.40,2,0.00,2,2.51,2
18,-14.98,-112.75,8604,2300,127.09,2,35.36,2,0.00,2,2.54,2
18,-14.98,-112.75,8603,2300,127.18,2,35.43,2,0.00,2,2.56,2
18,-14.98,-112.75,8602,2326,126.79,2,35.22,2,0.00,2,2.54,2
18,-14.98,-112.75,8601,2326,127.09,2,35.26,2,0.00,2,2.55,2
18,-14.98,-112.75,8600,2350,127.77,2,35.15,2,0.00,2,2.53,2
18,-14.98,-112.75,8599,2350,128.35,2,35.27,2,0.00,2,2.55,2
18,-14.98,-112.75,8598,2375,128.94,2,35.22,2,0.00,2,2.53,2
18,-14.98,-112.75,8597,2375,129.33,2,35.24,2,0.00,2,2.54,2
18,-14.98,-112.75,8596,2400,129.52,2,35.18,2,0.00,2,2.53,2
18,-14.98,-112.75,8595,2400,130.11,2,35.17,2,0.00,2,2.54,2
18,-14.98,-112.75,8594,2424,129.43,2,35.15,2,0.00,2,2.53,2
18,-14.98,-112.75,8593,2424,129.72,2,35.14,2,0.00,2,2.54,2
18,-14.98,-112.75,8592,2449,129.82,2,35.16,2,0.00,2,2.54,2
18,-14.98,-112.75,8591,2449,129.72,2,35.14,2,0.00,2,2.54,2
18,-14.98,-112.75,8590,2474,130.31,2,35.17,2,0.00,2,2.54,2
18,-14.98,-112.75,8589,2474,130.40,2,35.15,2,0.00,2,2.54,2
18,-14.98,-112.75,8588,2500,131.77,2,35.28,2,0.00,2,2.55,2
18,-14.98,-112.75,8587,2500,131.87,2,35.28,2,0.00,2,2.55,2
18,-14.98,-112.75,8586,2550,132.16,2,35.28,2,0.00,2,2.55,2
18,-14.98,-112.75,8585,2550,132.16,2,35.31,2,0.00,2,2.56,2
18,-14.98,-112.75,8584,2625,132.06,2,35.30,2,0.00,2,2.55,2
18,-14.98,-112.75,8583,2625,131.67,2,35.24,2,0.00,2,2.55,2
18,-14.98,-112.75,8582,2626,132.45,2,35.29,2,0.00,2,2.56,2
18,-14.98,-112.75,8581,2626,132.16,2,35.21,2,0.00,2,2.55,2
18,-14.91,-112.78,8478,3,1.76,2,4.08,2,0.08,2,0.43,2
20,-15.00,-113.50,8652,2450,129.43,2,35.00,2,0.00,2,2.50,2
20,-15.00,-113.50,8651,2450,129.43,2,35.09,2,0.00,2,2.52,2
20,-15.00,-113.50,8650,2500,130.11,2,35.09,2,0.00,2,2.52,2
20,-15.00,-113.50,8649,2500,129.92,2,35.08,2,0.00,2,2.53,2
20,-15.00,-113.50,8648,2550,130.21,2,35.09,2,0.00,2,2.53,2
20,-15.00,-113.50,8647,2550,130.21,2,35.12,2,0.00,2,2.53,2
20,-15.00,-113.50,8646,2599,130.70,2,35.21,2,0.00,2,2.54,2
20,-15.00,-113.50,8645,2599,130.89,2,35.21,2,0.00,2,2.54,2
20,-15.00,-113.50,8644,2650,130.70,2,35.19,2,0.00,2,2.53,2
20,-15.00,-113.50,8643,2650,131.09,2,35.19,2,0.00,2,2.54,2
20,-15.00,-113.50,8642,2700,130.50,2,35.10,2,0.00,2,2.53,2
20,-15.00,-113.50,8641,2700,131.28,2,35.18,2,0.00,2,2.54,2
20,-15.00,-113.50,8640,2751,130.89,2,35.16,2,0.00,2,2.54,2
20,-15.00,-113.50,8639,2751,130.70,2,35.15,2,0.00,2,2.54,2
20,-15.00,-113.50,8638,2799,130.99,2,35.16,2,0.00,2,2.54,2
20,-15.00,-113.50,8637,2799,130.79,2,35.11,2,0.00,2,2.54,2
20,-15.00,-113.50,8636,2899,130.60,2,35.06,2,0.00,2,2.52,2
20,-15.00,-113.50,8635,2899,130.21,2,35.00,2,0.00,2,2.52,2
20,-15.00,-113.50,8634,3000,129.92,2,35.02,2,0.00,2,2.53,2
20,-15.00,-113.50,8633,3000,129.92,2,35.10,2,0.00,2,2.54,2
20,-15.00,-113.50,8632,3100,130.01,2,35.00,2,0.00,2,2.54,2
20,-15.00,-113.50,8631,3100,129.82,2,35.03,2,0.00,2,2.54,2
20,-15.00,-113.50,8630,3161,129.82,2,34.99,2,0.00,2,2.54,2
20,-15.00,-113.50,8629,3161,129.92,2,35.01,2,0.00,2,2.53,2
20,-15.00,-113.50,8701,20,1.46,2,2.63,2,0.05,2,0.39,2
20,-15.00,-113.50,8700,20,1.46,2,2.57,2,0.05,2,0.39,2
20,-15.00,-113.50,8699,50,1.17,2,1.76,2,0.04,2,0.36,2
20,-15.00,-113.50,8698,50,1.27,2,1.77,2,0.04,2,0.35,2
20,-15.00,-113.50,8697,86,0.88,2,0.00,2,0.00,2,0.23,2
20,-15.00,-113.50,8696,86,1.07,2,0.00,2,0.00,2,0.22,2
20,-15.00,-113.50,8695,95,0.88,2,0.00,2,0.00,2,0.22,2
20,-15.00,-113.50,8694,95,0.97,2,0.00,2,0.00,2,0.22,2
20,-15.00,-113.50,8693,151,0.49,2,0.54,2,0.64,2,0.32,2
20,-15.00,-113.50,8692,151,0.59,2,0.52,2,0.64,2,0.31,2
20,-15.00,-113.50,8691,226,0.88,2,5.26,2,0.02,2,0.59,2
20,-15.00,-113.50,8690,226,0.98,2,5.27,2,0.02,2,0.59,2
20,-15.00,-113.50,8689,276,3.71,2,11.94,2,0.00,2,1.05,2
20,-15.00,-113.50,8688,276,3.81,2,11.99,2,0.00,2,1.05,2
20,-15.00,-113.50,8687,326,15.91,2,23.11,2,0.00,2,2.15,2
20,-15.00,-113.50,8686,326,16.11,2,23.23,2,0.00,2,2.14,2
20,-15.00,-113.50,8685,401,23.33,2,32.20,2,0.00,2,2.52,2
20,-15.00,-113.50,8684,401,23.53,2,32.26,2,0.00,2,2.53,2
20,-15.00,-113.50,8683,501,30.26,2,36.62,2,0.00,2,2.51,2
20,-15.00,-113.50,8682,501,30.36,2,36.69,2,0.00,2,2.52,2
20,-15.00,-113.50,8681,752,56.33,2,40.89,2,0.00,2,2.82,2
20,-15.00,-113.50,8680,752,56.52,2,40.97,2,0.00,2,2.82,2
20,-15.00,-113.50,8679,1002,81.61,2,40.80,2,0.00,2,2.88,2
20,-15.00,-113.50,8678,1002,81.51,2,40.81,2,0.00,2,2.87,2
20,-15.00,-113.50,8766,1001,78.19,2,40.57,2,0.00,2,2.85,2
20,-15.00,-113.50,8765,1001,78.58,2,40.66,2,0.00,2,2.87,2
20,-15.00,-113.50,8764,1251,100.06,2,40.38,2,0.00,2,2.90,2
20,-15.00,-113.50,8763,1251,100.15,2,40.40,2,0.00,2,2.91,2
20,-15.00,-113.50,8762,1500,113.62,2,39.25,2,0.00,2,2.84,2
20,-15.00,-113.50,8761,1500,113.72,2,39.33,2,0.00,2,2.84,2
20,-15.00,-113.50,8760,1750,122.70,2,38.17,2,0.00,2,2.75,2
20,-15.00,-113.50,8759,1750,122.70,2,38.37,2,0.00,2,2.76,2
20,-15.00,-113.50,8758,2001,127.48,2,36.95,2,0.00,2,2.66,2
20,-15.00,-113.50,8757,2001,128.06,2,37.04,2,0.00,2,2.67,2
20,-15.00,-113.50,8756,2100,127.97,2,36.48,2,0.00,2,2.63,2
20,-15.00,-113.50,8755,2100,128.16,2,36.52,2,0.00,2,2.63,2
20,-15.00,-113.50,8754,2200,126.60,2,35.82,2,0.00,2,2.57,2
20,-15.00,-113.50,8753,2200,126.70,2,35.86,2,0.00,2,2.57,2
20,-15.00,-113.50,8752,2250,126.01,2,35.39,2,0.00,2,2.53,2
20,-15.00,-113.50,8751,2250,126.30,2,35.40,2,0.00,2,2.53,2
20,-15.00,-113.50,8750,2301,126.50,2,35.25,2,0.00,2,2.52,2
20,-15.00,-113.50,8749,2301,126.60,2,35.23,2,0.00,2,2.52,2
20,-15.00,-113.50,8748,2351,126.99,2,35.16,2,0.00,2,2.51,2
20,-15.00,-113.50,8747,2351,127.38,2,35.22,2,0.00,2,2.52,2
20,-15.00,-113.50,8746,2400,127.09,2,34.91,2,0.00,2,2.49,2
20,-15.00,-113.50,8745,2400,128.26,2,35.15,2,0.00,2,2.51,2
20,-15.00,-113.50,8744,2450,128.94,2,35.15,2,0.00,2,2.50,2
20,-15.00,-113.50,8743,2450,129.13,2,35.16,2,0.00,2,2.51,2
20,-15.03,-113.57,8734,4,1.85,2,2.42,2,0.05,2,0.40,2
21,-14.77,-115.00,8805,2500,126.99,2,34.88,2,0.00,2,2.49,2
21,-14.77,-115.00,8804,2500,126.99,2,35.00,2,0.00,2,2.49,2
21,-14.77,-115.00,8803,2550,127.28,2,35.02,2,0.00,2,2.49,2
21,-14.77,-115.00,8802,2550,127.77,2,35.06,2,0.00,2,2.50,2
21,-14.77,-115.00,8801,2599,127.57,2,35.04,2,0.00,2,2.50,2
21,-14.77,-115.00,8800,2599,126.99,2,34.97,2,0.00,2,2.50,2
21,-14.77,-115.00,8799,2699,127.08,2,34.91,2,0.00,2,2.49,2
21,-14.77,-115.00,8798,2699,127.67,2,34.95,2,0.00,2,2.50,2
21,-14.77,-115.00,8797,2799,127.28,2,34.88,2,0.00,2,2.49,2
21,-14.77,-115.00,8796,2799,127.96,2,35.01,2,0.00,2,2.50,2
21,-14.77,-115.00,8795,2899,127.87,2,34.87,2,0.00,2,2.50,2
21,-14.77,-115.00,8794,2899,127.77,2,34.85,2,0.00,2,2.50,2
21,-14.77,-115.00,8793,3000,127.47,2,34.82,2,0.00,2,2.50,2
21,-14.77,-115.00,8792,3000,127.96,2,34.86,2,0.00,2,2.49,2
21,-14.77,-115.00,8791,3100,128.74,2,34.86,2,0.00,2,2.49,2
21,-14.77,-115.00,8790,3100,128.94,2,34.84,2,0.00,2,2.49,2
21,-14.77,-115.00,8789,3150,128.84,2,34.81,2,0.00,2,2.49,2
21,-14.77,-115.00,8788,3150,128.84,2,34.86,2,0.00,2,2.49,2
21,-14.77,-115.00,8787,3200,129.43,2,34.87,2,0.00,2,2.50,2
21,-14.77,-115.00,8786,3200,130.40,2,34.89,2,0.00,2,2.51,2
21,-14.77,-115.00,8785,3224,130.21,2,34.87,2,0.00,2,2.49,2
21,-14.77,-115.00,8784,3224,130.40,2,34.96,2,0.00,2,2.49,2
21,-14.77,-115.00,8783,3249,130.60,2,34.99,2,0.00,2,2.49,2
21,-14.77,-115.00,8782,3249,130.89,2,34.98,2,0.00,2,2.50,2
21,-14.77,-115.00,8853,20,1.66,2,3.17,2,0.07,2,0.42,2
21,-14.77,-115.00,8852,20,1.56,2,3.16,2,0.07,2,0.42,2
21,-14.77,-115.00,8851,61,1.27,2,2.47,2,0.05,2,0.41,2
21,-14.77,-115.00,8850,61,1.46,2,2.48,2,0.05,2,0.41,2
21,-14.77,-115.00,8849,90,1.27,2,0.63,2,0.05,2,0.36,2
21,-14.77,-115.00,8848,90,1.36,2,0.59,2,0.05,2,0.36,2
21,-14.77,-115.00,8847,126,0.88,2,0.00,2,0.11,2,0.31,2
21,-14.77,-115.00,8846,126,0.97,2,0.00,2,0.11,2,0.31,2
21,-14.77,-115.00,8845,151,0.88,2,0.26,2,1.11,2,0.36,2
21,-14.77,-115.00,8844,151,0.98,2,0.24,2,1.10,2,0.36,2
21,-14.77,-115.00,8843,225,1.76,2,7.11,2,0.02,2,0.73,2
21,-14.77,-115.00,8842,225,1.85,2,7.20,2,0.02,2,0.73,2
21,-14.77,-115.00,8841,302,16.40,2,22.01,2,0.00,2,2.14,2
21,-14.77,-115.00,8840,302,16.69,2,22.14,2,0.00,2,2.15,2
21,-14.77,-115.00,8839,362,26.45,2,30.08,2,0.00,2,2.62,2
21,-14.77,-115.00,8838,362,26.45,2,30.08,2,0.00,2,2.62,2
21,-14.77,-115.00,8837,452,30.55,2,36.20,2,0.00,2,2.49,2
21,-14.77,-115.00,8836,452,30.55,2,36.22,2,0.00,2,2.50,2
21,-14.77,-115.00,8835,501,34.65,2,36.67,2,0.00,2,2.49,2
21,-14.77,-115.00,8834,501,34.65,2,36.69,2,0.00,2,2.49,2
21,-14.77,-115.00,8833,751,53.79,2,38.58,2,0.00,2,2.65,2
21,-14.77,-115.00,8832,751,53.69,2,38.59,2,0.00,2,2.66,2
21,-14.77,-115.00,8831,1002,73.99,2,39.24,2,0.00,2,2.74,2
21,-14.77,-115.00,8830,1002,73.99,2,39.15,2,0.00,2,2.75,2
21,-14.77,-115.00,8911,1001,74.39,2,38.40,2,0.00,2,2.66,2
21,-14.77,-115.00,8910,1001,74.68,2,38.44,2,0.00,2,2.68,2
21,-14.77,-115.00,8909,1250,95.27,2,38.87,2,0.00,2,2.75,2
21,-14.77,-115.00,8908,1250,95.47,2,39.03,2,0.00,2,2.75,2
21,-14.77,-115.00,8907,1501,109.13,2,38.37,2,0.00,2,2.74,2
21,-14.77,-115.00,8906,1501,109.42,2,38.65,2,0.00,2,2.75,2
21,-14.77,-115.00,8905,1753,119.77,2,37.89,2,0.00,2,2.69,2
21,-14.77,-115.00,8904,1753,119.87,2,37.80,2,0.00,2,2.71,2
21,-14.77,-115.00,8903,2000,120.94,2,36.12,2,0.00,2,2.57,2
21,-14.77,-115.00,8902,2000,121.23,2,36.10,2,0.00,2,2.58,2
21,-14.77,-115.00,8901,2100,122.01,2,35.58,2,0.00,2,2.53,2
21,-14.77,-115.00,8900,2100,122.60,2,35.70,2,0.00,2,2.54,2
21,-14.77,-115.00,8899,2200,123.47,2,35.27,2,0.00,2,2.52,2
21,-14.77,-115.00,8898,2200,123.67,2,35.31,2,0.00,2,2.53,2
21,-14.77,-115.00,8897,2301,125.43,2,35.17,2,0.00,2,2.51,2
21,-14.77,-115.00,8896,2301,125.04,2,35.17,2,0.00,2,2.51,2
21,-14.77,-115.00,8895,2351,126.40,2,35.19,2,0.00,2,2.51,2
21,-14.77,-115.00,8894,2351,126.79,2,35.21,2,0.00,2,2.52,2
21,-14.77,-115.00,8893,2401,127.57,2,35.29,2,0.00,2,2.53,2
21,-14.77,-115.00,8892,2401,127.67,2,35.31,2,0.00,2,2.53,2
21,-14.77,-115.00,8891,2450,128.26,2,35.29,2,0.00,2,2.53,2
21,-14.77,-115.00,8890,2450,128.74,2,35.43,2,0.00,2,2.53,2
21,-14.77,-115.00,8889,2501,129.33,2,35.37,2,0.00,2,2.53,2
21,-14.77,-115.00,8888,2501,129.72,2,35.43,2,0.00,2,2.53,2
21,-14.79,-115.05,8878,4,1.56,2,2.79,2,0.06,2,0.39,2
22,-14.39,-117.50,8948,20,1.46,2,2.11,2,0.04,2,0.35,2
22,-14.39,-117.50,8947,20,1.56,2,2.07,2,0.04,2,0.34,2
22,-14.39,-117.50,8946,85,1.27,2,0.31,2,0.02,2,0.29,2
22,-14.39,-117.50,8945,85,1.07,2,0.28,2,0.02,2,0.28,2
22,-14.39,-117.50,8944,122,0.78,2,0.06,2,0.11,2,0.28,2
22,-14.39,-117.50,8943,122,0.88,2,0.04,2,0.10,2,0.28,2
22,-14.39,-117.50,8942,150,0.78,2,0.39,2,0.97,2,0.34,2
22,-14.39,-117.50,8941,150,0.78,2,0.37,2,0.97,2,0.33,2
22,-14.39,-117.50,8940,211,0.88,2,4.38,2,0.02,2,0.53,2
22,-14.39,-117.50,8939,211,0.98,2,4.34,2,0.02,2,0.52,2
22,-14.39,-117.50,8938,282,4.39,2,12.48,2,0.01,2,1.03,2
22,-14.39,-117.50,8937,282,4.39,2,12.44,2,0.01,2,1.03,2
22,-14.39,-117.50,8936,311,10.84,2,19.75,2,0.00,2,1.69,2
22,-14.39,-117.50,8935,311,10.64,2,19.68,2,0.00,2,1.68,2
22,-14.39,-117.50,8934,375,23.04,2,31.30,2,0.00,2,2.45,2
22,-14.39,-117.50,8933,375,22.84,2,31.11,2,0.00,2,2.44,2
22,-14.39,-117.50,8932,451,28.89,2,35.45,2,0.00,2,2.45,2
22,-14.39,-117.50,8931,451,28.70,2,35.42,2,0.00,2,2.46,2
22,-14.39,-117.50,8930,550,37.00,2,36.26,2,0.00,2,2.44,2
22,-14.39,-117.50,8929,550,37.09,2,36.37,2,0.00,2,2.45,2
22,-14.39,-117.50,8928,751,55.06,2,38.73,2,0.00,2,2.66,2
22,-14.39,-117.50,8927,751,54.96,2,38.66,2,0.00,2,2.66,2
22,-14.39,-117.50,8926,1003,73.21,2,38.42,2,0.00,2,2.67,2
22,-14.39,-117.50,8925,1003,73.31,2,38.39,2,0.00,2,2.67,2
22,-14.38,-117.53,8964,3,1.56,2,2.15,2,0.04,2,0.36,2
23,-14.00,-120.00,9000,2499,132.06,2,35.70,2,0.00,2,2.54,2
23,-14.00,-120.00,8999,2499,132.36,2,35.75,2,0.00,2,2.56,2
23,-14.00,-120.00,8998,2549,132.36,2,35.69,2,0.00,2,2.55,2
23,-14.00,-120.00,8997,2549,132.45,2,35.77,2,0.00,2,2.55,2
23,-14.00,-120.00,8996,2600,131.87,2,35.73,2,0.00,2,2.54,2
23,-14.00,-120.00,8995,2600,132.16,2,35.79,2,0.00,2,2.55,2
23,-14.00,-120.00,8994,2699,132.55,2,35.74,2,0.00,2,2.55,2
23,-14.00,-120.00,8993,2699,132.65,2,35.76,2,0.00,2,2.55,2
23,-14.00,-120.00,8992,2799,132.16,2,35.52,2,0.00,2,2.53,2
23,-14.00,-120.00,8991,2799,132.26,2,35.61,2,0.00,2,2.54,2
23,-14.00,-120.00,8990,2900,133.33,2,35.51,2,0.00,2,2.55,2
23,-14.00,-120.00,8989,2900,133.72,2,35.60,2,0.00,2,2.55,2
23,-14.00,-120.00,8988,3000,133.43,2,35.49,2,0.00,2,2.53,2
23,-14.00,-120.00,8987,3000,133.43,2,35.46,2,0.00,2,2.52,2
23,-14.00,-120.00,8986,3101,134.40,2,35.51,2,0.00,2,2.54,2
23,-14.00,-120.00,8985,3101,133.92,2,35.53,2,0.00,2,2.54,2
23,-14.00,-120.00,8984,3199,133.82,2,35.47,2,0.00,2,2.53,2
23,-14.00,-120.00,8983,3199,134.31,2,35.57,2,0.00,2,2.54,2
23,-14.00,-120.00,8982,3300,134.21,2,35.57,2,0.00,2,2.54,2
23,-14.00,-120.00,8981,3300,134.70,2,35.66,2,0.00,2,2.55,2
23,-14.00,-120.00,8980,3350,134.50,2,35.70,2,0.00,2,2.54,2
23,-14.00,-120.00,8979,3350,134.50,2,35.69,2,0.00,2,2.55,2
23,-14.00,-120.00,8978,3432,134.31,2,35.66,2,0.00,2,2.54,2
23,-14.00,-120.00,8977,3432,134.70,2,35.75,2,0.00,2,2.54,2
23,-14.00,-120.00,9034,21,2.44,2,2.82,2,0.05,2,0.40,2
23,-14.00,-120.00,9033,21,1.95,2,2.81,2,0.05,2,0.39,2
23,-14.00,-120.00,9032,51,1.37,2,1.68,2,0.03,2,0.34,2
23,-14.00,-120.00,9031,51,1.46,2,1.72,2,0.03,2,0.34,2
23,-14.00,-120.00,9030,75,1.17,2,1.08,2,0.02,2,0.30,2
23,-14.00,-120.00,9029,75,1.27,2,1.04,2,0.02,2,0.30,2
23,-14.00,-120.00,9028,90,1.36,2,0.38,2,0.02,2,0.30,2
23,-14.00,-120.00,9027,90,1.36,2,0.39,2,0.02,2,0.30,2
23,-14.00,-120.00,9026,121,1.17,2,0.03,2,0.11,2,0.30,2
23,-14.00,-120.00,9025,121,1.27,2,0.03,2,0.10,2,0.29,2
23,-14.00,-120.00,9024,181,0.98,2,2.96,2,0.03,2,0.41,2
23,-14.00,-120.00,9023,181,0.98,2,2.96,2,0.03,2,0.40,2
23,-14.00,-120.00,9022,231,1.27,2,4.64,2,0.00,2,0.51,2
23,-14.00,-120.00,9021,231,1.37,2,4.65,2,0.00,2,0.51,2
23,-14.00,-120.00,9020,293,9.18,2,17.74,2,0.00,2,1.58,2
23,-14.00,-120.00,9019,293,9.27,2,17.70,2,0.00,2,1.57,2
23,-14.00,-120.00,9018,352,21.08,2,26.54,2,0.00,2,2.39,2
23,-14.00,-120.00,9017,352,21.08,2,26.46,2,0.00,2,2.38,2
23,-14.00,-120.00,9016,502,32.90,2,36.61,2,0.00,2,2.48,2
23,-14.00,-120.00,9015,502,32.99,2,36.66,2,0.00,2,2.49,2
23,-14.00,-120.00,9014,752,54.28,2,36.83,2,0.00,2,2.52,2
23,-14.00,-120.00,9013,752,54.37,2,36.94,2,0.00,2,2.53,2
23,-14.00,-120.00,9012,1002,78.68,2,38.28,2,0.00,2,2.68,2
23,-14.00,-120.00,9011,1002,78.58,2,38.24,2,0.00,2,2.67,2
23,-14.00,-120.00,9096,1000,74.68,2,38.11,2,0.00,2,2.69,2
23,-14.00,-120.00,9095,1000,75.07,2,38.18,2,0.00,2,2.70,2
23,-14.00,-120.00,9094,1250,91.37,2,37.78,2,0.00,2,2.71,2
23,-14.00,-120.00,9093,1250,91.37,2,37.78,2,0.00,2,2.71,2
23,-14.00,-120.00,9092,1500,106.98,2,37.77,2,0.00,2,2.74,2
23,-14.00,-120.00,9091,1500,107.28,2,37.89,2,0.00,2,2.74,2
23,-14.00,-120.00,9090,1751,119.28,2,37.39,2,0.00,2,2.72,2
23,-14.00,-120.00,9089,1751,119.09,2,37.32,2,0.00,2,2.72,2
23,-14.00,-120.00,9088,2001,124.06,2,36.20,2,0.00,2,2.64,2
23,-14.00,-120.00,9087,2001,124.65,2,36.27,2,0.00,2,2.64,2
23,-14.00,-120.00,9086,2100,125.23,2,35.79,2,0.00,2,2.60,2
23,-14.00,-120.00,9085,2100,124.74,2,35.68,2,0.00,2,2.59,2
23,-14.00,-120.00,9084,2201,126.99,2,35.68,2,0.00,2,2.58,2
23,-14.00,-120.00,9083,2201,126.40,2,35.66,2,0.00,2,2.59,2
23,-14.00,-120.00,9082,2301,128.84,2,35.63,2,0.00,2,2.58,2
23,-14.00,-120.00,9081,2301,128.45,2,35.59,2,0.00,2,2.57,2
23,-14.00,-120.00,9080,2351,129.72,2,35.58,2,0.00,2,2.58,2
23,-14.00,-120.00,9079,2351,130.01,2,35.54,2,0.00,2,2.58,2
23,-14.00,-120.00,9078,2400,130.11,2,35.54,2,0.00,2,2.58,2
23,-14.00,-120.00,9077,2400,130.50,2,35.57,2,0.00,2,2.58,2
23,-14.00,-120.00,9076,2450,130.31,2,35.32,2,0.00,2,2.56,2
23,-14.00,-120.00,9075,2450,131.09,2,35.58,2,0.00,2,2.58,2
23,-14.00,-120.00,9074,2501,131.67,2,35.51,2,0.00,2,2.57,2
23,-14.00,-120.00,9073,2501,131.87,2,35.53,2,0.00,2,2.57,2
23,-14.00,-120.07,9059,3,3.02,2,2.55,2,0.04,2,0.38,2
24,-13.27,-122.50,9148,20,1.85,2,3.17,2,0.07,2,0.43,2
24,-13.27,-122.50,9147,20,2.05,2,3.16,2,0.07,2,0.43,2
24,-13.27,-122.50,9146,40,1.85,2,3.15,2,0.07,2,0.44,2
24,-13.27,-122.50,9145,40,1.85,2,3.15,2,0.07,2,0.43,2
24,-13.27,-122.50,9144,55,1.66,2,2.84,2,0.06,2,0.43,2
24,-13.27,-122.50,9143,55,1.76,2,2.86,2,0.06,2,0.42,2
24,-13.27,-122.50,9142,70,1.37,2,1.57,2,0.04,2,0.36,2
24,-13.27,-122.50,9141,70,1.56,2,1.56,2,0.04,2,0.36,2
24,-13.27,-122.50,9140,111,1.27,2,0.27,2,0.09,2,0.36,2
24,-13.27,-122.50,9139,111,1.36,2,0.27,2,0.09,2,0.35,2
24,-13.27,-122.50,9138,180,1.07,2,3.66,2,0.06,2,0.52,2
24,-13.27,-122.50,9137,180,1.27,2,3.66,2,0.06,2,0.52,2
24,-13.27,-122.50,9136,226,2.34,2,8.71,2,0.02,2,0.89,2
24,-13.27,-122.50,9135,226,2.34,2,8.73,2,0.03,2,0.88,2
24,-13.27,-122.50,9134,291,14.64,2,21.86,2,0.00,2,2.04,2
24,-13.27,-122.50,9133,291,14.84,2,21.94,2,0.00,2,2.06,2
24,-13.27,-122.50,9132,351,25.87,2,30.79,2,0.00,2,2.65,2
24,-13.27,-122.50,9131,351,25.67,2,30.76,2,0.00,2,2.65,2
24,-13.27,-122.50,9130,502,35.14,2,36.81,2,0.00,2,2.55,2
24,-13.27,-122.50,9129,502,35.34,2,36.85,2,0.00,2,2.55,2
24,-13.27,-122.50,9128,752,54.28,2,40.79,2,0.00,2,2.83,2
24,-13.27,-122.50,9127,752,54.08,2,40.71,2,0.00,2,2.82,2
24,-13.27,-122.50,9126,1002,74.78,2,40.51,2,0.00,2,2.84,2
24,-13.27,-122.50,9125,1002,74.78,2,40.52,2,0.00,2,2.84,2
24,-13.26,-122.53,9117,3,2.44,2,3.43,2,0.07,2,0.45,2
25,-12.54,-125.00,9178,2600,133.53,2,35.85,2,0.00,2,2.58,2
25,-12.54,-125.00,9177,2600,134.50,2,35.93,2,0.00,2,2.60,2
25,-12.54,-125.00,9176,2650,134.01,2,35.90,2,0.00,2,2.59,2
25,-12.54,-125.00,9175,2650,134.21,2,35.91,2,0.00,2,2.60,2
25,-12.54,-125.00,9174,2699,134.50,2,35.81,2,0.00,2,2.59,2
25,-12.54,-125.00,9173,2699,134.41,2,35.88,2,0.00,2,2.59,2
25,-12.54,-125.00,9172,2750,133.72,2,35.75,2,0.00,2,2.58,2
25,-12.54,-125.00,9171,2750,133.43,2,35.75,2,0.00,2,2.59,2
25,-12.54,-125.00,9170,2801,133.23,2,35.61,2,0.00,2,2.58,2
25,-12.54,-125.00,9169,2801,133.82,2,35.67,2,0.00,2,2.59,2
25,-12.54,-125.00,9168,2900,133.04,2,35.46,2,0.00,2,2.56,2
25,-12.54,-125.00,9167,2900,133.43,2,35.49,2,0.00,2,2.57,2
25,-12.54,-125.00,9166,3000,133.23,2,35.39,2,0.00,2,2.55,2
25,-12.54,-125.00,9165,3000,133.04,2,35.41,2,0.00,2,2.55,2
25,-12.54,-125.00,9164,3249,133.62,2,35.21,2,0.00,2,2.54,2
25,-12.54,-125.00,9163,3249,133.43,2,35.05,2,0.00,2,2.54,2
25,-12.54,-125.00,9162,3500,134.40,2,35.02,2,0.00,2,2.53,2
25,-12.54,-125.00,9161,3500,134.11,2,34.99,2,0.00,2,2.53,2
25,-12.54,-125.00,9160,3749,134.31,2,34.92,2,0.00,2,2.52,2
25,-12.54,-125.00,9159,3749,134.70,2,34.92,2,0.00,2,2.53,2
25,-12.54,-125.00,9158,3899,134.50,2,34.86,2,0.00,2,2.52,2
25,-12.54,-125.00,9157,3899,134.70,2,34.85,2,0.00,2,2.52,2
25,-12.54,-125.00,9156,3924,134.89,2,34.88,2,0.00,2,2.52,2
25,-12.54,-125.00,9155,3924,134.79,2,34.90,2,0.00,2,2.52,2
25,-12.54,-125.00,9224,21,1.07,2,2.48,2,0.05,2,0.37,2
25,-12.54,-125.00,9223,21,1.37,2,2.44,2,0.05,2,0.36,2
25,-12.54,-125.00,9222,30,1.07,2,2.42,2,0.05,2,0.36,2
25,-12.54,-125.00,9221,30,1.17,2,2.39,2,0.05,2,0.35,2
25,-12.54,-125.00,9220,41,1.17,2,2.37,2,0.05,2,0.36,2
25,-12.54,-125.00,9219,41,1.17,2,2.38,2,0.04,2,0.35,2
25,-12.54,-125.00,9218,60,1.27,2,2.33,2,0.04,2,0.36,2
25,-12.54,-125.00,9217,60,1.07,2,2.38,2,0.04,2,0.36,2
25,-12.54,-125.00,9216,86,0.98,2,2.16,2,0.04,2,0.37,2
25,-12.54,-125.00,9215,86,1.17,2,2.19,2,0.04,2,0.37,2
25,-12.54,-125.00,9214,151,1.07,2,4.77,2,0.71,2,0.61,2
25,-12.54,-125.00,9213,151,1.17,2,4.83,2,0.68,2,0.61,2
25,-12.54,-125.00,9212,201,2.63,2,10.13,2,0.00,2,0.94,2
25,-12.54,-125.00,9211,201,2.63,2,10.14,2,0.00,2,0.93,2
25,-12.54,-125.00,9210,301,16.40,2,25.00,2,0.00,2,2.15,2
25,-12.54,-125.00,9209,301,16.30,2,25.00,2,0.00,2,2.14,2
25,-12.54,-125.00,9208,351,22.84,2,31.25,2,0.00,2,2.47,2
25,-12.54,-125.00,9207,351,22.84,2,31.27,2,0.00,2,2.47,2
25,-12.54,-125.00,9206,502,33.58,2,35.64,2,0.00,2,2.43,2
25,-12.54,-125.00,9205,502,33.58,2,35.59,2,0.00,2,2.42,2
25,-12.54,-125.00,9204,751,52.32,2,39.25,2,0.00,2,2.70,2
25,-12.54,-125.00,9203,751,52.42,2,39.27,2,0.00,2,2.70,2
25,-12.54,-125.00,9202,1002,76.43,2,40.33,2,0.00,2,2.84,2
25,-12.54,-125.00,9201,1002,76.24,2,40.34,2,0.00,2,2.83,2
25,-12.54,-125.00,9287,1000,77.02,2,39.88,2,0.00,2,2.81,2
25,-12.54,-125.00,9286,1000,76.92,2,39.90,2,0.00,2,2.81,2
25,-12.54,-125.00,9285,1250,95.66,2,39.06,2,0.00,2,2.79,2
25,-12.54,-125.00,9284,1250,95.66,2,38.98,2,0.00,2,2.80,2
25,-12.54,-125.00,9283,1501,110.11,2,38.56,2,0.00,2,2.78,2
25,-12.54,-125.00,9282,1501,110.50,2,38.68,2,0.00,2,2.79,2
25,-12.54,-125.00,9281,1750,118.60,2,37.63,2,0.00,2,2.71,2
25,-12.54,-125.00,9280,1750,118.40,2,37.65,2,0.00,2,2.72,2
25,-12.54,-125.00,9279,2001,123.67,2,36.85,2,0.00,2,2.66,2
25,-12.54,-125.00,9278,2001,124.35,2,36.99,2,0.00,2,2.67,2
25,-12.54,-125.00,9277,2100,125.92,2,36.56,2,0.00,2,2.64,2
25,-12.54,-125.00,9276,2100,126.40,2,36.65,2,0.00,2,2.65,2
25,-12.54,-125.00,9275,2200,128.16,2,36.34,2,0.00,2,2.62,2
25,-12.54,-125.00,9274,2200,128.36,2,36.37,2,0.00,2,2.62,2
25,-12.54,-125.00,9273,2301,130.70,2,36.23,2,0.00,2,2.61,2
25,-12.54,-125.00,9272,2301,130.89,2,36.15,2,0.00,2,2.61,2
25,-12.54,-125.00,9271,2401,132.06,2,36.11,2,0.00,2,2.61,2
25,-12.54,-125.00,9270,2401,132.06,2,36.08,2,0.00,2,2.60,2
25,-12.54,-125.00,9269,2500,133.53,2,36.04,2,0.00,2,2.58,2
25,-12.54,-125.00,9268,2500,133.23,2,36.10,2,0.00,2,2.60,2
25,-12.54,-125.00,9267,2550,133.63,2,36.00,2,0.00,2,2.59,2
25,-12.54,-125.00,9266,2550,134.21,2,36.06,2,0.00,2,2.60,2
25,-12.54,-125.00,9265,2601,134.80,2,36.04,2,0.00,2,2.58,2
25,-12.54,-125.00,9264,2601,134.99,2,36.13,2,0.00,2,2.60,2
25,-12.58,-125.06,9249,3,1.37,2,2.29,2,0.05,2,0.36,2
26,-11.67,-128.00,9325,2599,135.19,2,35.38,2,0.00,2,2.58,2
26,-11.67,-128.00,9324,2599,135.58,2,35.41,2,0.00,2,2.61,2
26,-11.67,-128.00,9323,2650,134.60,2,35.25,2,0.00,2,2.60,2
26,-11.67,-128.00,9322,2650,134.99,2,35.36,2,0.00,2,2.61,2
26,-11.67,-128.00,9321,2701,135.48,2,35.34,2,0.00,2,2.60,2
26,-11.67,-128.00,9320,2701,136.65,2,35.39,2,0.00,2,2.61,2
26,-11.67,-128.00,9319,2750,135.67,2,35.32,2,0.00,2,2.59,2
26,-11.67,-128.00,9318,2750,136.65,2,35.33,2,0.00,2,2.60,2
26,-11.67,-128.00,9317,2799,135.58,2,35.20,2,0.00,2,2.58,2
26,-11.67,-128.00,9316,2799,135.38,2,35.13,2,0.00,2,2.58,2
26,-11.67,-128.00,9315,2900,135.48,2,35.05,2,0.00,2,2.57,2
26,-11.67,-128.00,9314,2900,135.38,2,35.06,2,0.00,2,2.59,2
26,-11.67,-128.00,9313,2999,135.09,2,35.00,2,0.00,2,2.57,2
26,-11.67,-128.00,9312,2999,135.48,2,35.01,2,0.00,2,2.57,2
26,-11.67,-128.00,9311,3249,135.19,2,34.82,2,0.00,2,2.54,2
26,-11.67,-128.00,9310,3249,135.38,2,34.82,2,0.00,2,2.54,2
26,-11.67,-128.00,9309,3500,134.99,2,34.49,2,0.00,2,2.52,2
26,-11.67,-128.00,9308,3500,135.57,2,34.62,2,0.00,2,2.52,2
26,-11.67,-128.00,9307,3750,135.87,2,34.58,2,0.00,2,2.53,2
26,-11.67,-128.00,9306,3750,135.58,2,34.61,2,0.00,2,2.53,2
26,-11.67,-128.00,9305,3899,137.23,2,34.61,2,0.00,2,2.53,2
26,-11.67,-128.00,9304,3899,135.77,2,35.18,2,0.00,2,2.57,2
26,-11.67,-128.00,9303,3965,137.92,2,34.69,2,0.00,2,2.53,2
26,-11.67,-128.00,9302,3965,138.70,2,34.82,2,0.00,2,2.54,2
26,-11.67,-128.00,9384,20,1.37,2,2.33,2,0.04,2,0.35,2
26,-11.67,-128.00,9383,20,1.46,2,2.29,2,0.04,2,0.37,2
26,-11.67,-128.00,9382,45,1.17,2,2.32,2,0.04,2,0.38,2
26,-11.67,-128.00,9381,45,1.37,2,2.30,2,0.04,2,0.37,2
26,-11.67,-128.00,9380,80,1.17,2,1.41,2,0.03,2,0.32,2
26,-11.67,-128.00,9379,80,1.36,2,1.39,2,0.03,2,0.32,2
26,-11.67,-128.00,9378,101,1.27,2,0.74,2,0.11,2,0.42,2
26,-11.67,-128.00,9377,101,1.36,2,0.73,2,0.10,2,0.41,2
26,-11.67,-128.00,9376,141,1.17,2,1.23,2,1.56,2,0.43,2
26,-11.67,-128.00,9375,141,1.07,2,1.17,2,1.53,2,0.42,2
26,-11.67,-128.00,9374,202,1.46,2,5.89,2,0.02,2,0.62,2
26,-11.67,-128.00,9373,202,1.66,2,5.98,2,0.02,2,0.62,2
26,-11.67,-128.00,9372,252,7.12,2,15.40,2,0.00,2,1.38,2
26,-11.67,-128.00,9371,252,7.12,2,15.32,2,0.00,2,1.37,2
26,-11.67,-128.00,9370,301,19.23,2,25.46,2,0.00,2,2.34,2
26,-11.67,-128.00,9369,301,19.42,2,25.57,2,0.00,2,2.34,2
26,-11.67,-128.00,9368,336,24.30,2,30.60,2,0.00,2,2.50,2
26,-11.67,-128.00,9367,336,24.01,2,30.66,2,0.00,2,2.50,2
26,-11.67,-128.00,9366,551,36.41,2,35.09,2,0.00,2,2.40,2
26,-11.67,-128.00,9365,551,36.51,2,35.11,2,0.00,2,2.40,2
26,-11.67,-128.00,9364,852,61.60,2,39.90,2,0.00,2,2.77,2
26,-11.67,-128.00,9363,852,61.60,2,39.88,2,0.00,2,2.77,2
26,-11.67,-128.00,9362,1001,75.95,2,39.49,2,0.00,2,2.78,2
26,-11.67,-128.00,9361,1001,75.95,2,39.55,2,0.00,2,2.78,2
26,-11.67,-128.00,9440,999,74.29,2,39.52,2,0.00,2,2.72,2
26,-11.67,-128.00,9439,999,74.48,2,39.33,2,0.00,2,2.72,2
26,-11.67,-128.00,9438,1250,95.47,2,38.90,2,0.00,2,2.74,2
26,-11.67,-128.00,9437,1250,96.35,2,39.08,2,0.00,2,2.75,2
26,-11.67,-128.00,9436,1501,110.60,2,38.15,2,0.00,2,2.71,2
26,-11.67,-128.00,9435,1501,111.28,2,38.24,2,0.00,2,2.71,2
26,-11.67,-128.00,9434,1751,120.84,2,37.54,2,0.00,2,2.67,2
26,-11.67,-128.00,9433,1751,120.84,2,37.56,2,0.00,2,2.67,2
26,-11.67,-128.00,9432,2000,128.36,2,36.91,2,0.00,2,2.63,2
26,-11.67,-128.00,9431,2000,128.16,2,36.93,2,0.00,2,2.63,2
26,-11.67,-128.00,9430,2101,130.01,2,37.08,2,0.00,2,2.62,2
26,-11.67,-128.00,9429,2101,129.82,2,36.63,2,0.00,2,2.62,2
26,-11.67,-128.00,9428,2201,131.77,2,36.55,2,0.00,2,2.60,2
26,-11.67,-128.00,9427,2201,131.38,2,36.57,2,0.00,2,2.59,2
26,-11.67,-128.00,9426,2300,133.14,2,36.35,2,0.00,2,2.59,2
26,-11.67,-128.00,9425,2300,133.33,2,36.38,2,0.00,2,2.59,2
26,-11.67,-128.00,9424,2401,134.89,2,36.25,2,0.00,2,2.58,2
26,-11.67,-128.00,9423,2401,134.89,2,36.27,2,0.00,2,2.58,2
26,-11.67,-128.00,9422,2501,136.06,2,36.19,2,0.00,2,2.58,2
26,-11.67,-128.00,9421,2501,136.85,2,36.24,2,0.00,2,2.60,2
26,-11.67,-128.00,9420,2550,136.36,2,36.10,2,0.00,2,2.57,2
26,-11.67,-128.00,9419,2550,137.92,2,36.32,2,0.00,2,2.59,2
26,-11.67,-128.00,9418,2601,137.92,2,36.18,2,0.00,2,2.58,2
26,-11.67,-128.00,9417,2601,138.21,2,36.23,2,0.00,2,2.60,2
26,-11.71,-128.08,9338,3,1.46,2,2.62,2,0.05,2,0.37,2
27,-11.65,-130.00,9532,20,1.56,2,3.93,2,0.08,2,0.44,2
27,-11.65,-130.00,9531,20,1.66,2,3.92,2,0.08,2,0.43,2
27,-11.65,-130.00,9530,45,1.37,2,3.90,2,0.08,2,0.46,2
27,-11.65,-130.00,9529,45,1.56,2,3.90,2,0.08,2,0.43,2
27,-11.65,-130.00,9528,65,0.98,2,2.84,2,0.05,2,0.38,2
27,-11.65,-130.00,9527,65,1.17,2,2.78,2,0.06,2,0.37,2
27,-11.65,-130.00,9526,101,1.17,2,1.10,2,0.04,2,0.35,2
27,-11.65,-130.00,9525,101,1.27,2,1.10,2,0.04,2,0.35,2
27,-11.65,-130.00,9524,141,1.17,2,0.76,2,2.42,2,0.51,2
27,-11.65,-130.00,9523,141,1.27,2,0.74,2,2.39,2,0.50,2
27,-11.65,-130.00,9522,200,0.78,2,3.52,2,0.04,2,0.45,2
27,-11.65,-130.00,9521,200,0.98,2,3.54,2,0.05,2,0.45,2
27,-11.65,-130.00,9520,251,5.17,2,12.84,2,0.00,2,1.15,2
27,-11.65,-130.00,9519,251,5.27,2,13.04,2,0.00,2,1.17,2
27,-11.65,-130.00,9518,301,18.54,2,26.18,2,0.00,2,2.31,2
27,-11.65,-130.00,9517,301,18.64,2,26.20,2,0.00,2,2.30,2
27,-11.65,-130.00,9516,426,29.28,2,32.95,2,0.00,2,2.26,2
27,-11.65,-130.00,9515,426,28.99,2,32.90,2,0.00,2,2.26,2
27,-11.65,-130.00,9514,601,42.46,2,39.11,2,0.00,2,2.66,2
27,-11.65,-130.00,9513,601,42.56,2,39.17,2,0.00,2,2.66,2
27,-11.65,-130.00,9512,877,63.26,2,40.34,2,0.00,2,2.80,2
27,-11.65,-130.00,9511,877,63.16,2,40.30,2,0.00,2,2.79,2
27,-11.65,-130.00,9510,1001,76.53,2,40.23,2,0.00,2,2.83,2
27,-11.65,-130.00,9509,1001,76.63,2,40.29,2,0.00,2,2.83,2
27,-11.65,-130.04,9546,3,1.46,2,3.89,2,0.08,2,0.44,2
28,-11.63,-132.50,9571,2550,136.65,2,35.93,2,0.00,2,2.57,2
28,-11.63,-132.50,9570,2550,137.63,2,36.09,2,0.00,2,2.58,2
28,-11.63,-132.50,9569,2600,138.70,2,36.08,2,0.00,2,2.59,2
28,-11.63,-132.50,9568,2600,138.90,2,36.16,2,0.00,2,2.59,2
28,-11.63,-132.50,9567,2649,138.70,2,36.18,2,0.00,2,2.58,2
28,-11.63,-132.50,9566,2649,139.38,2,36.29,2,0.00,2,2.59,2
28,-11.63,-132.50,9565,2700,139.38,2,36.19,2,0.00,2,2.58,2
28,-11.63,-132.50,9564,2700,139.58,2,36.23,2,0.00,2,2.60,2
28,-11.63,-132.50,9563,2800,139.09,2,36.10,2,0.00,2,2.57,2
28,-11.63,-132.50,9562,2800,139.19,2,36.17,2,0.00,2,2.59,2
28,-11.63,-132.50,9561,2901,138.50,2,36.00,2,0.00,2,2.57,2
28,-11.63,-132.50,9560,2901,138.11,2,36.05,2,0.00,2,2.58,2
28,-11.63,-132.50,9559,3000,137.63,2,35.99,2,0.00,2,2.57,2
28,-11.63,-132.50,9558,3000,137.14,2,35.84,2,0.00,2,2.57,2
28,-11.63,-132.50,9557,3251,137.14,2,35.73,2,0.00,2,2.54,2
28,-11.63,-132.50,9556,3251,137.33,2,35.73,2,0.00,2,2.57,2
28,-11.63,-132.50,9555,3500,136.75,2,35.55,2,0.00,2,2.53,2
28,-11.63,-132.50,9554,3500,136.26,2,35.56,2,0.00,2,2.52,2
28,-11.63,-132.50,9553,3799,136.06,2,35.39,2,0.00,2,2.51,2
28,-11.63,-132.50,9552,3799,136.45,2,35.50,2,0.00,2,2.53,2
28,-11.63,-132.50,9551,3900,136.16,2,35.50,2,0.00,2,2.52,2
28,-11.63,-132.50,9550,3900,136.55,2,35.49,2,0.00,2,2.52,2
28,-11.63,-132.50,9549,4014,135.77,2,35.47,2,0.00,2,2.52,2
28,-11.63,-132.50,9548,4014,136.55,2,35.54,2,0.00,2,2.53,2
28,-11.63,-132.50,9634,20,1.37,2,2.36,2,0.05,2,0.37,2
28,-11.63,-132.50,9633,20,1.56,2,2.32,2,0.05,2,0.37,2
28,-11.63,-132.50,9632,41,1.37,2,2.33,2,0.05,2,0.36,2
28,-11.63,-132.50,9631,41,1.56,2,2.32,2,0.05,2,0.36,2
28,-11.63,-132.50,9630,61,1.37,2,2.33,2,0.05,2,0.36,2
28,-11.63,-132.50,9629,61,1.46,2,2.35,2,0.05,2,0.36,2
28,-11.63,-132.50,9628,76,1.37,2,2.24,2,0.04,2,0.38,2
28,-11.63,-132.50,9627,76,1.27,2,2.35,2,0.05,2,0.38,2
28,-11.63,-132.50,9626,121,1.07,2,0.61,2,0.30,2,0.42,2
28,-11.63,-132.50,9625,121,1.17,2,0.62,2,0.22,2,0.40,2
28,-11.63,-132.50,9624,151,1.07,2,1.23,2,2.28,2,0.49,2
28,-11.63,-132.50,9623,151,1.07,2,1.20,2,2.29,2,0.49,2
28,-11.63,-132.50,9622,222,1.95,2,7.37,2,0.02,2,0.74,2
28,-11.63,-132.50,9621,222,1.95,2,7.44,2,0.02,2,0.76,2
28,-11.63,-132.50,9620,272,8.49,2,17.45,2,0.00,2,1.56,2
28,-11.63,-132.50,9619,272,8.59,2,17.48,2,0.00,2,1.56,2
28,-11.63,-132.50,9618,341,22.84,2,29.16,2,0.00,2,2.40,2
28,-11.63,-132.50,9617,341,22.84,2,29.14,2,0.00,2,2.40,2
28,-11.63,-132.50,9616,441,28.89,2,32.22,2,0.00,2,2.23,2
28,-11.63,-132.50,9615,441,29.18,2,32.33,2,0.00,2,2.24,2
28,-11.63,-132.50,9614,611,44.71,2,39.38,2,0.00,2,2.70,2
28,-11.63,-132.50,9613,611,45.00,2,39.44,2,0.00,2,2.68,2
28,-11.63,-132.50,9612,863,65.70,2,41.60,2,0.00,2,2.88,2
28,-11.63,-132.50,9611,863,65.40,2,41.60,2,0.00,2,2.88,2
28,-11.63,-132.50,9688,860,65.89,2,41.45,2,0.00,2,2.88,2
28,-11.63,-132.50,9665,860,65.79,2,41.64,2,0.00,2,2.91,2
28,-11.63,-132.50,9687,1201,91.86,2,39.35,2,0.00,2,2.80,2
28,-11.63,-132.50,9686,1201,91.17,2,39.36,2,0.00,2,2.80,2
28,-11.63,-132.50,9685,1501,110.69,2,38.31,2,0.00,2,2.75,2
28,-11.63,-132.50,9684,1501,110.60,2,38.27,2,0.00,2,2.75,2
28,-11.63,-132.50,9683,1752,120.65,2,37.70,2,0.00,2,2.71,2
28,-11.63,-132.50,9682,1752,120.84,2,37.66,2,0.00,2,2.71,2
28,-11.63,-132.50,9681,2001,128.84,2,37.03,2,0.00,2,2.67,2
28,-11.63,-132.50,9680,2001,128.65,2,36.98,2,0.00,2,2.66,2
28,-11.63,-132.50,9679,2100,131.67,2,36.89,2,0.00,2,2.66,2
28,-11.63,-132.50,9678,2100,131.28,2,36.88,2,0.00,2,2.65,2
28,-11.63,-132.50,9677,2202,133.92,2,36.69,2,0.00,2,2.65,2
28,-11.63,-132.50,9676,2202,133.33,2,36.73,2,0.00,2,2.64,2
28,-11.63,-132.50,9675,2301,134.80,2,36.51,2,0.00,2,2.63,2
28,-11.63,-132.50,9674,2301,135.09,2,36.45,2,0.00,2,2.63,2
28,-11.63,-132.50,9673,2400,136.07,2,36.37,2,0.00,2,2.62,2
28,-11.63,-132.50,9672,2400,135.77,2,36.40,2,0.00,2,2.62,2
28,-11.63,-132.50,9671,2451,134.21,4,36.57,4,0.00,4,2.64,4
28,-11.63,-132.50,9670,2451,133.72,4,36.56,4,0.00,4,2.63,4
28,-11.63,-132.50,9669,2500,137.63,2,36.43,2,0.00,2,2.63,2
28,-11.63,-132.50,9668,2500,136.94,2,36.35,2,0.00,2,2.64,2
28,-11.63,-132.50,9667,2551,137.82,2,36.39,2,0.00,2,2.63,2
28,-11.63,-132.50,9666,2551,137.33,2,36.29,2,0.00,2,2.63,2
28,-11.64,-132.56,9650,4,1.66,2,2.37,2,0.05,2,0.36,2
29,-11.60,-135.00,9712,31,1.76,2,3.45,2,0.07,2,0.44,2
29,-11.60,-135.00,9711,31,1.95,2,3.37,2,0.07,2,0.42,2
29,-11.60,-135.00,9710,40,1.66,2,3.42,2,0.07,2,0.44,2
29,-11.60,-135.00,9709,40,1.95,2,3.38,2,0.07,2,0.42,2
29,-11.60,-135.00,9708,66,1.66,2,3.53,2,0.07,2,0.48,2
29,-11.60,-135.00,9707,66,1.85,2,3.50,2,0.07,2,0.45,2
29,-11.60,-135.00,9706,76,1.37,2,2.68,2,0.05,2,0.42,2
29,-11.60,-135.00,9705,76,1.56,2,2.81,2,0.06,2,0.43,2
29,-11.60,-135.00,9704,96,1.17,2,1.69,2,0.05,2,0.40,2
29,-11.60,-135.00,9703,96,1.37,2,1.74,2,0.05,2,0.40,2
29,-11.60,-135.00,9702,150,1.17,2,0.56,2,2.66,2,0.49,2
29,-11.60,-135.00,9701,150,1.36,2,0.55,2,2.72,2,0.48,2
29,-11.60,-135.00,9700,230,1.66,2,6.68,2,0.02,2,0.69,2
29,-11.60,-135.00,9699,230,1.66,2,6.77,2,0.02,2,0.70,2
29,-11.60,-135.00,9698,327,16.88,2,24.90,2,0.00,2,2.16,2
29,-11.60,-135.00,9697,327,16.69,2,24.88,2,0.00,2,2.15,2
29,-11.60,-135.00,9696,451,29.67,2,32.64,2,0.00,2,2.26,2
29,-11.60,-135.00,9695,451,29.58,2,32.66,2,0.00,2,2.25,2
29,-11.60,-135.00,9694,626,45.49,2,40.10,2,0.00,2,2.75,2
29,-11.60,-135.00,9693,626,45.29,2,40.03,2,0.00,2,2.75,2
29,-11.60,-135.00,9692,867,64.04,2,41.05,2,0.00,2,2.86,2
29,-11.60,-135.00,9691,867,63.74,2,40.98,2,0.00,2,2.86,2
29,-11.60,-135.00,9690,1002,74.58,2,40.39,2,0.00,2,2.85,2
29,-11.60,-135.00,9689,1002,74.38,2,40.38,2,0.00,2,2.84,2
29,-11.60,-135.04,9719,3,1.76,2,3.41,2,0.07,2,0.42,2
30,-11.58,-136.98,9756,30,1.46,2,2.51,2,0.05,2,0.36,2
30,-11.58,-136.98,9755,30,1.66,2,2.50,2,0.05,2,0.36,2
30,-11.58,-136.98,9754,60,1.27,2,2.56,2,0.05,2,0.37,2
30,-11.58,-136.98,9753,60,1.46,2,2.52,2,0.05,2,0.36,2
30,-11.58,-136.98,9752,86,1.37,2,2.81,2,0.08,2,0.47,2
30,-11.58,-136.98,9751,86,1.56,2,2.84,2,0.08,2,0.48,2
30,-11.58,-136.98,9750,110,1.27,2,1.52,2,0.32,2,0.45,2
30,-11.58,-136.98,9749,110,1.56,2,1.57,2,0.26,2,0.45,2
30,-11.58,-136.98,9748,156,1.17,2,1.36,2,2.64,2,0.50,2
30,-11.58,-136.98,9747,156,1.17,2,1.36,2,2.63,2,0.50,2
30,-11.58,-136.98,9746,202,0.88,2,4.87,2,0.03,2,0.56,2
30,-11.58,-136.98,9745,202,0.98,2,4.91,2,0.03,2,0.56,2
30,-11.58,-136.98,9744,282,7.32,2,15.97,2,0.00,2,1.43,2
30,-11.58,-136.98,9743,282,7.42,2,16.03,2,0.00,2,1.44,2
30,-11.58,-136.98,9742,361,22.45,2,29.35,2,0.00,2,2.21,2
30,-11.58,-136.98,9741,361,22.45,2,29.33,2,0.00,2,2.21,2
30,-11.58,-136.98,9740,461,30.94,2,32.64,2,0.00,2,2.24,2
30,-11.58,-136.98,9739,461,30.65,2,32.70,2,0.00,2,2.25,2
30,-11.58,-136.98,9738,712,49.10,2,40.16,2,0.00,2,2.73,2
30,-11.58,-136.98,9737,712,49.39,2,40.19,2,0.00,2,2.74,2
30,-11.58,-136.98,9736,867,63.94,2,40.99,2,0.00,2,2.83,2
30,-11.58,-136.98,9735,867,63.84,2,40.98,2,0.00,2,2.83,2
30,-11.58,-136.98,9734,1001,76.53,2,40.34,2,0.00,2,2.82,2
30,-11.58,-136.98,9733,1001,76.82,2,40.35,2,0.00,2,2.83,2
30,-11.58,-136.98,9833,2549,135.19,2,36.04,2,0.00,2,2.52,2
30,-11.58,-136.98,9832,2549,136.06,2,36.11,2,0.00,2,2.55,2
30,-11.58,-136.98,9831,2599,136.36,2,36.04,2,0.00,2,2.55,2
30,-11.58,-136.98,9830,2599,136.75,2,36.04,2,0.00,2,2.56,2
30,-11.58,-136.98,9829,2649,136.26,2,35.99,2,0.00,2,2.55,2
30,-11.58,-136.98,9828,2649,136.94,2,36.10,2,0.00,2,2.56,2
30,-11.58,-136.98,9827,2699,136.85,2,36.06,2,0.00,2,2.56,2
30,-11.58,-136.98,9826,2699,137.24,2,36.09,2,0.00,2,2.57,2
30,-11.58,-136.98,9825,2799,137.43,2,35.97,2,0.00,2,2.56,2
30,-11.58,-136.98,9824,2799,138.02,2,36.01,2,0.00,2,2.57,2
30,-11.58,-136.98,9823,2900,137.53,2,35.81,2,0.00,2,2.55,2
30,-11.58,-136.98,9822,2900,138.50,2,35.85,2,0.00,2,2.56,2
30,-11.58,-136.98,9821,3000,138.11,2,35.69,2,0.00,2,2.54,2
30,-11.58,-136.98,9820,3000,137.82,2,35.76,2,0.00,2,2.56,2
30,-11.58,-136.98,9819,3250,138.02,2,35.48,2,0.00,2,2.53,2
30,-11.58,-136.98,9818,3250,138.11,2,35.45,2,0.00,2,2.54,2
30,-11.58,-136.98,9817,3499,137.04,2,35.13,2,0.00,2,2.50,2
30,-11.58,-136.98,9816,3499,137.53,2,35.22,2,0.00,2,2.52,2
30,-11.58,-136.98,9815,3749,135.09,4,35.74,4,0.00,4,2.56,4
30,-11.58,-136.98,9814,3749,135.67,2,34.92,2,0.00,2,2.49,2
30,-11.58,-136.98,9813,3899,134.60,2,34.68,2,0.00,2,2.48,2
30,-11.58,-136.98,9812,3899,135.09,2,34.77,2,0.00,2,2.49,2
30,-11.58,-136.98,9811,4049,133.82,2,34.60,2,0.00,2,2.47,2
30,-11.58,-136.98,9810,4049,134.50,2,34.65,2,0.00,2,2.49,2
30,-11.58,-136.98,9866,1000,76.04,2,40.58,2,0.00,2,2.75,2
30,-11.58,-136.98,9865,1000,76.04,2,40.57,2,0.00,2,2.77,2
30,-11.58,-136.98,9864,1250,96.83,2,39.19,2,0.00,2,2.73,2
30,-11.58,-136.98,9863,1250,97.03,2,39.15,2,0.00,2,2.73,2
30,-11.58,-136.98,9862,1501,109.91,2,38.22,2,0.00,2,2.68,2
30,-11.58,-136.98,9861,1501,110.40,2,38.30,2,0.00,2,2.69,2
30,-11.58,-136.98,9860,1750,120.55,2,37.60,2,0.00,2,2.65,2
30,-11.58,-136.98,9859,1750,120.65,2,37.63,2,0.00,2,2.65,2
30,-11.58,-136.98,9858,2001,126.21,2,36.79,2,0.00,2,2.60,2
30,-11.58,-136.98,9857,2001,126.50,2,36.77,2,0.00,2,2.60,2
30,-11.58,-136.98,9856,2100,128.65,2,36.52,2,0.00,2,2.59,2
30,-11.58,-136.98,9855,2100,128.65,2,36.61,2,0.00,2,2.60,2
30,-11.58,-136.98,9854,2201,130.60,2,36.45,2,0.00,2,2.59,2
30,-11.58,-136.98,9853,2201,130.40,2,36.52,2,0.00,2,2.58,2
30,-11.58,-136.98,9852,2301,132.65,2,36.38,2,0.00,2,2.59,2
30,-11.58,-136.98,9851,2301,132.55,2,36.37,2,0.00,2,2.59,2
30,-11.58,-136.98,9850,2400,134.41,2,36.30,2,0.00,2,2.60,2
30,-11.58,-136.98,9849,2400,134.11,2,36.28,2,0.00,2,2.60,2
30,-11.58,-136.98,9848,2451,135.29,2,36.26,2,0.00,2,2.60,2
30,-11.58,-136.98,9847,2451,135.58,2,36.39,2,0.00,2,2.61,2
30,-11.58,-136.98,9846,2501,135.48,2,36.14,2,0.00,2,2.60,2
30,-11.58,-136.98,9845,2501,135.97,2,36.39,2,0.00,2,2.61,2
30,-11.58,-136.98,9844,2551,136.06,2,36.19,2,0.00,2,2.60,2
30,-11.58,-136.98,9843,2551,136.55,2,36.27,2,0.00,2,2.61,2
30,-11.61,-137.05,9802,4,1.76,2,2.57,2,0.05,2,0.36,2
31,-11.31,-140.00,9904,30,1.66,2,1.59,2,0.05,2,0.32,2
31,-11.31,-140.00,9903,30,1.85,2,1.58,2,0.05,2,0.32,2
31,-11.31,-140.00,9902,50,1.66,2,1.58,2,0.05,2,0.33,2
31,-11.31,-140.00,9901,50,1.76,2,1.55,2,0.05,2,0.32,2
31,-11.31,-140.00,9900,74,2.24,2,2.07,2,0.32,2,0.43,2
31,-11.31,-140.00,9899,74,2.54,2,2.04,2,0.34,2,0.42,2
31,-11.31,-140.00,9898,120,1.95,2,1.86,2,2.62,2,0.51,2
31,-11.31,-140.00,9897,120,1.85,2,1.84,2,2.60,2,0.51,2
31,-11.31,-140.00,9896,145,1.27,2,1.68,2,2.13,2,0.48,2
31,-11.31,-140.00,9895,145,1.46,2,1.60,2,2.16,2,0.48,2
31,-11.31,-140.00,9894,201,1.17,2,4.94,2,0.02,2,0.57,2
31,-11.31,-140.00,9893,201,1.27,2,4.93,2,0.02,2,0.56,2
31,-11.31,-140.00,9892,266,5.17,2,12.48,2,0.00,2,1.11,2
31,-11.31,-140.00,9891,266,4.98,2,12.55,2,0.00,2,1.12,2
31,-11.31,-140.00,9890,331,22.45,2,28.08,2,0.00,2,2.49,2
31,-11.31,-140.00,9889,331,22.25,2,27.88,2,0.00,2,2.48,2
31,-11.31,-140.00,9888,442,29.97,2,32.79,2,0.00,2,2.26,2
31,-11.31,-140.00,9887,442,29.77,2,32.85,2,0.00,2,2.26,2
31,-11.31,-140.00,9886,662,47.83,2,39.43,2,0.00,2,2.70,2
31,-11.31,-140.00,9885,662,47.73,2,39.41,2,0.00,2,2.70,2
31,-11.31,-140.00,9884,822,61.40,2,40.55,2,0.00,2,2.82,2
31,-11.31,-140.00,9883,822,61.30,2,40.60,2,0.00,2,2.82,2
31,-11.31,-140.00,9882,1002,77.02,2,40.12,2,0.00,2,2.83,2
31,-11.31,-140.00,9881,1002,77.02,2,40.14,2,0.00,2,2.83,2
31,-11.31,-139.97,9923,4,1.85,2,1.47,2,0.05,2,0.31,2
32,-11.03,-142.95,9949,2699,138.41,2,35.86,2,0.00,2,2.59,2
32,-11.03,-142.95,9948,2699,139.29,2,35.84,2,0.00,2,2.61,2
32,-11.03,-142.95,9947,2799,139.09,2,35.68,2,0.00,2,2.59,2
32,-11.03,-142.95,9946,2799,139.48,2,35.70,2,0.00,2,2.60,2
32,-11.03,-142.95,9945,2899,139.68,2,35.67,2,0.00,2,2.58,2
32,-11.03,-142.95,9944,2899,140.16,2,35.69,2,0.00,2,2.60,2
32,-11.03,-142.95,9943,3000,140.16,2,35.61,2,0.00,2,2.58,2
32,-11.03,-142.95,9942,3000,140.55,2,35.61,2,0.00,2,2.59,2
32,-11.03,-142.95,9941,3249,138.11,2,35.12,2,0.00,2,2.54,2
32,-11.03,-142.95,9940,3249,138.99,2,35.17,2,0.00,2,2.55,2
32,-11.03,-142.95,9939,3499,137.53,2,34.75,2,0.00,2,2.52,2
32,-11.03,-142.95,9938,3499,138.11,2,34.84,2,0.00,2,2.53,2
32,-11.03,-142.95,9937,3750,135.77,2,34.39,2,0.00,2,2.48,2
32,-11.03,-142.95,9936,3750,136.36,2,34.41,2,0.00,2,2.49,2
32,-11.03,-142.95,9935,4000,132.55,2,33.81,2,0.00,2,2.44,2
32,-11.03,-142.95,9934,4000,132.74,2,33.68,2,0.00,2,2.44,2
32,-11.03,-142.95,9933,4499,130.30,2,33.43,2,0.00,2,2.40,2
32,-11.03,-142.95,9932,4499,131.08,2,33.45,2,0.00,2,2.41,2
32,-11.03,-142.95,9931,4748,130.99,2,33.47,2,0.00,2,2.41,2
32,-11.03,-142.95,9930,4748,131.08,2,33.48,2,0.00,2,2.41,2
32,-11.03,-142.95,9929,4874,131.28,2,33.33,2,0.00,2,2.41,2
32,-11.03,-142.95,9928,4874,131.28,2,33.44,2,0.00,2,2.41,2
32,-11.03,-142.95,9927,4930,131.18,2,33.42,2,0.00,2,2.40,2
32,-11.03,-142.95,9926,4930,131.18,2,33.42,2,0.00,2,2.41,2
32,-11.03,-142.95,10010,30,1.27,2,2.15,2,0.06,2,0.35,2
32,-11.03,-142.95,10001,30,1.46,2,2.12,2,0.06,2,0.34,2
32,-11.03,-142.95,10000,60,1.37,2,2.18,2,0.06,2,0.36,2
32,-11.03,-142.95,9999,60,1.46,2,2.17,2,0.06,2,0.35,2
32,-11.03,-142.95,9998,95,2.24,2,2.34,2,0.67,2,0.47,2
32,-11.03,-142.95,9997,95,2.34,2,2.31,2,0.67,2,0.46,2
32,-11.03,-142.95,9996,131,2.24,2,6.38,2,0.13,2,0.64,2
32,-11.03,-142.95,9995,131,2.05,2,6.34,2,0.13,2,0.62,2
32,-11.03,-142.95,9994,201,2.15,2,7.16,2,0.02,2,0.71,2
32,-11.03,-142.95,9993,201,2.05,2,7.16,2,0.02,2,0.71,2
32,-11.03,-142.95,9992,336,19.91,2,27.34,2,0.00,2,2.20,2
32,-11.03,-142.95,9991,336,20.01,2,27.47,2,0.00,2,2.20,2
32,-11.03,-142.95,9990,451,30.65,2,31.58,2,0.00,2,2.17,2
32,-11.03,-142.95,9989,451,30.75,2,31.51,2,0.00,2,2.16,2
32,-11.03,-142.95,9988,601,43.24,2,36.62,2,0.00,2,2.50,2
32,-11.03,-142.95,9987,601,43.54,2,36.61,2,0.00,2,2.51,2
32,-11.03,-142.95,9986,852,62.09,2,40.04,2,0.00,2,2.77,2
32,-11.03,-142.95,9985,852,62.38,2,40.02,2,0.00,2,2.78,2
32,-11.03,-142.95,9984,1002,73.99,2,39.40,2,0.00,2,2.76,2
32,-11.03,-142.95,9983,1002,73.99,2,39.43,2,0.00,2,2.77,2
32,-11.03,-142.95,9982,1252,93.61,2,37.92,2,0.00,2,2.69,2
32,-11.03,-142.95,9981,1252,93.71,2,37.98,2,0.00,2,2.69,2
32,-11.03,-142.95,9980,1503,111.38,2,37.60,2,0.00,2,2.68,2
32,-11.03,-142.95,9979,1503,112.06,2,37.66,2,0.00,2,2.69,2
32,-11.03,-142.95,10065,1501,108.64,2,37.57,2,0.00,2,2.71,2
32,-11.03,-142.95,10064,1501,109.13,2,37.62,2,0.00,2,2.72,2
32,-11.03,-142.95,10063,1750,119.28,2,37.08,2,0.00,2,2.68,2
32,-11.03,-142.95,10062,1750,119.77,2,37.06,2,0.00,2,2.69,2
32,-11.03,-142.95,10061,2000,128.26,2,36.74,2,0.00,2,2.66,2
32,-11.03,-142.95,10060,2000,128.65,2,36.81,2,0.00,2,2.67,2
32,-11.03,-142.95,10059,2100,130.31,2,36.66,2,0.00,2,2.65,2
32,-11.03,-142.95,10058,2100,131.09,2,36.64,2,0.00,2,2.65,2
32,-11.03,-142.95,10057,2200,133.82,2,36.52,2,0.00,2,2.65,2
32,-11.03,-142.95,10056,2200,134.31,2,36.52,2,0.00,2,2.65,2
32,-11.03,-142.95,10055,2301,135.09,2,36.40,2,0.00,2,2.63,2
32,-11.03,-142.95,10054,2301,135.38,2,36.45,2,0.00,2,2.65,2
32,-11.03,-142.95,10053,2401,136.26,2,36.29,2,0.00,2,2.63,2
32,-11.03,-142.95,10052,2401,136.16,2,36.36,2,0.00,2,2.63,2
32,-11.03,-142.95,10051,2501,137.33,2,36.24,2,0.00,2,2.62,2
32,-11.03,-142.95,10050,2501,134.21,2,36.14,2,0.00,2,2.62,2
32,-11.03,-142.95,10049,2550,137.14,2,36.10,2,0.00,2,2.62,2
32,-11.03,-142.95,10048,2550,137.43,2,36.13,2,0.00,2,2.62,2
32,-11.03,-142.95,10047,2601,138.11,2,36.04,2,0.00,2,2.61,2
32,-11.03,-142.95,10046,2601,137.82,2,36.13,2,0.00,2,2.62,2
32,-11.03,-142.95,10045,2650,138.02,2,35.89,2,0.00,2,2.60,2
32,-11.03,-142.95,10044,2650,138.50,2,36.08,2,0.00,2,2.61,2
32,-11.03,-142.95,10043,2701,138.60,2,35.99,2,0.00,2,2.60,2
32,-11.03,-142.95,10042,2701,138.70,2,36.01,2,0.00,2,2.60,2
32,-11.07,-143.00,10035,3,1.37,2,2.34,2,0.06,2,0.36,2
33,-10.91,-145.00,10106,30,0.98,2,0.52,2,0.02,2,0.23,2
33,-10.91,-145.00,10105,30,1.07,2,0.50,2,0.02,2,0.23,2
33,-10.91,-145.00,10104,51,0.88,2,0.52,2,0.02,2,0.23,2
33,-10.91,-145.00,10103,51,1.07,2,0.50,2,0.02,2,0.23,2
33,-10.91,-145.00,10102,91,1.27,2,0.28,2,0.03,2,0.24,2
33,-10.91,-145.00,10101,91,1.37,2,0.28,2,0.02,2,0.23,2
33,-10.91,-145.00,10100,141,0.88,2,0.26,2,0.98,2,0.34,2
33,-10.91,-145.00,10099,141,0.97,2,0.25,2,1.01,2,0.34,2
33,-10.91,-145.00,10098,200,0.78,2,4.10,2,0.02,2,0.47,2
33,-10.91,-145.00,10097,200,0.88,2,4.09,2,0.02,2,0.47,2
33,-10.91,-145.00,10096,251,3.02,2,9.67,2,0.02,2,0.92,2
33,-10.91,-145.00,10095,251,3.12,2,9.68,2,0.02,2,0.92,2
33,-10.91,-145.00,10094,302,11.91,2,20.68,2,0.00,2,1.78,2
33,-10.91,-145.00,10093,302,12.10,2,20.84,2,0.00,2,1.79,2
33,-10.91,-145.00,10092,351,22.06,2,28.51,2,0.00,2,2.16,2
33,-10.91,-145.00,10091,351,22.25,2,28.61,2,0.00,2,2.16,2
33,-10.91,-145.00,10090,452,31.14,2,32.19,2,0.00,2,2.24,2
33,-10.91,-145.00,10089,452,30.85,2,32.16,2,0.00,2,2.24,2
33,-10.91,-145.00,10088,601,45.20,2,37.69,2,0.00,2,2.63,2
33,-10.91,-145.00,10087,601,44.90,2,37.69,2,0.00,2,2.61,2
33,-10.91,-145.00,10086,802,60.43,2,40.33,2,0.00,2,2.83,2
33,-10.91,-145.00,10085,802,60.23,2,40.35,2,0.00,2,2.83,2
33,-10.91,-145.00,10084,1002,77.22,2,38.49,2,0.00,2,2.74,2
33,-10.91,-145.00,10083,1002,76.92,2,38.43,2,0.00,2,2.73,2
33,-10.91,-145.03,10121,3,1.95,2,0.48,2,0.02,2,0.24,2
34,-10.77,-147.50,10145,2001,126.40,2,36.26,2,0.00,2,2.60,2
34,-10.77,-147.50,10144,2001,126.60,2,36.28,2,0.00,2,2.58,2
34,-10.77,-147.50,10143,2100,128.65,2,36.17,2,0.00,2,2.72,2
34,-10.77,-147.50,10142,2100,129.04,2,36.19,2,0.00,2,2.58,2
34,-10.77,-147.50,10141,2201,130.89,2,36.08,2,0.00,2,2.57,2
34,-10.77,-147.50,10140,2201,131.58,2,36.15,2,0.00,2,2.57,2
34,-10.77,-147.50,10139,2300,132.65,2,36.13,2,0.00,2,2.57,2
34,-10.77,-147.50,10138,2300,132.45,2,36.11,2,0.00,2,2.57,2
34,-10.77,-147.50,10137,2401,136.16,2,36.25,2,0.00,2,2.59,2
34,-10.77,-147.50,10136,2401,136.46,2,36.30,2,0.00,2,2.59,2
34,-10.77,-147.50,10135,2500,137.14,2,36.17,2,0.00,2,2.58,2
34,-10.77,-147.50,10134,2500,137.82,2,36.15,2,0.00,2,2.58,2
34,-10.77,-147.50,10133,2550,138.21,2,36.21,2,0.00,2,2.57,2
34,-10.77,-147.50,10132,2550,138.21,2,36.15,2,0.00,2,2.56,2
34,-10.77,-147.50,10131,2600,138.11,2,36.04,2,0.00,2,2.56,2
34,-10.77,-147.50,10130,2600,138.02,2,36.04,2,0.00,2,2.56,2
34,-10.77,-147.50,10129,2699,139.87,2,36.05,2,0.00,2,2.56,2
34,-10.77,-147.50,10128,2699,140.55,2,36.05,2,0.00,2,2.56,2
34,-10.77,-147.50,10127,2799,139.97,2,35.94,2,0.00,2,2.55,2
34,-10.77,-147.50,10126,2799,138.41,2,35.93,2,0.00,2,2.54,2
34,-10.77,-147.50,10125,2901,140.07,2,35.77,2,0.00,2,2.53,2
34,-10.77,-147.50,10124,2901,140.85,2,35.83,2,0.00,2,2.54,2
34,-10.77,-147.50,10123,2998,140.85,2,35.68,2,0.00,2,2.53,2
34,-10.77,-147.50,10122,2998,140.85,2,35.69,2,0.00,2,2.53,2
34,-10.77,-147.50,10191,30,1.85,2,1.99,2,0.06,2,0.34,2
34,-10.77,-147.50,10190,30,1.76,2,1.91,2,0.06,2,0.33,2
34,-10.77,-147.50,10189,46,1.46,2,1.80,2,0.05,2,0.33,2
34,-10.77,-147.50,10188,46,1.56,2,1.79,2,0.05,2,0.31,2
34,-10.77,-147.50,10187,75,1.46,2,2.43,2,0.07,2,0.37,2
34,-10.77,-147.50,10186,75,1.56,2,2.37,2,0.07,2,0.36,2
34,-10.77,-147.50,10185,131,1.85,2,5.17,2,1.39,2,0.62,2
34,-10.77,-147.50,10184,131,1.95,2,5.13,2,1.38,2,0.61,2
34,-10.77,-147.50,10183,151,1.85,2,6.99,2,0.25,2,0.67,2
34,-10.77,-147.50,10182,151,2.15,2,6.92,2,0.33,2,0.67,2
34,-10.77,-147.50,10180,226,1.95,2,7.13,2,0.02,2,0.72,2
34,-10.77,-147.50,10181,226,1.95,2,7.03,2,0.02,2,0.68,2
34,-10.77,-147.50,10179,301,13.18,2,21.83,2,0.00,2,1.83,2
34,-10.77,-147.50,10178,301,12.88,2,21.82,2,0.00,2,1.81,2
34,-10.77,-147.50,10177,351,19.23,2,26.71,2,0.00,2,2.00,2
34,-10.77,-147.50,10176,351,19.23,2,26.68,2,0.00,2,1.99,2
34,-10.77,-147.50,10175,502,32.41,2,31.93,2,0.00,2,2.16,2
34,-10.77,-147.50,10174,502,32.51,2,31.94,2,0.00,2,2.16,2
34,-10.77,-147.50,10173,752,50.96,2,35.83,2,0.00,2,2.45,2
34,-10.77,-147.50,10172,752,50.96,2,35.86,2,0.00,2,2.45,2
34,-10.77,-147.50,10171,1001,71.75,2,38.04,2,0.00,2,2.63,2
34,-10.77,-147.50,10170,1001,71.75,2,37.95,2,0.00,2,2.63,2
34,-10.77,-147.50,10169,1502,106.79,2,37.27,2,0.00,2,2.63,2
34,-10.77,-147.50,10168,1502,106.69,2,37.28,2,0.00,2,2.62,2
34,-10.76,-147.54,10210,3,2.54,2,1.55,2,0.04,2,0.29,2
35,-10.25,-150.00,10234,30,1.95,2,1.47,2,0.05,2,0.29,2
35,-10.25,-150.00,10233,30,1.66,2,1.45,2,0.04,2,0.29,2
35,-10.25,-150.00,10232,46,1.37,2,1.50,2,0.04,2,0.31,2
35,-10.25,-150.00,10231,46,1.56,2,1.46,2,0.05,2,0.28,2
35,-10.25,-150.00,10230,65,1.46,2,2.00,2,0.10,2,0.41,2
35,-10.25,-150.00,10229,65,1.76,2,1.89,2,0.10,2,0.35,2
35,-10.25,-150.00,10228,106,1.66,2,2.57,2,0.96,2,0.50,2
35,-10.25,-150.00,10227,106,1.85,2,2.60,2,0.98,2,0.50,2
35,-10.25,-150.00,10226,150,1.36,2,5.43,2,0.10,2,0.58,2
35,-10.25,-150.00,10225,150,1.46,2,5.48,2,0.10,2,0.58,2
35,-10.25,-150.00,10224,201,1.85,2,7.19,2,0.02,2,0.71,2
35,-10.25,-150.00,10223,201,2.15,2,7.17,2,0.02,2,0.71,2
35,-10.25,-150.00,10222,281,12.20,2,20.89,2,0.00,2,1.75,2
35,-10.25,-150.00,10221,281,11.91,2,20.83,2,0.00,2,1.74,2
35,-10.25,-150.00,10220,320,18.06,2,25.80,2,0.00,2,1.99,2
35,-10.25,-150.00,10219,320,17.86,2,25.72,2,0.00,2,1.99,2
35,-10.25,-150.00,10218,362,22.16,2,28.17,2,0.00,2,2.06,2
35,-10.25,-150.00,10217,362,22.06,2,28.26,2,0.00,2,2.07,2
35,-10.25,-150.00,10216,466,32.11,2,32.16,2,0.00,2,2.21,2
35,-10.25,-150.00,10215,466,32.11,2,32.19,2,0.00,2,2.21,2
35,-10.25,-150.00,10214,752,55.06,2,37.31,2,0.00,2,2.59,2
35,-10.25,-150.00,10213,752,54.96,2,37.25,2,0.00,2,2.59,2
35,-10.25,-150.00,10212,1002,78.29,2,38.21,2,0.00,2,2.68,2
35,-10.25,-150.00,10211,1002,77.90,2,38.18,2,0.00,2,2.67,2
35,-10.22,-150.02,10249,3,2.34,2,1.60,2,0.04,2,0.29,2
36,-10.50,-152.00,10274,2699,137.73,2,35.84,2,0.00,2,2.55,2
36,-10.50,-152.00,10273,2699,138.02,2,35.90,2,0.00,2,2.56,2
36,-10.50,-152.00,10272,2799,138.80,2,35.91,2,0.00,2,2.55,2
36,-10.50,-152.00,10271,2799,139.68,2,35.95,2,0.00,2,2.56,2
36,-10.50,-152.00,10270,2901,139.19,2,35.77,2,0.00,2,2.55,2
36,-10.50,-152.00,10269,2901,139.97,2,35.89,2,0.00,2,2.56,2
36,-10.50,-152.00,10268,2999,139.58,2,35.76,2,0.00,2,2.54,2
36,-10.50,-152.00,10267,2999,139.68,2,35.74,2,0.00,2,2.55,2
36,-10.50,-152.00,10266,3250,137.63,2,35.19,2,0.00,2,2.50,2
36,-10.50,-152.00,10265,3250,138.31,2,35.22,2,0.00,2,2.50,2
36,-10.50,-152.00,10264,3498,136.94,2,34.77,2,0.00,2,2.48,2
36,-10.50,-152.00,10263,3498,136.55,2,34.83,2,0.00,2,2.48,2
36,-10.50,-152.00,10262,3999,133.13,2,34.04,2,0.00,2,2.41,2
36,-10.50,-152.00,10261,3999,133.13,2,34.04,2,0.00,2,2.42,2
36,-10.50,-152.00,10260,4499,128.25,2,33.24,2,0.00,2,2.35,2
36,-10.50,-152.00,10259,4499,127.86,2,33.17,2,0.00,2,2.35,2
36,-10.50,-152.00,10258,4749,126.50,2,32.97,2,0.00,2,2.33,2
36,-10.50,-152.00,10257,4749,126.40,2,32.92,2,0.00,2,2.33,2
36,-10.50,-152.00,10256,4999,125.23,2,32.81,2,0.00,2,2.31,2
36,-10.50,-152.00,10255,4999,125.52,2,32.86,2,0.00,2,2.32,2
36,-10.50,-152.00,10254,5100,125.23,2,32.80,2,0.00,2,2.32,2
36,-10.50,-152.00,10253,5100,125.42,2,32.83,2,0.00,2,2.32,2
36,-10.50,-152.00,10252,5124,125.13,2,32.83,2,0.00,2,2.31,2
36,-10.50,-152.00,10251,5124,125.81,2,32.85,2,0.00,2,2.31,2
36,-10.50,-152.00,10330,30,1.76,2,0.32,2,0.02,2,0.20,2
36,-10.50,-152.00,10329,30,1.76,2,0.31,2,0.02,2,0.20,2
36,-10.50,-152.00,10328,45,1.37,2,0.35,2,0.02,2,0.21,2
36,-10.50,-152.00,10327,45,1.46,2,0.31,2,0.02,2,0.20,2
36,-10.50,-152.00,10326,76,1.76,2,1.30,2,0.40,2,0.37,2
36,-10.50,-152.00,10325,76,1.76,2,1.27,2,0.41,2,0.36,2
36,-10.50,-152.00,10324,100,1.37,2,0.19,2,0.18,2,0.27,2
36,-10.50,-152.00,10323,100,1.46,2,0.18,2,0.18,2,0.27,2
36,-10.50,-152.00,10322,131,1.36,2,1.77,2,1.20,2,0.41,2
36,-10.50,-152.00,10321,131,1.46,2,1.70,2,1.21,2,0.40,2
36,-10.50,-152.00,10320,201,1.46,2,5.85,2,0.02,2,0.60,2
36,-10.50,-152.00,10319,201,1.56,2,5.91,2,0.02,2,0.59,2
36,-10.50,-152.00,10318,302,10.83,2,19.70,2,0.00,2,1.65,2
36,-10.50,-152.00,10317,302,11.03,2,19.78,2,0.00,2,1.64,2
36,-10.50,-152.00,10316,351,19.03,2,26.64,2,0.00,2,2.05,2
36,-10.50,-152.00,10315,351,19.23,2,26.63,2,0.00,2,2.05,2
36,-10.50,-152.00,10314,451,29.38,2,31.87,2,0.00,2,2.21,2
36,-10.50,-152.00,10313,451,29.48,2,31.89,2,0.00,2,2.21,2
36,-10.50,-152.00,10312,602,40.80,2,35.34,2,0.00,2,2.43,2
36,-10.50,-152.00,10311,602,41.00,2,35.39,2,0.00,2,2.43,2
36,-10.50,-152.00,10310,801,57.79,2,38.14,2,0.00,2,2.66,2
36,-10.50,-152.00,10309,801,57.79,2,38.16,2,0.00,2,2.66,2
36,-10.50,-152.00,10308,1001,74.68,2,37.83,2,0.00,2,2.66,2
36,-10.50,-152.00,10307,1001,74.87,2,37.85,2,0.00,2,2.66,2
36,-10.50,-152.00,10387,1000,69.80,2,37.76,2,0.00,2,2.64,2
36,-10.50,-152.00,10386,1000,70.29,2,37.90,2,0.00,2,2.66,2
36,-10.50,-152.00,10385,1250,90.78,2,37.61,2,0.00,2,2.66,2
36,-10.50,-152.00,10384,1250,91.08,2,37.60,2,0.00,2,2.66,2
36,-10.50,-152.00,10383,1499,105.52,2,37.11,2,0.00,2,2.64,2
36,-10.50,-152.00,10382,1499,106.50,2,37.17,2,0.00,2,2.65,2
36,-10.50,-152.00,10381,1751,118.21,2,36.43,2,0.00,2,2.59,2
36,-10.50,-152.00,10380,1751,118.60,2,36.43,2,0.00,2,2.60,2
36,-10.50,-152.00,10379,2001,127.19,2,36.27,2,0.00,2,2.58,2
36,-10.50,-152.00,10378,2001,126.79,2,36.28,2,0.00,2,2.59,2
36,-10.50,-152.00,10377,2100,128.36,2,36.19,2,0.00,2,2.58,2
36,-10.50,-152.00,10376,2100,129.14,2,36.29,2,0.00,2,2.59,2
36,-10.50,-152.00,10375,2201,131.48,2,36.30,2,0.00,2,2.58,2
36,-10.50,-152.00,10374,2201,130.99,2,36.32,2,0.00,2,2.58,2
36,-10.50,-152.00,10373,2299,132.65,2,36.21,2,0.00,2,2.61,2
36,-10.50,-152.00,10372,2299,132.75,2,36.19,2,0.00,2,2.57,2
36,-10.50,-152.00,10371,2400,134.70,2,36.16,2,0.00,2,2.57,2
36,-10.50,-152.00,10370,2400,134.80,2,36.15,2,0.00,2,2.56,2
36,-10.50,-152.00,10369,2501,137.04,2,36.15,2,0.00,2,2.57,2
36,-10.50,-152.00,10368,2501,136.36,2,36.12,2,0.00,2,2.56,2
36,-10.50,-152.00,10367,2600,136.85,2,36.02,2,0.00,2,2.56,2
36,-10.50,-152.00,10366,2600,137.43,2,36.04,2,0.00,2,2.57,2
36,-10.50,-152.00,10365,2700,138.12,2,35.96,2,0.00,2,2.56,2
36,-10.50,-152.00,10364,2700,138.02,2,35.99,2,0.00,2,2.56,2
36,-10.52,-152.08,10339,2,1.56,2,0.52,2,0.02,2,0.22,2
