STNNBR,lat,lon,GEOTRC_SAMPNO,depth,HgT_pM,HgT_flag,Hg0_pM,Hg0_flag,MMHg_pM,MMHg_flag,DMHg_pM,DMHg_flag
1,-12.01,-79.20,2091,2,0.03,2,,9,,9,,9
1,-12.01,-79.20,2127,20,0.49,2,0.00,2,,9,,9
1,-12.01,-79.20,2126,20,,9,,9,0.19,2,0.01,2
1,-12.01,-79.20,2125,30,0.69,2,0.17,2,,9,,9
1,-12.01,-79.20,2124,30,,9,,9,0.00,2,0.01,2
1,-12.01,-79.20,2123,45,0.51,2,0.09,2,,9,,9
1,-12.01,-79.20,2122,45,,9,,9,0.07,2,0.00,2
1,-12.01,-79.20,2121,65,0.73,2,0.03,2,,9,,9
1,-12.01,-79.20,2120,65,,9,,9,0.19,2,0.01,2
1,-12.01,-79.20,2119,80,0.98,2,0.03,2,,9,,9
1,-12.01,-79.20,2118,80,,9,,9,0.06,2,0.03,2
1,-12.01,-79.20,2117,130,,5,0.27,2,,9,,9
1,-12.01,-79.20,2116,130,,9,,9,0.22,2,0.05,2
1,-12.01,-79.20,2115,180,1.11,2,0.18,2,,9,,9
1,-12.01,-79.20,2114,180,,9,,9,0.03,2,0.11,2
1,-12.01,-79.20,2113,210,1.25,2,0.20,2,,9,,9
1,-12.01,-79.20,2112,210,,9,,9,0.15,2,0.12,2
1,-12.01,-79.20,2111,235,0.44,2,0.07,2,,9,,9
1,-12.01,-79.20,2110,235,,9,,9,0.09,2,0.10,2
1,-12.01,-79.20,2109,260,1.13,2,0.47,2,,9,,9
1,-12.01,-79.20,2108,260,,9,,9,0.02,2,0.07,2
1,-12.01,-79.20,2107,300,1.14,2,0.12,2,,9,,9
1,-12.01,-79.20,2106,300,,9,,9,0.05,2,0.22,2
1,-12.01,-79.20,2105,375,0.96,2,0.37,2,,9,,9
1,-12.01,-79.20,2239,375,1.24,3,0.21,2,,9,,9
1,-12.01,-79.20,2104,375,,9,,9,0.09,2,0.10,2
1,-12.01,-79.20,2238,375,,9,,9,0.00,2,0.11,2
1,-12.01,-79.20,2237,450,2.89,3,0.07,2,,9,,9
1,-12.01,-79.20,2236,450,,9,,9,0.04,2,0.11,2
1,-12.01,-79.20,2235,550,0.87,2,0.02,2,,9,,9
1,-12.01,-79.20,2234,550,,9,,9,0.10,2,0.12,2
1,-12.01,-79.20,2233,675,1.17,2,0.10,2,,9,,9
1,-12.01,-79.20,2232,675,,9,,9,0.00,2,0.18,2
1,-12.01,-79.20,2231,800,1.29,2,0.03,2,,9,,9
1,-12.01,-79.20,2230,800,,9,,9,0.08,2,0.08,2
1,-12.01,-79.20,2229,1000,1.27,2,0.05,2,,9,,9
1,-12.01,-79.20,2228,1000,,9,,9,0.00,2,0.19,2
1,-12.01,-79.20,2227,1200,0.88,2,0.08,2,,9,,9
1,-12.01,-79.20,2226,1200,,9,,9,0.00,2,0.11,2
1,-12.01,-79.20,2225,1600,0.73,2,0.03,2,,9,,9
1,-12.01,-79.20,2224,1600,,9,,9,0.07,2,0.03,2
1,-12.01,-79.20,2223,2000,0.82,2,0.13,2,,9,,9
1,-12.01,-79.20,2222,2000,,9,,9,0.00,2,0.02,2
1,-12.01,-79.20,2220,2100,,9,,9,0.00,2,0.03,2
1,-12.01,-79.20,2221,2400,5.13,4,0.17,2,,9,,9
1,-12.01,-79.20,2219,2800,1.16,2,0.26,2,,9,,9
1,-12.01,-79.20,2218,2800,,9,,9,0.03,2,0.05,2
1,-12.01,-79.20,2070,3200,1.34,2,0.26,2,,9,,9
1,-12.01,-79.20,2217,3200,1.32,2,0.05,3,,9,,9
1,-12.01,-79.20,2069,3200,,9,,9,0.06,2,,5
1,-12.01,-79.20,2216,3200,,9,,9,,5,0.03,2
1,-12.01,-79.20,2068,3600,1.32,2,0.15,2,,9,,9
1,-12.01,-79.20,2020,3600,,9,,9,0.07,2,0.04,2
1,-12.01,-79.20,2019,4000,1.10,2,0.14,2,,9,,9
1,-12.01,-79.20,2018,4000,,9,,9,0.06,2,0.02,2
1,-12.01,-79.20,2017,4400,1.28,2,0.18,2,,9,,9
1,-12.01,-79.20,2016,4400,,9,,9,0.04,2,0.07,2
1,-12.01,-79.20,2015,4600,1.39,2,0.10,2,,9,,9
1,-12.01,-79.20,2014,4600,,9,,9,0.07,2,0.02,2
1,-12.01,-79.20,2013,4800,0.91,6,0.46,2,,9,,9
1,-12.01,-79.20,2012,4800,,9,,9,,5,0.05,2
1,-12.01,-79.20,2011,5050,1.16,2,0.10,2,,9,,9
1,-12.01,-79.20,2010,5050,,9,,9,0.07,2,0.13,2
1,-12.01,-79.20,2009,5150,1.10,2,0.26,4,,9,,9
1,-12.01,-79.20,2008,5150,,9,,9,0.11,2,0.07,2
1,-12.01,-79.20,2007,5325,1.30,2,0.07,2,,9,,9
1,-12.01,-79.20,2006,5325,,9,,9,0.06,2,0.06,2
1,-12.01,-79.20,2005,5400,1.39,2,0.31,2,,9,,9
1,-12.01,-79.20,2004,5400,,9,,9,0.05,2,0.05,2
1,-12.01,-79.20,2003,5450,1.47,2,0.24,2,,9,,9
1,-12.01,-79.20,2002,5450,,9,,9,0.07,2,0.08,2
1,-12.01,-79.20,2001,5500,2.15,2,0.14,2,,9,,9
1,-12.01,-79.20,2000,5500,,9,,9,0.09,2,0.17,2
2,-12.04,-77.38,2293,2,0.38,2,,9,,9,,9
2,-12.04,-77.38,2263,20,0.74,2,0.14,2,,9,,9
2,-12.04,-77.38,2262,20,,9,,9,0.02,2,0.04,2
2,-12.04,-77.38,2261,38,1.89,2,0.04,2,,9,,9
2,-12.04,-77.38,2260,38,,9,,9,0.04,2,0.00,2
2,-12.04,-77.38,2259,55,2.05,2,0.31,2,,9,,9
2,-12.04,-77.38,2258,55,,9,,9,0.05,2,0.00,2
2,-12.04,-77.38,2257,70,1.29,2,0.34,2,,9,,9
2,-12.04,-77.38,2256,70,,9,,9,0.07,2,0.09,2
2,-12.04,-77.38,2255,90,0.95,2,0.27,2,,9,,9
2,-12.04,-77.38,2254,90,,9,,9,0.00,2,0.18,2
2,-12.04,-77.38,2253,110,1.62,2,0.28,2,,9,,9
2,-12.04,-77.38,2252,110,,9,,9,0.03,2,0.08,2
3,-12.05,-77.66,2343,2,0.45,2,,9,,9,,9
3,-12.05,-77.66,2309,20,0.81,2,0.13,2,,9,,9
3,-12.05,-77.66,2308,20,,9,,9,0.05,2,0.14,2
3,-12.05,-77.66,2307,30,1.49,2,0.08,2,,9,,9
3,-12.05,-77.66,2306,30,,9,,9,0.06,2,0.05,2
3,-12.05,-77.66,2305,35,1.25,2,0.28,2,,9,,9
3,-12.05,-77.66,2304,35,,9,,9,0.04,2,0.02,2
3,-12.05,-77.66,2303,50,1.01,2,0.18,2,,9,,9
3,-12.05,-77.66,2302,50,,9,,9,0.03,2,0.16,2
3,-12.05,-77.66,2301,70,9.30,4,0.13,2,,9,,9
3,-12.05,-77.66,2300,70,,9,,9,0.00,2,0.11,2
3,-12.05,-77.66,2299,90,1.10,2,0.27,2,,9,,9
3,-12.05,-77.66,2298,90,,9,,9,0.10,2,0.17,2
3,-12.05,-77.66,2297,130,0.94,2,0.13,2,,9,,9
3,-12.05,-77.66,2296,130,,9,,9,0.03,2,0.07,2
3,-12.05,-77.66,2295,170,1.34,2,0.10,2,,9,,9
3,-12.05,-77.66,2294,170,,9,,9,0.05,2,0.11,2
4,-12.04,-77.82,2400,2,0.57,2,,9,,9,,9
4,-12.04,-77.82,2367,20,0.64,2,0.09,2,,9,,9
4,-12.04,-77.82,2366,20,,9,,9,0.08,2,0.01,2
4,-12.04,-77.82,2365,48,0.50,2,0.19,2,,9,,9
4,-12.04,-77.82,2364,48,,9,,9,0.00,2,0.03,2
4,-12.04,-77.82,2363,65,1.15,2,0.05,2,,9,,9
4,-12.04,-77.82,2362,65,,9,,9,0.10,2,0.15,2
4,-12.04,-77.82,2361,110,0.73,2,0.07,2,,9,,9
4,-12.04,-77.82,2360,110,,9,,9,0.00,2,0.01,2
4,-12.04,-77.82,2359,140,1.23,2,0.20,2,,9,,9
4,-12.04,-77.82,2358,140,,9,,9,,5,0.10,2
4,-12.04,-77.82,2357,200,0.69,2,0.28,2,,9,,9
4,-12.04,-77.82,2356,200,,9,,9,0.00,2,0.09,2
4,-12.04,-77.82,2355,300,1.14,2,0.17,2,,9,,9
4,-12.04,-77.82,2354,300,,9,,9,0.00,2,0.06,2
4,-12.04,-77.82,2353,400,0.95,2,0.04,2,,9,,9
4,-12.04,-77.82,2352,400,,9,,9,0.04,2,0.09,2
4,-12.04,-77.82,2351,500,0.73,2,0.04,2,,9,,9
4,-12.04,-77.82,2350,500,,9,,9,0.06,2,0.00,2
4,-12.04,-77.82,2349,600,0.71,2,0.15,2,,9,,9
4,-12.04,-77.82,2348,600,,9,,9,0.07,2,0.04,2
4,-12.04,-77.82,2347,675,0.86,2,0.19,2,,9,,9
4,-12.04,-77.82,2346,675,,9,,9,0.03,2,0.02,2
4,-12.04,-77.82,2345,750,0.81,2,0.08,2,,9,,9
4,-12.04,-77.82,2344,750,,9,,9,0.09,2,0.17,2
5,-12.04,-78.17,2496,2,0.28,2,,9,,9,,9
5,-12.04,-78.17,2482,20,0.47,2,0.19,4,,9,,9
5,-12.04,-78.17,2481,20,,9,,9,0.08,2,,5
5,-12.04,-78.17,2480,40,0.43,2,0.04,3,,9,,9
5,-12.04,-78.17,2477,40,,9,,9,0.29,2,0.00,2
5,-12.04,-78.17,2479,40,,9,,9,,5,,5
5,-12.04,-78.17,2476,75,0.88,2,0.23,2,,9,,9
5,-12.04,-78.17,2474,75,4.12,3,0.06,3,,9,,9
5,-12.04,-78.17,2475,75,,9,,9,0.09,2,0.07,2
5,-12.04,-78.17,2473,85,,9,,9,0.14,2,0.07,2
5,-12.04,-78.17,2472,120,0.88,2,0.29,2,,9,,9
5,-12.04,-78.17,2471,120,,9,,9,0.09,2,0.04,2
5,-12.04,-78.17,2470,150,0.78,2,0.05,3,,9,,9
5,-12.04,-78.17,2469,150,,9,,9,0.11,2,0.03,2
5,-12.04,-78.17,2468,200,0.74,2,0.06,3,,9,,9
5,-12.04,-78.17,2467,200,,9,,9,0.08,2,0.03,2
5,-12.04,-78.17,2466,265,0.82,2,0.21,2,,9,,9
5,-12.04,-78.17,2465,265,,9,,9,0.07,2,0.02,2
5,-12.04,-78.17,2464,330,3.87,3,0.09,3,,9,,9
5,-12.04,-78.17,2463,330,,9,,9,0.06,2,0.11,2
5,-12.04,-78.17,2462,380,1.01,2,0.19,4,,9,,9
5,-12.04,-78.17,2461,380,,9,,9,0.29,2,0.18,2
5,-12.04,-78.17,2460,500,1.20,2,0.07,3,,9,,9
5,-12.04,-78.17,2426,500,0.94,2,0.04,3,,9,,9
5,-12.04,-78.17,2425,500,,9,,9,0.08,2,0.06,2
5,-12.04,-78.17,2459,500,,9,,9,0.15,2,0.14,2
5,-12.04,-78.17,2424,600,0.77,2,0.17,2,,9,,9
5,-12.04,-78.17,2423,600,,9,,9,0.05,2,,5
5,-12.04,-78.17,2422,800,0.81,2,0.04,3,,9,,9
5,-12.04,-78.17,2421,800,,9,,9,0.26,2,0.09,2
5,-12.04,-78.17,2420,1000,0.90,2,0.09,2,,9,,9
5,-12.04,-78.17,2419,1000,,9,,9,0.11,2,0.12,2
5,-12.04,-78.17,2418,1200,3.00,3,0.07,2,,9,,9
5,-12.04,-78.17,2417,1200,,9,,9,0.13,2,0.09,2
5,-12.04,-78.17,2416,1400,0.78,2,0.12,2,,9,,9
5,-12.04,-78.17,2415,1400,,9,,9,0.12,2,0.07,2
5,-12.04,-78.17,2414,1600,0.83,2,0.19,2,,9,,9
5,-12.04,-78.17,2413,1600,,9,,9,0.10,2,0.02,2
5,-12.04,-78.17,2412,1800,0.45,2,0.22,2,,9,,9
5,-12.04,-78.17,2411,1800,,9,,9,0.18,2,0.06,2
5,-12.04,-78.17,2410,1900,0.62,2,0.03,3,,9,,9
5,-12.04,-78.17,2409,1900,,9,,9,0.13,2,0.00,2
5,-12.04,-78.17,2408,2000,0.81,2,0.21,2,,9,,9
5,-12.04,-78.17,2407,2000,,9,,9,0.06,2,0.02,2
5,-12.04,-78.17,2406,2050,0.68,2,0.25,2,,9,,9
5,-12.04,-78.17,2405,2050,,9,,9,0.04,2,0.03,2
5,-12.04,-78.17,2404,2057,0.90,2,0.04,3,,9,,9
5,-12.04,-78.17,2403,2057,,9,,9,0.10,2,,5
6,-12.00,-81.50,3117,2,0.26,2,,9,,9,,9
6,-12.00,-81.50,3100,20,0.21,2,0.02,3,,9,,9
6,-12.00,-81.50,3099,20,,9,,9,0.19,2,0.00,2
6,-12.00,-81.50,3098,50,0.22,2,0.10,2,,9,,9
6,-12.00,-81.50,3097,50,,9,,9,0.02,2,0.00,2
6,-12.00,-81.50,3095,80,0.22,2,0.02,3,0.27,2,0.01,2
6,-12.00,-81.50,3094,95,0.40,2,0.19,2,,9,,9
6,-12.00,-81.50,3093,95,,9,,9,0.18,2,0.01,2
6,-12.00,-81.50,3092,125,1.56,2,0.07,2,,9,,9
6,-12.00,-81.50,3091,125,,9,,9,0.08,2,0.03,2
6,-12.00,-81.50,3090,150,0.55,2,0.03,3,,9,,9
6,-12.00,-81.50,3089,150,,9,,9,0.00,2,0.07,2
6,-12.00,-81.50,3088,180,0.54,2,0.06,2,,9,,9
6,-12.00,-81.50,3087,180,,9,,9,0.14,2,0.05,2
6,-12.00,-81.50,3086,300,0.71,2,0.04,2,,9,,9
6,-12.00,-81.50,3085,300,,9,,9,0.07,2,0.17,2
6,-12.00,-81.50,3084,400,0.59,2,0.09,2,,9,,9
6,-12.00,-81.50,2793,400,,9,,9,0.10,2,0.09,2
6,-12.00,-81.50,2792,600,0.43,2,0.04,2,,9,,9
6,-12.00,-81.50,2791,600,,9,,9,0.17,2,0.15,2
6,-12.00,-81.50,2790,800,0.57,2,0.11,2,,9,,9
6,-12.00,-81.50,2500,800,,9,,9,0.09,2,0.11,2
6,-12.00,-81.50,2499,1000,0.57,2,0.07,2,,9,,9
6,-12.00,-81.50,2498,1000,,9,,9,0.14,2,0.18,2
7,-12.00,-84.00,3176,2,0.19,2,,9,,9,,9
7,-12.00,-84.00,3143,20,0.27,2,0.02,2,,9,,9
7,-12.00,-84.00,3142,20,,9,,9,0.06,2,0.00,2
7,-12.00,-84.00,3141,40,0.33,2,0.01,2,,9,,9
7,-12.00,-84.00,3140,40,,9,,9,0.03,2,0.00,2
7,-12.00,-84.00,3139,60,0.39,2,0.04,2,,9,,9
7,-12.00,-84.00,3138,60,,9,,9,0.04,2,0.00,2
7,-12.00,-84.00,3137,80,0.28,2,0.05,2,,9,,9
7,-12.00,-84.00,3136,80,,9,,9,0.03,2,0.00,2
7,-12.00,-84.00,3135,110,0.63,2,0.25,2,,9,,9
7,-12.00,-84.00,3134,110,,9,,9,0.06,2,0.01,2
7,-12.00,-84.00,3133,125,0.77,2,0.09,2,,9,,9
7,-12.00,-84.00,3132,125,,9,,9,,5,0.03,2
7,-12.00,-84.00,3131,150,0.90,2,0.29,2,,9,,9
7,-12.00,-84.00,3130,150,,9,,9,0.13,2,0.06,2
7,-12.00,-84.00,3129,180,0.71,2,0.23,2,,9,,9
7,-12.00,-84.00,3128,180,,9,,9,0.08,2,0.10,2
7,-12.00,-84.00,3127,250,1.12,2,0.08,2,,9,,9
7,-12.00,-84.00,3126,250,,9,,9,0.20,2,0.07,2
7,-12.00,-84.00,3125,300,0.76,2,0.10,2,,9,,9
7,-12.00,-84.00,3124,300,,9,,9,0.22,2,0.05,2
7,-12.00,-84.00,3123,350,0.79,2,0.05,2,,9,,9
7,-12.00,-84.00,3122,350,,9,,9,0.04,2,0.16,2
7,-12.00,-84.00,3121,400,0.66,2,0.04,2,,9,,9
7,-12.00,-84.00,3254,400,0.73,2,0.04,2,,9,,9
7,-12.00,-84.00,3120,400,,9,,9,0.12,2,0.08,2
7,-12.00,-84.00,3253,400,,9,,9,0.22,2,0.13,2
7,-12.00,-84.00,3252,450,0.75,2,0.02,2,,9,,9
7,-12.00,-84.00,3251,450,,9,,9,0.09,2,0.05,2
7,-12.00,-84.00,3250,500,0.84,2,0.03,2,,9,,9
7,-12.00,-84.00,3249,500,,9,,9,0.17,2,0.11,2
7,-12.00,-84.00,3248,625,0.63,2,0.02,2,,9,,9
7,-12.00,-84.00,3247,625,,9,,9,0.19,2,0.09,2
7,-12.00,-84.00,3246,750,0.70,2,0.05,2,,9,,9
7,-12.00,-84.00,3245,750,,9,,9,0.03,2,0.14,2
7,-12.00,-84.00,3244,1000,0.71,2,0.02,2,,9,,9
7,-12.00,-84.00,3243,1000,,9,,9,0.09,2,0.15,2
7,-12.00,-84.00,3242,1250,0.52,2,0.01,2,,9,,9
7,-12.00,-84.00,3241,1250,,9,,9,0.10,2,0.04,2
7,-12.00,-84.00,3240,1500,0.71,2,0.03,2,,9,,9
7,-12.00,-84.00,3239,1500,,9,,9,0.03,2,0.13,2
7,-12.00,-84.00,3238,1750,0.75,2,0.02,2,,9,,9
7,-12.00,-84.00,3237,1750,,9,,9,0.03,2,0.02,2
7,-12.00,-84.00,3236,2000,0.63,2,0.01,2,,9,,9
7,-12.00,-84.00,3235,2000,,9,,9,0.03,2,0.05,2
7,-12.00,-84.00,3234,2250,0.97,2,0.01,2,,9,,9
7,-12.00,-84.00,3233,2250,,9,,9,0.05,2,0.15,2
7,-12.00,-84.00,3220,2500,0.86,2,0.05,2,,9,,9
7,-12.00,-84.00,3232,2500,0.85,2,0.03,2,,9,,9
7,-12.00,-84.00,3219,2500,,9,,9,0.10,2,0.16,2
7,-12.00,-84.00,3231,2500,,9,,9,,5,,5
7,-12.00,-84.00,3218,2750,1.34,2,0.11,3,,9,,9
7,-12.00,-84.00,3217,2750,,9,,9,0.05,2,0.14,2
7,-12.00,-84.00,3216,3000,1.01,2,0.05,2,,9,,9
7,-12.00,-84.00,3215,3000,,9,,9,0.13,2,0.12,2
7,-12.00,-84.00,3214,3250,1.06,2,0.07,2,,9,,9
7,-12.00,-84.00,3213,3250,,9,,9,0.19,2,0.16,2
7,-12.00,-84.00,3212,3500,1.29,2,0.05,2,,9,,9
7,-12.00,-84.00,3211,3500,,9,,9,0.09,2,0.06,2
7,-12.00,-84.00,3210,3650,1.31,2,0.06,2,,9,,9
7,-12.00,-84.00,3209,3650,,9,,9,0.08,2,0.08,2
7,-12.00,-84.00,3208,3750,1.65,2,0.04,4,,9,,9
7,-12.00,-84.00,3207,3750,,9,,9,0.17,2,0.09,2
7,-12.00,-84.00,3206,4000,1.45,2,0.05,4,,9,,9
7,-12.00,-84.00,3205,4000,,9,,9,0.09,2,0.16,2
7,-12.00,-84.00,3204,4250,1.45,2,0.06,4,,9,,9
7,-12.00,-84.00,3203,4250,,9,,9,0.06,2,0.08,2
7,-12.00,-84.00,3202,4375,1.56,2,0.06,4,,9,,9
7,-12.00,-84.00,3201,4375,,9,,9,0.08,2,0.07,2
7,-12.00,-84.00,3199,4375,,9,,9,,5,0.18,2
7,-12.00,-84.00,3200,4500,1.38,2,0.19,4,,9,,9
7,-12.00,-84.00,3197,4500,,9,,9,0.02,2,0.09,2
7,-12.00,-84.00,3198,4550,2.07,2,0.08,4,,9,,9
8,-12.00,-86.52,3310,2,0.10,2,,9,,9,,9
8,-12.00,-86.52,3292,20,0.52,2,0.01,2,,9,,9
8,-12.00,-86.52,3291,20,,9,,9,0.07,2,0.00,2
8,-12.00,-86.52,3290,50,0.36,2,0.01,2,,9,,9
8,-12.00,-86.52,3289,50,,9,,9,0.06,2,0.00,2
8,-12.00,-86.52,3288,100,0.49,2,0.03,2,,9,,9
8,-12.00,-86.52,3287,100,,9,,9,0.06,2,0.01,2
8,-12.00,-86.52,3286,125,0.79,2,0.05,2,,9,,9
8,-12.00,-86.52,3285,125,,9,,9,0.14,2,0.03,2
8,-12.00,-86.52,3284,160,0.82,2,0.18,2,,9,,9
8,-12.00,-86.52,3283,160,,9,,9,0.09,2,0.04,2
8,-12.00,-86.52,3282,225,0.95,2,0.11,2,,9,,9
8,-12.00,-86.52,3281,225,,9,,9,0.07,2,0.21,2
8,-12.00,-86.52,3280,280,0.96,2,0.04,2,,9,,9
8,-12.00,-86.52,3279,280,,9,,9,0.05,2,0.06,2
8,-12.00,-86.52,3278,325,1.10,2,0.03,2,,9,,9
8,-12.00,-86.52,3277,325,,9,,9,0.16,2,0.16,2
8,-12.00,-86.52,3276,450,1.07,2,0.03,2,,9,,9
8,-12.00,-86.52,3275,450,,9,,9,0.15,2,0.21,2
8,-12.00,-86.52,3274,625,1.08,2,0.03,2,,9,,9
8,-12.00,-86.52,3273,625,,9,,9,0.10,2,0.27,2
8,-12.00,-86.52,3272,800,0.94,2,0.04,2,,9,,9
8,-12.00,-86.52,3271,800,,9,,9,0.03,2,0.13,2
8,-12.00,-86.52,3270,1000,0.90,2,0.05,2,,9,,9
8,-12.00,-86.52,3269,1000,,9,,9,0.13,2,0.18,2
9,-12.00,-89.00,3404,2,0.37,2,,9,,9,,9
9,-12.00,-89.00,3391,20,0.57,2,0.00,2,,9,,9
9,-12.00,-89.00,3390,20,,9,,9,0.08,2,0.00,2
9,-12.00,-89.00,3389,40,0.39,2,0.03,2,,9,,9
9,-12.00,-89.00,3388,40,,9,,9,0.03,2,0.00,2
9,-12.00,-89.00,3387,60,0.52,2,0.02,2,,9,,9
9,-12.00,-89.00,3386,60,,9,,9,0.05,2,0.00,2
9,-12.00,-89.00,3385,100,0.81,2,0.01,2,,9,,9
9,-12.00,-89.00,3384,100,,9,,9,0.04,2,0.00,2
9,-12.00,-89.00,3383,120,0.76,2,0.04,2,,9,,9
9,-12.00,-89.00,3382,120,,9,,9,0.06,2,0.02,2
9,-12.00,-89.00,3381,135,0.97,2,0.05,2,,9,,9
9,-12.00,-89.00,3380,135,,9,,9,,5,0.19,2
9,-12.00,-89.00,3379,155,1.10,2,0.04,2,,9,,9
9,-12.00,-89.00,3378,155,,9,,9,0.07,2,0.41,2
9,-12.00,-89.00,3377,175,1.14,2,0.06,2,,9,,9
9,-12.00,-89.00,3376,175,,9,,9,0.11,2,0.08,2
9,-12.00,-89.00,3375,200,1.20,2,0.07,2,,9,,9
9,-12.00,-89.00,3374,200,,9,,9,0.07,2,0.08,2
9,-12.00,-89.00,3373,250,1.33,2,0.04,2,,9,,9
9,-12.00,-89.00,3372,250,,9,,9,0.07,2,0.03,2
9,-12.00,-89.00,3371,300,1.37,2,0.06,2,,9,,9
9,-12.00,-89.00,3370,300,,9,,9,0.03,2,0.07,2
9,-12.00,-89.00,3442,350,1.26,2,0.03,2,,9,,9
9,-12.00,-89.00,3369,350,1.64,2,0.04,2,,9,,9
9,-12.00,-89.00,3368,350,,9,,9,0.16,2,0.19,2
9,-12.00,-89.00,3441,350,,9,,9,,5,0.12,2
9,-12.00,-89.00,3440,400,1.31,2,0.04,2,,9,,9
9,-12.00,-89.00,3439,400,,9,,9,0.09,2,0.07,2
9,-12.00,-89.00,3438,450,1.26,2,0.02,2,,9,,9
9,-12.00,-89.00,3437,450,,9,,9,0.07,2,0.11,2
9,-12.00,-89.00,3436,500,1.45,2,0.04,2,,9,,9
9,-12.00,-89.00,3435,500,,9,,9,0.20,2,0.07,2
9,-12.00,-89.00,3434,625,1.44,2,0.04,2,,9,,9
9,-12.00,-89.00,3433,625,,9,,9,0.07,2,0.08,2
9,-12.00,-89.00,3432,750,1.20,2,0.04,2,,9,,9
9,-12.00,-89.00,3431,750,,9,,9,0.13,2,0.32,2
9,-12.00,-89.00,3430,1000,1.26,2,0.01,2,,9,,9
9,-12.00,-89.00,3429,1000,,9,,9,0.11,2,0.07,2
9,-12.00,-89.00,3428,1250,1.13,2,0.03,2,,9,,9
9,-12.00,-89.00,3427,1250,,9,,9,0.11,2,0.08,2
9,-12.00,-89.00,3426,1500,1.22,2,0.02,2,,9,,9
9,-12.00,-89.00,3425,1500,,9,,9,0.02,2,0.05,2
9,-12.00,-89.00,3424,1750,1.12,2,0.03,2,,9,,9
9,-12.00,-89.00,3423,1750,,9,,9,0.05,2,0.06,2
9,-12.00,-89.00,3422,2000,1.01,2,0.03,2,,9,,9
9,-12.00,-89.00,3421,2000,,9,,9,0.07,2,0.07,2
9,-12.00,-89.00,3334,2250,1.03,2,0.01,2,,9,,9
9,-12.00,-89.00,3420,2250,,5,0.03,2,,9,,9
9,-12.00,-89.00,3333,2250,,9,,9,0.09,2,0.11,2
9,-12.00,-89.00,3419,2250,,9,,9,,5,0.10,2
9,-12.00,-89.00,3332,2500,1.34,2,0.05,2,,9,,9
9,-12.00,-89.00,3331,2500,,9,,9,0.10,2,0.24,2
9,-12.00,-89.00,3330,2750,1.35,2,0.04,2,,9,,9
9,-12.00,-89.00,3329,2750,,9,,9,0.05,2,0.18,2
9,-12.00,-89.00,3328,3000,1.41,2,0.06,2,,9,,9
9,-12.00,-89.00,3327,3000,,9,,9,0.03,2,0.09,2
9,-12.00,-89.00,3326,3250,1.55,2,0.18,2,,9,,9
9,-12.00,-89.00,3325,3250,,9,,9,0.09,2,0.23,2
9,-12.00,-89.00,3324,3500,1.66,2,0.06,2,,9,,9
9,-12.00,-89.00,3323,3500,,9,,9,0.06,2,0.17,2
9,-12.00,-89.00,3322,3750,1.74,2,0.08,2,,9,,9
9,-12.00,-89.00,3321,3750,,9,,9,0.06,2,0.10,2
9,-12.00,-89.00,3320,4000,1.83,2,0.05,2,,9,,9
9,-12.00,-89.00,3319,4000,,9,,9,0.05,2,0.29,2
9,-12.00,-89.00,3318,4050,1.86,2,0.07,2,,9,,9
9,-12.00,-89.00,3317,4050,,9,,9,0.07,2,0.24,2
9,-12.00,-89.00,3316,4075,1.86,2,0.09,2,,9,,9
9,-12.00,-89.00,3315,4075,,9,,9,0.03,2,0.17,2
9,-12.00,-89.00,3314,4100,1.89,2,0.13,2,,9,,9
9,-12.00,-89.00,3313,4100,,9,,9,0.08,2,0.11,2
9,-12.00,-89.00,3312,4110,1.90,2,0.04,2,,9,,9
9,-12.00,-89.00,3311,4110,,9,,9,0.05,2,0.11,2
10,-12.00,-91.50,3494,2,0.12,2,,9,,9,,9
10,-12.00,-91.50,3479,20,0.15,2,0.00,3,,9,,9
10,-12.00,-91.50,3478,20,,9,,9,0.13,2,0.00,2
10,-12.00,-91.50,3477,70,0.26,2,0.00,2,,9,,9
10,-12.00,-91.50,3476,70,,9,,9,0.04,2,0.00,2
10,-12.00,-91.50,3475,130,0.47,2,0.04,2,,9,,9
10,-12.00,-91.50,3474,130,,9,,9,0.08,2,0.00,2
10,-12.00,-91.50,3473,165,0.90,2,0.05,2,,9,,9
10,-12.00,-91.50,3472,165,,9,,9,0.21,2,0.06,2
10,-12.00,-91.50,3471,200,0.91,2,0.04,2,,9,,9
10,-12.00,-91.50,3470,200,,9,,9,0.08,2,0.20,2
10,-12.00,-91.50,3469,250,0.72,3,0.02,2,,9,,9
10,-12.00,-91.50,3468,250,,9,,9,0.09,2,0.03,2
10,-12.00,-91.50,3467,300,1.08,2,0.01,2,,9,,9
10,-12.00,-91.50,3466,300,,9,,9,0.12,2,0.08,2
10,-12.00,-91.50,3465,400,1.21,2,0.00,2,,9,,9
10,-12.00,-91.50,3464,400,,9,,9,0.21,2,0.30,2
10,-12.00,-91.50,3463,500,,5,0.01,2,,9,,9
10,-12.00,-91.50,3462,500,,9,,9,0.05,2,0.12,2
10,-12.00,-91.50,3461,600,0.84,2,0.00,2,,9,,9
10,-12.00,-91.50,3460,600,,9,,9,0.06,2,0.22,2
10,-12.00,-91.50,3459,800,0.95,2,0.02,2,,9,,9
10,-12.00,-91.50,3458,800,,9,,9,0.07,2,0.06,2
10,-12.00,-91.50,3457,1000,0.85,2,0.04,2,,9,,9
10,-12.00,-91.50,3456,1000,,9,,9,0.11,2,0.08,2
11,-12.00,-94.00,3580,2,0.03,2,,9,,9,,9
11,-12.00,-94.00,3567,20,0.16,2,0.00,3,,9,,9
11,-12.00,-94.00,3566,20,,9,,9,0.04,2,0.00,2
11,-12.00,-94.00,3565,40,0.14,2,0.00,2,,9,,9
11,-12.00,-94.00,3564,40,,9,,9,0.06,2,0.00,2
11,-12.00,-94.00,3563,75,0.13,2,0.00,3,,9,,9
11,-12.00,-94.00,3562,75,,9,,9,0.03,2,0.00,2
11,-12.00,-94.00,3561,110,0.15,2,0.00,3,,9,,9
11,-12.00,-94.00,3560,110,,9,,9,0.04,2,0.00,2
11,-12.00,-94.00,3559,130,0.17,2,0.00,2,,9,,9
11,-12.00,-94.00,3558,130,,9,,9,0.04,2,0.07,2
11,-12.00,-94.00,3557,155,0.17,2,0.04,2,,9,,9
11,-12.00,-94.00,3556,155,,9,,9,0.00,2,0.01,2
11,-12.00,-94.00,3555,180,0.41,2,0.03,2,,9,,9
11,-12.00,-94.00,3554,180,,9,,9,0.04,2,0.04,2
11,-12.00,-94.00,3553,200,0.50,2,0.04,2,,9,,9
11,-12.00,-94.00,3552,200,,9,,9,0.11,2,0.02,2
11,-12.00,-94.00,3551,218,0.55,2,0.05,2,,9,,9
11,-12.00,-94.00,3550,218,,9,,9,0.27,2,0.03,2
11,-12.00,-94.00,3549,235,0.61,2,0.03,2,,9,,9
11,-12.00,-94.00,3548,235,,9,,9,0.05,2,0.03,2
11,-12.00,-94.00,3547,260,0.66,2,0.03,2,,9,,9
11,-12.00,-94.00,3546,260,,9,,9,0.08,2,0.06,2
11,-12.00,-94.00,3636,320,0.65,2,0.01,2,,9,,9
11,-12.00,-94.00,3545,320,0.64,2,0.01,2,,9,,9
11,-12.00,-94.00,3544,320,,9,,9,0.06,2,0.04,2
11,-12.00,-94.00,3635,320,,9,,9,0.06,2,0.07,2
11,-12.00,-94.00,3634,350,0.71,2,0.01,2,,9,,9
11,-12.00,-94.00,3633,350,,9,,9,0.09,2,0.18,2
11,-12.00,-94.00,3632,400,0.79,2,0.01,2,,9,,9
11,-12.00,-94.00,3631,400,,9,,9,0.11,2,0.10,2
11,-12.00,-94.00,3630,500,0.81,2,0.01,2,,9,,9
11,-12.00,-94.00,3629,500,,9,,9,0.06,2,0.02,2
11,-12.00,-94.00,3628,600,0.86,2,0.04,2,,9,,9
11,-12.00,-94.00,3627,600,,9,,9,0.05,2,0.13,2
11,-12.00,-94.00,3626,700,0.74,2,0.00,2,,9,,9
11,-12.00,-94.00,3625,700,,9,,9,0.04,2,0.07,2
11,-12.00,-94.00,3624,800,0.56,2,0.00,2,,9,,9
11,-12.00,-94.00,3623,800,,9,,9,0.06,2,0.03,2
11,-12.00,-94.00,3622,900,0.71,2,0.03,2,,9,,9
11,-12.00,-94.00,3621,900,,9,,9,0.11,2,0.13,2
11,-12.00,-94.00,3620,1000,0.75,2,0.08,2,,9,,9
11,-12.00,-94.00,3619,1000,,9,,9,0.10,2,0.14,2
11,-12.00,-94.00,3618,1250,0.75,2,0.02,2,,9,,9
11,-12.00,-94.00,3617,1250,,9,,9,0.09,2,0.05,2
11,-12.00,-94.00,3616,1500,0.93,2,0.01,2,,9,,9
11,-12.00,-94.00,3615,1500,,9,,9,0.06,2,0.06,2
11,-12.00,-94.00,3614,1750,0.65,2,0.03,2,,9,,9
11,-12.00,-94.00,3519,1750,0.67,2,0.02,2,,9,,9
11,-12.00,-94.00,3518,1750,,9,,9,0.03,2,0.07,2
11,-12.00,-94.00,3613,1750,,9,,9,,5,0.07,2
11,-12.00,-94.00,3517,2000,0.84,2,0.00,2,,9,,9
11,-12.00,-94.00,3516,2000,,9,,9,0.07,2,0.06,2
11,-12.00,-94.00,3515,2250,0.71,2,0.02,2,,9,,9
11,-12.00,-94.00,3514,2250,,9,,9,0.09,2,0.09,2
11,-12.00,-94.00,3513,2500,0.97,2,0.11,2,,9,,9
11,-12.00,-94.00,3512,2500,,9,,9,0.09,2,0.12,2
11,-12.00,-94.00,3511,2750,1.07,2,0.03,2,,9,,9
11,-12.00,-94.00,3510,2750,,9,,9,0.05,2,0.22,2
11,-12.00,-94.00,3509,3000,1.31,2,0.03,2,,9,,9
11,-12.00,-94.00,3508,3000,,9,,9,0.17,2,0.18,2
11,-12.00,-94.00,3507,3250,1.25,2,0.03,2,,9,,9
11,-12.00,-94.00,3506,3250,,9,,9,0.10,2,0.08,2
11,-12.00,-94.00,3505,3375,1.33,2,0.05,2,,9,,9
11,-12.00,-94.00,3504,3375,,9,,9,0.04,2,0.09,2
11,-12.00,-94.00,3503,3500,1.40,2,0.05,2,,9,,9
11,-12.00,-94.00,3502,3500,,9,,9,0.10,2,0.25,2
11,-12.00,-94.00,3501,3600,1.50,2,0.05,2,,9,,9
11,-12.00,-94.00,3500,3600,,9,,9,0.08,2,0.13,2
11,-12.00,-94.00,3499,3625,1.29,2,0.03,2,,9,,9
11,-12.00,-94.00,3498,3625,,9,,9,0.10,2,0.18,2
11,-12.00,-94.00,3497,3645,1.45,2,0.03,2,,9,,9
11,-12.00,-94.00,3496,3645,,9,,9,0.14,2,0.22,2
12,-13.00,-96.50,3739,2,0.08,2,,9,,9,,9
12,-13.00,-96.50,3725,25,0.19,2,0.01,2,,9,,9
12,-13.00,-96.50,3724,25,,9,,9,0.04,2,0.00,2
12,-13.00,-96.50,3723,50,0.21,2,0.02,2,,9,,9
12,-13.00,-96.50,3722,50,,9,,9,0.06,2,0.00,2
12,-13.00,-96.50,3721,120,0.14,2,0.05,2,,9,,9
12,-13.00,-96.50,3720,120,,9,,9,0.04,2,0.00,2
12,-13.00,-96.50,3719,160,0.22,2,0.02,2,,9,,9
12,-13.00,-96.50,3718,160,,9,,9,0.10,2,0.00,2
12,-13.00,-96.50,3717,210,0.45,2,0.04,2,,9,,9
12,-13.00,-96.50,3716,210,,9,,9,0.10,2,0.01,2
12,-13.00,-96.50,3715,230,0.46,2,0.15,2,,9,,9
12,-13.00,-96.50,3714,230,,9,,9,0.12,2,0.03,2
12,-13.00,-96.50,3713,245,0.54,2,0.04,2,,9,,9
12,-13.00,-96.50,3712,245,,9,,9,0.17,2,0.04,2
12,-13.00,-96.50,3711,300,0.59,2,0.02,2,,9,,9
12,-13.00,-96.50,3710,300,,9,,9,0.04,2,0.08,2
12,-13.00,-96.50,3709,400,0.73,2,0.02,2,,9,,9
12,-13.00,-96.50,3708,400,,9,,9,0.09,2,0.11,2
12,-13.00,-96.50,3707,500,0.83,2,0.06,2,,9,,9
12,-13.00,-96.50,3706,500,,9,,9,0.20,2,0.12,2
12,-13.00,-96.50,3705,750,0.55,2,0.02,2,,9,,9
12,-13.00,-96.50,3704,750,,9,,9,0.07,2,0.17,2
12,-13.00,-96.50,3703,1000,0.55,2,0.03,2,,9,,9
12,-13.00,-96.50,3702,1000,,9,,9,0.13,2,0.04,2
13,-14.00,-99.00,3838,2,0.09,2,,9,,9,,9
13,-14.00,-99.00,3813,20,0.13,2,0.01,2,,9,,9
13,-14.00,-99.00,3812,20,,9,,9,0.04,2,0.00,2
13,-14.00,-99.00,3811,40,0.17,2,0.01,2,,9,,9
13,-14.00,-99.00,3810,40,,9,,9,,5,0.00,2
13,-14.00,-99.00,3809,60,0.16,2,0.01,2,,9,,9
13,-14.00,-99.00,3808,60,,9,,9,,5,0.00,2
13,-14.00,-99.00,3807,110,0.14,2,0.01,2,,9,,9
13,-14.00,-99.00,3806,110,,9,,9,,5,0.00,2
13,-14.00,-99.00,3805,145,0.20,2,0.09,2,,9,,9
13,-14.00,-99.00,3804,145,,9,,9,0.08,2,0.00,2
13,-14.00,-99.00,3803,200,0.34,2,0.02,2,,9,,9
13,-14.00,-99.00,3802,200,,9,,9,,5,,5
13,-14.00,-99.00,3801,250,0.54,2,0.04,2,,9,,9
13,-14.00,-99.00,3800,250,,9,,9,0.13,2,0.02,2
13,-14.00,-99.00,3799,275,0.55,2,0.05,2,,9,,9
13,-14.00,-99.00,3798,275,,9,,9,0.22,2,0.08,2
13,-14.00,-99.00,3797,325,0.84,2,0.02,2,,9,,9
13,-14.00,-99.00,3796,325,,9,,9,0.09,2,0.01,2
13,-14.00,-99.00,3795,400,0.66,2,0.02,2,,9,,9
13,-14.00,-99.00,3794,400,,9,,9,0.13,2,0.11,2
13,-14.00,-99.00,3793,520,0.67,2,0.03,2,,9,,9
13,-14.00,-99.00,3792,520,,9,,9,0.21,2,0.43,2
13,-14.00,-99.00,3791,600,0.60,2,0.02,2,,9,,9
13,-14.00,-99.00,3876,600,0.56,2,0.01,2,,9,,9
13,-14.00,-99.00,3790,600,,9,,9,0.02,2,0.28,2
13,-14.00,-99.00,3875,600,,9,,9,,5,,5
13,-14.00,-99.00,3874,700,0.49,2,0.01,2,,9,,9
13,-14.00,-99.00,3873,700,,9,,9,0.00,2,0.07,2
13,-14.00,-99.00,3872,800,0.42,2,0.02,2,,9,,9
13,-14.00,-99.00,3871,800,,9,,9,0.08,2,0.02,2
13,-14.00,-99.00,3870,900,0.52,2,0.01,2,,9,,9
13,-14.00,-99.00,3869,900,,9,,9,0.21,2,0.06,2
13,-14.00,-99.00,3868,1000,0.44,2,0.02,2,,9,,9
13,-14.00,-99.00,3867,1000,,9,,9,0.04,2,0.06,2
13,-14.00,-99.00,3866,1200,0.36,2,0.03,2,,9,,9
13,-14.00,-99.00,3865,1200,,9,,9,0.04,2,0.02,2
13,-14.00,-99.00,3864,1400,0.45,2,0.07,2,,9,,9
13,-14.00,-99.00,3863,1400,,9,,9,,5,0.01,2
13,-14.00,-99.00,3862,1600,0.41,2,,5,,9,,9
13,-14.00,-99.00,3861,1600,,9,,9,0.12,2,,5
13,-14.00,-99.00,3860,1800,0.47,2,0.01,2,,9,,9
13,-14.00,-99.00,3859,1800,,9,,9,0.09,2,0.06,2
13,-14.00,-99.00,3858,2000,0.34,2,0.03,2,,9,,9
13,-14.00,-99.00,3857,2000,,9,,9,0.13,2,0.03,2
13,-14.00,-99.00,3856,2200,0.62,2,0.02,2,,9,,9
13,-14.00,-99.00,3855,2200,,9,,9,0.04,2,0.10,2
13,-14.00,-99.00,3764,2400,0.81,2,0.05,2,,9,,9
13,-14.00,-99.00,3854,2400,0.80,2,0.02,2,,9,,9
13,-14.00,-99.00,3763,2400,,9,,9,0.23,2,0.10,2
13,-14.00,-99.00,3853,2400,,9,,9,,5,,5
13,-14.00,-99.00,3762,2600,0.93,2,0.05,2,,9,,9
13,-14.00,-99.00,3761,2600,,9,,9,0.12,2,0.07,2
13,-14.00,-99.00,3760,2800,0.67,2,0.05,2,,9,,9
13,-14.00,-99.00,3759,2800,,9,,9,0.10,2,0.09,2
13,-14.00,-99.00,3758,3000,1.17,2,0.03,2,,9,,9
13,-14.00,-99.00,3757,3000,,9,,9,0.14,2,0.12,2
13,-14.00,-99.00,3756,3200,1.18,2,0.19,3,,9,,9
13,-14.00,-99.00,3755,3200,,9,,9,,5,0.16,2
13,-14.00,-99.00,3754,3400,1.20,2,0.05,2,,9,,9
13,-14.00,-99.00,3753,3400,,9,,9,,5,0.06,2
13,-14.00,-99.00,3752,3600,1.22,2,0.05,2,,9,,9
13,-14.00,-99.00,3751,3600,,9,,9,0.25,2,0.08,2
13,-14.00,-99.00,3750,3700,1.25,2,0.03,2,,9,,9
13,-14.00,-99.00,3749,3700,,9,,9,,5,0.17,2
13,-14.00,-99.00,3748,3750,1.26,2,0.05,2,,9,,9
13,-14.00,-99.00,3747,3750,,9,,9,0.08,2,0.13,2
13,-14.00,-99.00,3746,3800,,5,0.04,2,,9,,9
13,-14.00,-99.00,3745,3800,,9,,9,,5,0.07,2
13,-14.00,-99.00,3744,3810,,5,0.03,2,,9,,9
13,-14.00,-99.00,3743,3810,,9,,9,0.14,2,0.22,2
13,-14.00,-99.00,3741,3835,,9,,9,0.16,2,0.05,2
13,-14.00,-99.00,3742,3836,1.46,2,0.03,2,,9,,9
14,-15.00,-101.50,6  3915,2,0.03,2,,9,,9,,9
14,-15.00,-101.50,6  3914,20,0.17,2,0.02,2,,9,,9
14,-15.00,-101.50,6  3913,20,,9,,9,0.10,2,0.00,2
14,-15.00,-101.50,6  3912,70,0.25,2,0.02,2,,9,,9
14,-15.00,-101.50,6  3911,70,,9,,9,0.04,2,,5
14,-15.00,-101.50,6  3910,95,0.22,2,0.01,2,,9,,9
14,-15.00,-101.50,6  3909,95,,9,,9,0.13,2,0.00,2
14,-15.00,-101.50,6  3908,125,0.12,2,0.03,2,,9,,9
14,-15.00,-101.50,6  3907,125,,9,,9,0.11,2,,5
14,-15.00,-101.50,6  3906,200,0.13,2,0.02,2,,9,,9
14,-15.00,-101.50,6  3905,200,,9,,9,0.05,2,0.01,2
14,-15.00,-101.50,6  3904,275,0.60,2,0.02,2,,9,,9
14,-15.00,-101.50,6  3903,275,,9,,9,0.06,2,0.07,2
14,-15.00,-101.50,6  3902,320,0.52,2,0.02,2,,9,,9
14,-15.00,-101.50,6  3901,320,,9,,9,0.04,2,0.30,2
14,-15.00,-101.50,6  3900,350,0.40,2,0.01,2,,9,,9
14,-15.00,-101.50,6  3899,350,,9,,9,0.14,2,0.02,2
14,-15.00,-101.50,6  3898,400,0.68,2,0.02,2,,9,,9
14,-15.00,-101.50,6  3897,400,,9,,9,0.08,2,0.16,2
14,-15.00,-101.50,6  3896,500,0.62,2,0.02,2,,9,,9
14,-15.00,-101.50,6  3895,500,,9,,9,0.09,2,0.12,2
14,-15.00,-101.50,6  3894,750,0.42,2,0.01,2,,9,,9
14,-15.00,-101.50,6  3893,750,,9,,9,0.11,2,0.08,2
14,-15.00,-101.50,6  3892,1000,0.48,2,0.01,2,,9,,9
14,-15.00,-101.50,6  3891,1000,,9,,9,,5,0.06,2
15,-16.00,-104.00,4010,2,0.03,2,,9,,9,,9
15,-16.00,-104.00,4009,20,0.17,2,0.00,3,,9,,9
15,-16.00,-104.00,4008,20,,9,,9,0.10,2,0.00,2
15,-16.00,-104.00,4007,50,0.21,2,0.03,2,,9,,9
15,-16.00,-104.00,4006,50,,9,,9,0.05,2,0.00,2
15,-16.00,-104.00,4005,75,0.17,2,0.01,2,,9,,9
15,-16.00,-104.00,4004,75,,9,,9,0.00,2,0.00,2
15,-16.00,-104.00,4003,105,0.24,2,0.01,2,,9,,9
15,-16.00,-104.00,4002,105,,9,,9,0.00,2,0.00,2
15,-16.00,-104.00,4001,150,0.18,2,0.01,2,,9,,9
15,-16.00,-104.00,4000,150,,9,,9,0.00,2,,5
15,-16.00,-104.00,3999,185,0.17,2,0.01,2,,9,,9
15,-16.00,-104.00,3998,185,,9,,9,0.02,2,0.00,2
15,-16.00,-104.00,3997,225,0.19,2,0.11,2,,9,,9
15,-16.00,-104.00,3996,225,,9,,9,0.03,2,0.00,2
15,-16.00,-104.00,3995,275,0.48,2,0.02,2,,9,,9
15,-16.00,-104.00,3994,275,,9,,9,0.12,2,0.04,2
15,-16.00,-104.00,3993,330,0.49,2,0.01,2,,9,,9
15,-16.00,-104.00,3992,330,,9,,9,0.11,2,0.02,2
15,-16.00,-104.00,3991,360,0.55,2,0.02,2,,9,,9
15,-16.00,-104.00,3990,360,,9,,9,0.09,2,0.08,2
15,-16.00,-104.00,3989,410,0.82,3,0.03,2,,9,,9
15,-16.00,-104.00,3988,410,,9,,9,0.04,2,0.13,2
15,-16.00,-104.00,3987,500,0.68,2,0.05,2,,9,,9
15,-16.00,-104.00,8202,500,0.76,2,0.04,2,,9,,9
15,-16.00,-104.00,3986,500,,9,,9,0.14,2,0.10,2
15,-16.00,-104.00,8201,500,,9,,9,,5,0.07,2
15,-16.00,-104.00,8200,625,1.09,2,0.01,2,,9,,9
15,-16.00,-104.00,8199,625,,9,,9,0.00,2,0.08,2
15,-16.00,-104.00,8198,750,0.73,3,0.01,2,,9,,9
15,-16.00,-104.00,8197,750,,9,,9,0.05,2,0.11,2
15,-16.00,-104.00,8196,1000,0.88,2,0.02,2,,9,,9
15,-16.00,-104.00,8195,1000,,9,,9,0.00,2,0.13,2
15,-16.00,-104.00,8194,1250,0.75,2,0.02,2,,9,,9
15,-16.00,-104.00,8193,1250,,9,,9,0.08,2,0.08,2
15,-16.00,-104.00,8192,1500,0.75,2,0.01,2,,9,,9
15,-16.00,-104.00,8191,1500,,9,,9,,5,0.06,2
15,-16.00,-104.00,8190,1750,0.48,3,0.02,2,,9,,9
15,-16.00,-104.00,8189,1750,,9,,9,0.04,2,0.09,2
15,-16.00,-104.00,8188,2000,0.92,2,0.01,2,,9,,9
15,-16.00,-104.00,8187,2000,,9,,9,0.04,2,0.01,2
15,-16.00,-104.00,8186,2200,0.99,2,0.02,2,,9,,9
15,-16.00,-104.00,8185,2200,,9,,9,0.05,2,0.04,2
15,-16.00,-104.00,8184,2300,1.11,2,0.01,2,,9,,9
15,-16.00,-104.00,8183,2300,,9,,9,,5,0.11,2
15,-16.00,-104.00,8182,2400,1.31,2,0.01,2,,9,,9
15,-16.00,-104.00,8181,2400,,9,,9,0.00,2,0.06,2
15,-16.00,-104.00,8180,2500,0.86,2,0.01,2,,9,,9
15,-16.00,-104.00,3952,2500,0.83,3,0.01,4,,9,,9
15,-16.00,-104.00,3951,2500,,9,,9,0.26,2,0.04,2
15,-16.00,-104.00,8179,2500,,9,,9,,5,0.06,2
15,-16.00,-104.00,3950,2600,1.01,3,0.01,2,,9,,9
15,-16.00,-104.00,3949,2600,,9,,9,0.00,2,0.06,2
15,-16.00,-104.00,3948,2700,0.99,2,0.01,4,,9,,9
15,-16.00,-104.00,3947,2700,,9,,9,0.07,2,0.12,2
15,-16.00,-104.00,3946,2800,0.91,2,0.01,2,,9,,9
15,-16.00,-104.00,3945,2800,,9,,9,0.26,2,0.09,2
15,-16.00,-104.00,3944,3000,0.92,2,0.01,2,,9,,9
15,-16.00,-104.00,3943,3000,,9,,9,0.06,2,0.09,2
15,-16.00,-104.00,3942,3250,0.52,3,0.02,2,,9,,9
15,-16.00,-104.00,3941,3250,,9,,9,0.21,2,0.10,2
15,-16.00,-104.00,3940,3500,1.15,2,0.01,4,,9,,9
15,-16.00,-104.00,3939,3500,,9,,9,0.18,2,0.23,2
15,-16.00,-104.00,3938,3750,1.23,2,0.02,4,,9,,9
15,-16.00,-104.00,3937,3750,,9,,9,0.17,2,0.15,2
15,-16.00,-104.00,3936,3800,1.29,2,0.02,4,,9,,9
15,-16.00,-104.00,3935,3800,,9,,9,0.09,2,0.15,2
15,-16.00,-104.00,3934,3850,1.31,2,0.02,4,,9,,9
15,-16.00,-104.00,3933,3850,,9,,9,0.16,2,0.03,2
15,-16.00,-104.00,3932,3900,1.42,2,0.02,2,,9,,9
15,-16.00,-104.00,3931,3900,,9,,9,0.06,2,0.04,2
15,-16.00,-104.00,3930,3925,1.17,2,0.02,2,,9,,9
15,-16.00,-104.00,3929,3925,,9,,9,0.00,2,0.07,2
16,-15.43,-106.50,8  8240,2,0.16,2,,9,,9,,9
16,-15.43,-106.50,8  8239,20,0.30,2,0.02,2,,9,,9
16,-15.43,-106.50,8  8238,20,,9,,9,0.05,2,,5
16,-15.43,-106.50,8  8237,60,0.31,2,0.02,2,,9,,9
16,-15.43,-106.50,8  8236,60,,9,,9,0.00,2,0.00,2
16,-15.43,-106.50,8  8235,90,0.34,2,0.04,2,,9,,9
16,-15.43,-106.50,8  8234,90,,9,,9,0.03,2,,5
16,-15.43,-106.50,8  8233,125,0.24,2,0.02,2,,9,,9
16,-15.43,-106.50,8  8232,125,,9,,9,0.04,2,,5
16,-15.43,-106.50,8  8231,170,0.29,2,0.02,2,,9,,9
16,-15.43,-106.50,8  8230,170,,9,,9,0.05,2,0.00,2
16,-15.43,-106.50,8  8229,250,0.37,2,0.04,2,,9,,9
16,-15.43,-106.50,8  8228,250,,9,,9,0.06,2,0.00,2
16,-15.43,-106.50,8  8227,295,0.50,2,0.00,3,,9,,9
16,-15.43,-106.50,8  8226,295,,9,,9,0.05,2,0.03,2
16,-15.43,-106.50,8  8225,350,0.65,2,0.09,2,,9,,9
16,-15.43,-106.50,8  8224,350,,9,,9,0.09,2,0.10,2
16,-15.43,-106.50,8  8223,400,0.81,2,0.06,2,,9,,9
16,-15.43,-106.50,8  8222,400,,9,,9,0.09,2,0.10,2
16,-15.43,-106.50,8  8221,600,0.87,2,0.02,2,,9,,9
16,-15.43,-106.50,8  8220,600,,9,,9,0.02,2,0.08,2
16,-15.43,-106.50,8  8219,800,0.75,2,0.02,2,,9,,9
16,-15.43,-106.50,8  8218,800,,9,,9,0.03,2,0.03,2
16,-15.43,-106.50,8  8217,1000,0.67,2,0.01,2,,9,,9
16,-15.43,-106.50,8  8216,1000,,9,,9,0.00,2,,5
17,-15.00,-109.19,5  8346,2,0.00,3,,9,,9,,9
17,-15.00,-109.19,5  8333,20,0.24,2,0.00,3,,9,,9
17,-15.00,-109.19,5  8332,20,,9,,9,0.02,2,0.00,2
17,-15.00,-109.19,5  8331,50,0.18,2,0.00,4,,9,,9
17,-15.00,-109.19,5  8330,50,,9,,9,0.03,2,0.00,2
17,-15.00,-109.19,5  8329,80,0.10,2,0.02,2,,9,,9
17,-15.00,-109.19,5  8328,80,,9,,9,0.00,2,0.00,2
17,-15.00,-109.19,5  8327,130,0.07,2,0.01,4,,9,,9
17,-15.00,-109.19,5  8326,130,,9,,9,,5,0.02,2
17,-15.00,-109.19,5  8324,150,,9,,9,,5,0.01,2
17,-15.00,-109.19,5  8325,250,0.17,2,0.02,4,,9,,9
17,-15.00,-109.19,5  8323,250,0.16,2,0.02,4,,9,,9
17,-15.00,-109.19,5  8322,250,,9,,9,0.00,2,0.01,2
17,-15.00,-109.19,5  8321,300,0.35,2,0.03,2,,9,,9
17,-15.00,-109.19,5  8320,300,,9,,9,0.14,2,0.04,2
17,-15.00,-109.19,5  8319,350,0.73,2,0.01,2,,9,,9
17,-15.00,-109.19,5  8318,350,,9,,9,0.00,2,0.06,2
17,-15.00,-109.19,5  8317,385,0.68,2,0.01,2,,9,,9
17,-15.00,-109.19,5  8316,385,,9,,9,0.00,2,0.15,2
17,-15.00,-109.19,5  8315,450,0.79,2,0.00,2,,9,,9
17,-15.00,-109.19,5  8314,450,,9,,9,0.06,2,0.07,2
17,-15.00,-109.19,5  8313,500,0.59,2,0.00,4,,9,,9
17,-15.00,-109.19,5  8312,500,,9,,9,0.05,2,0.16,2
17,-15.00,-109.19,5  8311,600,0.61,2,0.01,4,,9,,9
17,-15.00,-109.19,5  8310,600,,9,,9,0.00,2,0.22,2
17,-15.00,-109.19,5  8382,750,0.62,2,0.02,2,,9,,9
17,-15.00,-109.19,5  8381,750,,9,,9,0.02,2,0.10,2
17,-15.00,-109.19,5  8380,1000,0.47,2,0.03,2,,9,,9
17,-15.00,-109.19,5  8379,1000,,9,,9,0.09,2,0.08,2
17,-15.00,-109.19,5  8377,1237,,9,,9,,5,,5
17,-15.00,-109.19,5  8376,1250,0.62,2,0.00,2,,9,,9
17,-15.00,-109.19,5  8375,1250,,9,,9,0.12,2,0.08,2
17,-15.00,-109.19,5  8374,1500,0.53,2,0.00,2,,9,,9
17,-15.00,-109.19,5  8373,1500,,9,,9,0.02,2,0.09,2
17,-15.00,-109.19,5  8372,1750,0.62,2,0.03,2,,9,,9
17,-15.00,-109.19,5  8371,1750,,9,,9,,5,,5
17,-15.00,-109.19,5  8370,2000,0.76,2,0.02,2,,9,,9
17,-15.00,-109.19,5  8369,2000,,9,,9,0.02,2,0.10,2
17,-15.00,-109.19,5  8368,2100,0.98,2,0.02,2,,9,,9
17,-15.00,-109.19,5  8367,2100,,9,,9,0.00,2,0.11,2
17,-15.00,-109.19,5  8366,2200,0.96,2,0.03,2,,9,,9
17,-15.00,-109.19,5  8365,2200,,9,,9,0.00,2,0.10,2
17,-15.00,-109.19,5  8364,2300,5.23,4,0.02,2,,9,,9
17,-15.00,-109.19,5  8363,2300,,9,,9,0.00,2,0.12,2
17,-15.00,-109.19,5  8362,2400,1.02,2,0.03,2,,9,,9
17,-15.00,-109.19,5  8361,2400,,9,,9,0.02,2,0.09,2
17,-15.00,-109.19,5  8277,2500,1.17,2,0.03,2,,9,,9
17,-15.00,-109.19,5  8360,2500,1.00,2,0.03,2,,9,,9
17,-15.00,-109.19,5  8276,2500,,9,,9,0.13,2,0.12,2
17,-15.00,-109.19,5  8359,2500,,9,,9,,5,0.12,2
17,-15.00,-109.19,5  8275,2600,1.24,2,0.02,2,,9,,9
17,-15.00,-109.19,5  8274,2600,,9,,9,0.06,2,0.13,2
17,-15.00,-109.19,5  8272,2700,,9,,9,0.14,2,0.02,2
17,-15.00,-109.19,5  8273,2702,0.79,3,0.01,2,,9,,9
17,-15.00,-109.19,5  8271,2800,1.31,2,0.19,2,,9,,9
17,-15.00,-109.19,5  8270,2800,,9,,9,0.12,2,0.09,2
17,-15.00,-109.19,5  8268,2900,,9,,9,,5,0.09,2
17,-15.00,-109.19,5  8269,2901,1.41,2,0.02,2,,9,,9
17,-15.00,-109.19,5  8267,2999,1.41,2,0.02,2,,9,,9
17,-15.00,-109.19,5  8266,3000,,9,,9,0.05,2,0.12,2
17,-15.00,-109.19,5  8264,3200,,9,,9,0.05,2,0.11,2
17,-15.00,-109.19,5  8265,3201,1.44,2,0.02,2,,9,,9
17,-15.00,-109.19,5  8263,3400,1.18,2,0.05,2,,9,,9
17,-15.00,-109.19,5  8262,3400,,9,,9,0.18,2,0.23,2
17,-15.00,-109.19,5  8261,3599,1.21,2,0.03,2,,9,,9
17,-15.00,-109.19,5  8260,3600,,9,,9,0.09,2,0.10,2
17,-15.00,-109.19,5  8259,3648,1.60,2,0.03,2,,9,,9
17,-15.00,-109.19,5  8258,3650,,9,,9,0.00,2,0.20,2
17,-15.00,-109.19,5  8257,3674,1.20,2,0.06,2,,9,,9
17,-15.00,-109.19,5  8256,3675,,9,,9,0.05,2,0.10,2
17,-15.00,-109.19,5  8254,3685,,9,,9,0.04,2,0.35,2
17,-15.00,-109.19,5  8255,3692,1.12,2,0.04,2,,9,,9
18,-14.98,-112.75,4  8478,2,0.18,2,,9,,9,,9
18,-14.98,-112.75,4  8477,20,0.33,2,0.02,2,,9,,9
18,-14.98,-112.75,4  8476,20,,9,,9,0.05,2,0.00,2
18,-14.98,-112.75,4  8474,60,,9,,9,0.05,2,0.00,2
18,-14.98,-112.75,4  8475,60,0.18,2,0.00,3,,9,,9
18,-14.98,-112.75,4  8473,95,0.25,2,0.01,2,,9,,9
18,-14.98,-112.75,4  8472,95,,9,,9,0.05,2,0.00,2
18,-14.98,-112.75,4  8470,150,,9,,9,0.07,2,,5
18,-14.98,-112.75,4  8471,150,0.31,2,0.02,2,,9,,9
18,-14.98,-112.75,4  8468,200,,9,,9,0.00,2,,5
18,-14.98,-112.75,4  8469,200,0.48,2,0.01,2,,9,,9
18,-14.98,-112.75,4  8467,304,0.46,2,0.03,2,,9,,9
18,-14.98,-112.75,4  8466,305,,9,,9,0.02,2,0.01,2
18,-14.98,-112.75,4  8465,355,0.54,2,0.02,2,,9,,9
18,-14.98,-112.75,4  8464,355,,9,,9,0.05,2,0.10,2
18,-14.98,-112.75,4  8463,400,0.84,2,0.00,3,,9,,9
18,-14.98,-112.75,4  8462,400,,9,,9,0.12,2,0.01,2
18,-14.98,-112.75,4  8461,598,0.91,2,0.01,2,,9,,9
18,-14.98,-112.75,4  8460,600,,9,,9,0.04,2,0.08,2
18,-14.98,-112.75,4  8459,798,0.71,2,0.00,2,,9,,9
18,-14.98,-112.75,4  8458,800,,9,,9,0.00,2,0.17,2
18,-14.98,-112.75,4  8457,997,0.85,2,0.01,2,,9,,9
18,-14.98,-112.75,4  8456,1000,,9,,9,0.00,2,0.05,2
18,-14.98,-112.75,4  8546,1194,0.73,2,0.02,2,,9,,9
18,-14.98,-112.75,4  8455,1196,0.70,2,0.01,2,,9,,9
18,-14.98,-112.75,4  8454,1200,,9,,9,0.07,2,0.05,2
18,-14.98,-112.75,4  8545,1200,,9,,9,0.14,2,0.06,2
18,-14.98,-112.75,4  8544,1393,0.74,2,0.00,3,,9,,9
18,-14.98,-112.75,4  8543,1400,,9,,9,0.09,2,0.02,2
18,-14.98,-112.75,4  8542,1593,0.57,2,0.02,2,,9,,9
18,-14.98,-112.75,4  8541,1600,,9,,9,0.05,2,0.07,2
18,-14.98,-112.75,4  8540,1793,0.73,2,0.00,3,,9,,9
18,-14.98,-112.75,4  8539,1800,,9,,9,0.09,2,0.02,2
18,-14.98,-112.75,4  8538,1991,0.75,2,0.01,2,,9,,9
18,-14.98,-112.75,4  8537,2000,,9,,9,0.05,2,0.05,2
18,-14.98,-112.75,4  8536,2190,0.80,2,0.01,2,,9,,9
18,-14.98,-112.75,4  8535,2200,,9,,9,0.09,2,0.07,2
18,-14.98,-112.75,4  8534,2213,85.77,3,0.01,2,,9,,9
18,-14.98,-112.75,4  8533,2225,,9,,9,0.07,2,0.09,2
18,-14.98,-112.75,4  8532,2241,1.30,2,0.02,2,,9,,9
18,-14.98,-112.75,4  8531,2250,,9,,9,0.00,2,0.02,2
18,-14.98,-112.75,4  8530,2264,1.01,2,0.02,2,,9,,9
18,-14.98,-112.75,4  8529,2275,,9,,9,,5,0.10,2
18,-14.98,-112.75,4  8604,2290,0.51,2,0.02,2,,9,,9
18,-14.98,-112.75,4  8528,2290,0.81,2,0.01,2,,9,,9
18,-14.98,-112.75,4  8603,2300,,9,,9,0.05,2,0.08,2
18,-14.98,-112.75,4  8527,2300,,9,,9,0.20,2,0.11,2
18,-14.98,-112.75,4  8526,2313,0.83,2,0.04,2,,9,,9
18,-14.98,-112.75,4  8602,2314,0.82,2,0.00,2,,9,,9
18,-14.98,-112.75,4  8525,2325,,9,,9,0.03,2,0.16,2
18,-14.98,-112.75,4  8601,2325,,9,,9,,5,0.01,2
18,-14.98,-112.75,4  8433,2338,0.85,2,0.04,2,,9,,9
18,-14.98,-112.75,4  8524,2338,0.93,2,0.02,2,,9,,9
18,-14.98,-112.75,4  8600,2339,0.83,2,0.04,2,,9,,9
18,-14.98,-112.75,4  8432,2350,,9,,9,0.09,2,0.08,2
18,-14.98,-112.75,4  8523,2350,,9,,9,0.11,2,0.07,2
18,-14.98,-112.75,4  8599,2350,,9,,9,,5,0.09,2
18,-14.98,-112.75,4  8431,2362,0.79,2,0.07,2,,9,,9
18,-14.98,-112.75,4  8598,2363,0.46,2,0.02,2,,9,,9
18,-14.98,-112.75,4  8597,2375,,9,,9,0.14,2,0.05,2
18,-14.98,-112.75,4  8429,2387,0.77,2,0.01,2,,9,,9
18,-14.98,-112.75,4  8596,2387,0.81,2,0.01,2,,9,,9
18,-14.98,-112.75,4  8595,2400,,9,,9,0.00,2,0.07,2
18,-14.98,-112.75,4  8427,2413,0.70,2,0.02,2,,9,,9
18,-14.98,-112.75,4  8594,2413,0.83,2,0.02,2,,9,,9
18,-14.98,-112.75,4  8593,2425,,9,,9,0.07,2,0.02,2
18,-14.98,-112.75,4  8425,2438,0.65,2,0.01,2,,9,,9
18,-14.98,-112.75,4  8592,2438,0.78,2,0.02,2,,9,,9
18,-14.98,-112.75,4  8591,2450,,9,,9,0.09,2,0.03,2
18,-14.98,-112.75,4  8423,2462,0.95,2,0.00,3,,9,,9
18,-14.98,-112.75,4  8590,2463,0.91,2,0.02,2,,9,,9
18,-14.98,-112.75,4  8589,2475,,9,,9,0.02,2,0.01,2
18,-14.98,-112.75,4  8421,2487,1.04,2,0.04,2,,9,,9
18,-14.98,-112.75,4  8588,2488,0.96,2,0.01,2,,9,,9
18,-14.98,-112.75,4  8587,2500,,9,,9,,5,0.10,2
18,-14.98,-112.75,4  8419,2512,0.92,2,0.01,2,,9,,9
18,-14.98,-112.75,4  8417,2537,0.70,2,0.12,2,,9,,9
18,-14.98,-112.75,4  8586,2538,0.99,2,0.02,2,,9,,9
18,-14.98,-112.75,4  8585,2550,,9,,9,0.00,2,0.04,2
18,-14.98,-112.75,4  8415,2561,0.88,2,0.00,2,,9,,9
18,-14.98,-112.75,4  8413,2596,0.91,2,0.02,2,,9,,9
18,-14.98,-112.75,4  8584,2611,0.77,2,0.01,2,,9,,9
18,-14.98,-112.75,4  8582,2612,0.93,2,0.01,2,,9,,9
18,-14.98,-112.75,4  8411,2612,1.11,2,0.07,2,,9,,9
18,-14.98,-112.75,4  8581,2625,,9,,9,0.04,2,0.04,2
18,-14.98,-112.75,4  8583,2625,,9,,9,,5,0.07,2
20,-15.00,-113.50,3  8734,2,0.08,2,,9,,9,,9
20,-15.00,-113.50,3  8701,20,0.09,2,0.00,3,,9,,9
20,-15.00,-113.50,3  8700,20,,9,,9,,5,0.00,2
20,-15.00,-113.50,3  8698,50,,9,,9,0.02,2,0.00,2
20,-15.00,-113.50,3  8699,50,0.15,2,0.00,2,,9,,9
20,-15.00,-113.50,3  8696,85,,9,,9,0.05,2,0.00,2
20,-15.00,-113.50,3  8697,86,0.11,2,0.02,2,,9,,9
20,-15.00,-113.50,3  8694,95,,9,,9,0.22,2,,5
20,-15.00,-113.50,3  8695,96,0.12,2,0.01,2,,9,,9
20,-15.00,-113.50,3  8693,150,0.16,2,0.02,2,,9,,9
20,-15.00,-113.50,3  8692,150,,9,,9,,5,0.00,2
20,-15.00,-113.50,3  8690,225,,9,,9,0.12,2,0.00,2
20,-15.00,-113.50,3  8691,226,0.18,2,0.03,2,,9,,9
20,-15.00,-113.50,3  8688,275,,9,,9,0.05,2,0.01,2
20,-15.00,-113.50,3  8689,277,0.24,2,0.01,2,,9,,9
20,-15.00,-113.50,3  8686,325,,9,,9,0.07,2,0.06,2
20,-15.00,-113.50,3  8687,326,0.41,2,0.00,2,,9,,9
20,-15.00,-113.50,3  8684,400,,9,,9,,5,0.08,2
20,-15.00,-113.50,3  8685,401,0.68,2,0.02,2,,9,,9
20,-15.00,-113.50,3  8682,500,,9,,9,0.06,2,0.07,2
20,-15.00,-113.50,3  8683,501,0.68,2,0.01,2,,9,,9
20,-15.00,-113.50,3  8680,750,,9,,9,,5,0.13,2
20,-15.00,-113.50,3  8681,751,0.79,2,0.00,2,,9,,9
20,-15.00,-113.50,3  8678,1000,,9,,9,0.08,2,0.08,2
20,-15.00,-113.50,3  8765,1000,,9,,9,,5,0.13,2
20,-15.00,-113.50,3  8766,1000,0.71,2,0.02,2,,9,,9
20,-15.00,-113.50,3  8679,1001,0.72,2,0.01,2,,9,,9
20,-15.00,-113.50,3  8763,1250,,9,,9,,5,0.08,2
20,-15.00,-113.50,3  8764,1250,0.74,2,0.02,2,,9,,9
20,-15.00,-113.50,3  8761,1500,,9,,9,,5,0.08,2
20,-15.00,-113.50,3  8762,1500,0.75,2,0.01,2,,9,,9
20,-15.00,-113.50,3  8760,1750,0.71,2,0.01,2,,9,,9
20,-15.00,-113.50,3  8759,1750,,9,,9,0.12,2,0.05,2
20,-15.00,-113.50,3  8757,2000,,9,,9,0.05,2,0.06,2
20,-15.00,-113.50,3  8758,2001,0.81,2,0.01,2,,9,,9
20,-15.00,-113.50,3  8755,2100,,9,,9,,5,0.06,2
20,-15.00,-113.50,3  8756,2101,0.84,2,0.01,2,,9,,9
20,-15.00,-113.50,3  8753,2200,,9,,9,,5,0.02,2
20,-15.00,-113.50,3  8754,2200,1.00,2,0.03,2,,9,,9
20,-15.00,-113.50,3  8751,2250,,9,,9,0.00,2,0.09,2
20,-15.00,-113.50,3  8752,2251,,5,0.05,2,,9,,9
20,-15.00,-113.50,3  8750,2300,0.83,2,0.02,2,,9,,9
20,-15.00,-113.50,3  8749,2300,,9,,9,,5,0.03,2
20,-15.00,-113.50,3  8748,2350,0.91,2,0.02,2,,9,,9
20,-15.00,-113.50,3  8747,2350,,9,,9,,5,,5
20,-15.00,-113.50,3  8746,2400,0.81,2,0.01,2,,9,,9
20,-15.00,-113.50,3  8745,2400,,9,,9,,5,0.00,2
20,-15.00,-113.50,3  8652,2449,0.79,2,0.02,2,,9,,9
20,-15.00,-113.50,3  8744,2450,0.78,2,0.03,2,,9,,9
20,-15.00,-113.50,3  8651,2450,,9,,9,0.00,2,0.01,2
20,-15.00,-113.50,3  8743,2450,,9,,9,0.00,2,,5
20,-15.00,-113.50,3  8650,2500,0.75,2,0.01,2,,9,,9
20,-15.00,-113.50,3  8649,2500,,9,,9,0.15,2,0.00,2
20,-15.00,-113.50,3  8647,2550,,9,,9,0.00,2,0.03,2
20,-15.00,-113.50,3  8648,2551,0.72,2,0.02,2,,9,,9
20,-15.00,-113.50,3  8646,2600,0.86,2,0.05,2,,9,,9
20,-15.00,-113.50,3  8645,2600,,9,,9,0.00,2,0.04,2
20,-15.00,-113.50,3  8644,2650,0.87,2,0.02,2,,9,,9
20,-15.00,-113.50,3  8643,2650,,9,,9,0.00,2,0.02,2
20,-15.00,-113.50,3  8642,2699,0.97,2,0.03,2,,9,,9
20,-15.00,-113.50,3  8641,2700,,9,,9,0.00,2,0.04,2
20,-15.00,-113.50,3  8639,2750,,9,,9,0.07,2,0.01,2
20,-15.00,-113.50,3  8640,2750,1.06,2,0.04,2,,9,,9
20,-15.00,-113.50,3  8638,2799,0.99,2,0.02,2,,9,,9
20,-15.00,-113.50,3  8637,2800,,9,,9,0.06,2,0.07,2
20,-15.00,-113.50,3  8636,2899,1.15,2,0.03,2,,9,,9
20,-15.00,-113.50,3  8635,2900,,9,,9,0.00,2,0.08,2
20,-15.00,-113.50,3  8634,2999,1.09,2,0.01,2,,9,,9
20,-15.00,-113.50,3  8633,3000,,9,,9,0.00,2,0.06,2
20,-15.00,-113.50,3  8632,3099,1.07,2,0.03,2,,9,,9
20,-15.00,-113.50,3  8631,3100,,9,,9,0.00,2,0.11,2
20,-15.00,-113.50,3  8630,3159,1.17,2,0.03,2,,9,,9
20,-15.00,-113.50,3  8629,3160,,9,,9,0.00,2,0.08,2
21,-14.77,-115.00,8  8878,2,0.11,2,,9,,9,,9
21,-14.77,-115.00,8  8852,20,,9,,9,,5,0.00,2
21,-14.77,-115.00,8  8853,21,0.30,2,0.01,2,,9,,9
21,-14.77,-115.00,8  8851,60,0.31,2,0.00,3,,9,,9
21,-14.77,-115.00,8  8850,60,,9,,9,,5,0.00,2
21,-14.77,-115.00,8  8849,90,0.34,2,0.01,2,,9,,9
21,-14.77,-115.00,8  8848,90,,9,,9,,5,0.00,2
21,-14.77,-115.00,8  8847,125,0.24,2,0.01,2,,9,,9
21,-14.77,-115.00,8  8846,125,,9,,9,,5,0.00,2
21,-14.77,-115.00,8  8845,150,0.30,2,0.01,2,,9,,9
21,-14.77,-115.00,8  8844,150,,9,,9,,5,0.00,2
21,-14.77,-115.00,8  8843,225,0.32,2,0.02,2,,9,,9
21,-14.77,-115.00,8  8842,225,,9,,9,,5,0.00,2
21,-14.77,-115.00,8  8841,299,0.50,2,0.02,2,,9,,9
21,-14.77,-115.00,8  8840,300,,9,,9,,5,0.00,2
21,-14.77,-115.00,8  8839,359,0.70,2,0.01,2,,9,,9
21,-14.77,-115.00,8  8838,360,,9,,9,,5,0.03,2
21,-14.77,-115.00,8  8837,448,0.91,2,0.01,2,,9,,9
21,-14.77,-115.00,8  8836,450,,9,,9,,5,0.19,2
21,-14.77,-115.00,8  8835,499,1.04,2,0.00,2,,9,,9
21,-14.77,-115.00,8  8834,500,,9,,9,,5,0.02,2
21,-14.77,-115.00,8  8833,748,0.90,2,0.01,2,,9,,9
21,-14.77,-115.00,8  8832,750,,9,,9,,5,0.09,2
21,-14.77,-115.00,8  8911,995,0.83,2,0.01,2,,9,,9
21,-14.77,-115.00,8  8831,996,0.83,2,0.00,3,,9,,9
21,-14.77,-115.00,8  8830,1000,,9,,9,,5,0.02,2
21,-14.77,-115.00,8  8910,1000,,9,,9,,5,0.02,2
21,-14.77,-115.00,8  8909,1244,0.74,2,0.02,2,,9,,9
21,-14.77,-115.00,8  8908,1250,,9,,9,,5,0.04,2
21,-14.77,-115.00,8  8907,1494,0.78,2,0.00,2,,9,,9
21,-14.77,-115.00,8  8906,1500,,9,,9,,5,0.01,2
21,-14.77,-115.00,8  8905,1744,0.76,2,0.00,2,,9,,9
21,-14.77,-115.00,8  8904,1750,,9,,9,,5,0.03,2
21,-14.77,-115.00,8  8903,1990,0.99,2,0.11,3,,9,,9
21,-14.77,-115.00,8  8902,2000,,9,,9,,5,0.04,2
21,-14.77,-115.00,8  8901,2090,1.01,2,0.03,2,,9,,9
21,-14.77,-115.00,8  8900,2100,,9,,9,,5,0.03,2
21,-14.77,-115.00,8  8899,2189,0.97,2,0.00,3,,9,,9
21,-14.77,-115.00,8  8898,2200,,9,,9,,5,0.03,2
21,-14.77,-115.00,8  8897,2289,1.03,2,,5,,9,,9
21,-14.77,-115.00,8  8896,2300,,9,,9,,5,0.03,2
21,-14.77,-115.00,8  8895,2339,1.08,2,0.01,2,,9,,9
21,-14.77,-115.00,8  8894,2350,,9,,9,,5,0.04,2
21,-14.77,-115.00,8  8893,2388,1.22,2,0.00,3,,9,,9
21,-14.77,-115.00,8  8892,2400,,9,,9,,5,0.00,2
21,-14.77,-115.00,8  8891,2437,1.08,2,0.02,2,,9,,9
21,-14.77,-115.00,8  8890,2450,,9,,9,,5,0.02,2
21,-14.77,-115.00,8  8805,2486,1.17,2,0.02,3,,9,,9
21,-14.77,-115.00,8  8889,2489,1.12,2,0.01,2,,9,,9
21,-14.77,-115.00,8  8804,2500,,9,,9,,5,0.03,2
21,-14.77,-115.00,8  8888,2500,,9,,9,,5,,5
21,-14.77,-115.00,8  8803,2537,1.29,2,0.02,3,,9,,9
21,-14.77,-115.00,8  8802,2550,,9,,9,,5,,5
21,-14.77,-115.00,8  8801,2586,1.41,2,0.03,2,,9,,9
21,-14.77,-115.00,8  8800,2600,,9,,9,,5,0.11,2
21,-14.77,-115.00,8  8799,2685,1.59,2,0.02,2,,9,,9
21,-14.77,-115.00,8  8798,2700,,9,,9,,5,0.08,2
21,-14.77,-115.00,8  8797,2785,1.66,2,0.02,2,,9,,9
21,-14.77,-115.00,8  8796,2800,,9,,9,,5,0.05,2
21,-14.77,-115.00,8  8795,2885,1.57,2,0.03,2,,9,,9
21,-14.77,-115.00,8  8794,2900,,9,,9,,5,0.05,2
21,-14.77,-115.00,8  8793,2984,1.38,2,0.02,2,,9,,9
21,-14.77,-115.00,8  8792,3000,,9,,9,,5,0.12,2
21,-14.77,-115.00,8  8791,3084,1.35,2,0.05,2,,9,,9
21,-14.77,-115.00,8  8790,3100,,9,,9,,5,0.11,2
21,-14.77,-115.00,8  8789,3134,1.30,2,0.02,2,,9,,9
21,-14.77,-115.00,8  8788,3150,,9,,9,,5,0.06,2
21,-14.77,-115.00,8  8787,3183,1.38,2,0.04,2,,9,,9
21,-14.77,-115.00,8  8786,3200,,9,,9,,5,0.08,2
21,-14.77,-115.00,8  8785,3208,1.53,2,,5,,9,,9
21,-14.77,-115.00,8  8784,3225,,9,,9,,5,0.02,2
21,-14.77,-115.00,8  8783,3233,1.44,2,0.03,2,,9,,9
21,-14.77,-115.00,8  8782,3250,,9,,9,,5,0.17,2
22,-14.39,-117.50,4  8964,2,0.11,2,,9,,9,,9
22,-14.39,-117.50,4  8947,20,,9,,9,0.00,2,,5
22,-14.39,-117.50,4  8948,20,0.20,2,0.00,2,,9,,9
22,-14.39,-117.50,4  8946,85,0.09,2,0.02,2,,9,,9
22,-14.39,-117.50,4  8945,85,,9,,9,0.00,2,0.00,2
22,-14.39,-117.50,4  8943,120,,9,,9,0.11,2,0.00,2
22,-14.39,-117.50,4  8944,122,0.18,2,0.02,2,,9,,9
22,-14.39,-117.50,4  8941,150,,9,,9,0.00,2,0.00,2
22,-14.39,-117.50,4  8942,151,0.21,2,0.02,2,,9,,9
22,-14.39,-117.50,4  8939,210,,9,,9,0.00,2,0.00,2
22,-14.39,-117.50,4  8940,210,0.21,2,0.02,2,,9,,9
22,-14.39,-117.50,4  8937,280,,9,,9,0.00,2,0.00,2
22,-14.39,-117.50,4  8938,281,0.30,2,0.03,2,,9,,9
22,-14.39,-117.50,4  8935,310,,9,,9,,5,0.01,2
22,-14.39,-117.50,4  8936,312,0.48,2,0.06,2,,9,,9
22,-14.39,-117.50,4  8934,375,0.49,2,0.01,2,,9,,9
22,-14.39,-117.50,4  8933,375,,9,,9,0.04,2,0.06,2
22,-14.39,-117.50,4  8931,450,,9,,9,0.00,2,0.06,2
22,-14.39,-117.50,4  8932,451,0.75,2,0.00,3,,9,,9
22,-14.39,-117.50,4  8929,550,,9,,9,0.02,2,0.06,2
22,-14.39,-117.50,4  8930,552,0.75,2,0.00,2,,9,,9
22,-14.39,-117.50,4  8927,750,,9,,9,0.04,2,0.20,2
22,-14.39,-117.50,4  8928,752,0.75,2,0.04,2,,9,,9
22,-14.39,-117.50,4  8925,1000,,9,,9,0.00,2,,5
22,-14.39,-117.50,4  8926,1001,0.58,2,0.00,2,,9,,9
23,-14.00,-120.00,3  9059,2,0.06,2,,9,,9,,9
23,-14.00,-120.00,3  9033,20,,9,,9,,5,0.00,2
23,-14.00,-120.00,3  9034,20,0.13,2,0.01,2,,9,,9
23,-14.00,-120.00,3  9032,50,0.11,2,0.00,2,,9,,9
23,-14.00,-120.00,3  9031,50,,9,,9,,5,0.00,2
23,-14.00,-120.00,3  9029,75,,9,,9,,5,0.00,2
23,-14.00,-120.00,3  9030,75,0.15,2,0.00,3,,9,,9
23,-14.00,-120.00,3  9028,90,0.15,2,0.00,3,,9,,9
23,-14.00,-120.00,3  9027,90,,9,,9,,5,0.02,2
23,-14.00,-120.00,3  9025,120,,9,,9,,5,0.00,2
23,-14.00,-120.00,3  9026,121,0.15,2,0.01,2,,9,,9
23,-14.00,-120.00,3  9024,179,0.19,2,0.02,2,,9,,9
23,-14.00,-120.00,3  9023,180,,9,,9,,5,0.00,2
23,-14.00,-120.00,3  9022,230,0.17,2,0.01,2,,9,,9
23,-14.00,-120.00,3  9021,230,,9,,9,,5,0.00,2
23,-14.00,-120.00,3  9019,290,,9,,9,,5,0.03,2
23,-14.00,-120.00,3  9020,291,0.19,2,0.06,2,,9,,9
23,-14.00,-120.00,3  9017,350,,9,,9,,5,0.03,2
23,-14.00,-120.00,3  9018,350,0.61,2,0.01,2,,9,,9
23,-14.00,-120.00,3  9016,498,0.67,2,0.00,3,,9,,9
23,-14.00,-120.00,3  9015,500,,9,,9,,5,0.07,2
23,-14.00,-120.00,3  9014,748,0.62,2,0.06,2,,9,,9
23,-14.00,-120.00,3  9013,750,,9,,9,,5,,5
23,-14.00,-120.00,3  9096,996,0.57,2,0.01,2,,9,,9
23,-14.00,-120.00,3  9012,996,0.56,2,0.01,3,,9,,9
23,-14.00,-120.00,3  9011,1000,,9,,9,,5,0.27,2
23,-14.00,-120.00,3  9095,1000,,9,,9,,5,0.11,2
23,-14.00,-120.00,3  9094,1244,0.65,2,0.01,2,,9,,9
23,-14.00,-120.00,3  9093,1250,,9,,9,,5,0.06,2
23,-14.00,-120.00,3  9092,1493,0.58,2,0.02,2,,9,,9
23,-14.00,-120.00,3  9091,1500,,9,,9,0.02,2,0.00,2
23,-14.00,-120.00,3  9090,1742,0.85,2,0.12,2,,9,,9
23,-14.00,-120.00,3  9089,1750,,9,,9,,5,0.03,2
23,-14.00,-120.00,3  9088,1990,0.69,2,0.03,2,,9,,9
23,-14.00,-120.00,3  9087,2000,,9,,9,0.04,2,0.04,2
23,-14.00,-120.00,3  9086,2090,0.87,2,0.01,2,,9,,9
23,-14.00,-120.00,3  9085,2100,,9,,9,,5,0.01,2
23,-14.00,-120.00,3  9084,2189,1.21,2,0.01,2,,9,,9
23,-14.00,-120.00,3  9083,2200,,9,,9,,5,0.02,2
23,-14.00,-120.00,3  9082,2289,0.97,2,,5,,9,,9
23,-14.00,-120.00,3  9081,2300,,9,,9,,5,0.06,2
23,-14.00,-120.00,3  9080,2339,0.79,2,0.00,2,,9,,9
23,-14.00,-120.00,3  9079,2350,,9,,9,,5,0.15,2
23,-14.00,-120.00,3  9078,2389,1.26,2,0.01,2,,9,,9
23,-14.00,-120.00,3  9077,2400,,9,,9,0.03,2,0.06,2
23,-14.00,-120.00,3  9076,2439,0.89,2,,5,,9,,9
23,-14.00,-120.00,3  9075,2450,,9,,9,,5,0.07,2
23,-14.00,-120.00,3  9000,2487,0.88,2,0.01,2,,9,,9
23,-14.00,-120.00,3  9074,2487,0.88,2,0.00,2,,9,,9
23,-14.00,-120.00,3  8999,2500,,9,,9,,5,0.06,2
23,-14.00,-120.00,3  9073,2500,,9,,9,,5,,5
23,-14.00,-120.00,3  8998,2537,1.00,2,0.04,2,,9,,9
23,-14.00,-120.00,3  8997,2550,,9,,9,0.06,2,0.05,2
23,-14.00,-120.00,3  8996,2587,0.85,2,0.03,2,,9,,9
23,-14.00,-120.00,3  8995,2600,,9,,9,0.14,2,0.00,2
23,-14.00,-120.00,3  8994,2687,1.07,2,0.02,2,,9,,9
23,-14.00,-120.00,3  8993,2700,,9,,9,0.00,2,0.05,2
23,-14.00,-120.00,3  8992,2785,1.09,2,0.02,2,,9,,9
23,-14.00,-120.00,3  8991,2800,,9,,9,0.03,2,0.11,2
23,-14.00,-120.00,3  8990,2885,1.11,2,0.02,3,,9,,9
23,-14.00,-120.00,3  8989,2900,,9,,9,,5,0.18,2
23,-14.00,-120.00,3  8988,2984,1.17,2,0.02,2,,9,,9
23,-14.00,-120.00,3  8987,3000,,9,,9,,5,0.04,2
23,-14.00,-120.00,3  8986,3084,1.07,2,0.03,2,,9,,9
23,-14.00,-120.00,3  8985,3100,,9,,9,0.04,2,0.03,2
23,-14.00,-120.00,3  8984,3183,1.16,2,0.20,2,,9,,9
23,-14.00,-120.00,3  8983,3200,,9,,9,0.03,2,0.06,2
23,-14.00,-120.00,3  8982,3283,1.15,2,0.03,2,,9,,9
23,-14.00,-120.00,3  8981,3300,,9,,9,,5,0.14,2
23,-14.00,-120.00,3  8980,3331,1.12,2,0.01,2,,9,,9
23,-14.00,-120.00,3  8979,3350,,9,,9,0.00,2,0.02,2
23,-14.00,-120.00,3  8978,3414,1.27,2,0.02,2,,9,,9
23,-14.00,-120.00,3  8977,3450,,9,,9,,5,0.08,2
24,-13.27,-122.50,4  9117,2,0.18,2,,9,,9,,9
24,-13.27,-122.50,4  9148,20,0.15,2,0.02,2,,9,,9
24,-13.27,-122.50,4  9147,20,,9,,9,,9,0.00,2
24,-13.27,-122.50,4  9146,40,0.15,2,0.01,2,,9,,9
24,-13.27,-122.50,4  9145,40,,9,,9,,9,0.00,2
24,-13.27,-122.50,4  9144,55,0.22,2,0.02,2,,9,,9
24,-13.27,-122.50,4  9143,55,,9,,9,,9,0.00,2
24,-13.27,-122.50,4  9141,70,,9,,9,,9,0.00,2
24,-13.27,-122.50,4  9142,70,0.07,2,0.01,2,,9,,9
24,-13.27,-122.50,4  9139,110,,9,,9,,9,0.00,2
24,-13.27,-122.50,4  9140,111,0.16,2,0.04,2,,9,,9
24,-13.27,-122.50,4  9137,180,,9,,9,,9,0.00,2
24,-13.27,-122.50,4  9138,180,0.15,2,0.05,2,,9,,9
24,-13.27,-122.50,4  9135,225,,9,,9,,9,0.00,2
24,-13.27,-122.50,4  9136,226,0.19,2,0.07,2,,9,,9
24,-13.27,-122.50,4  9133,290,,9,,9,,9,0.01,2
24,-13.27,-122.50,4  9134,291,0.54,2,0.06,2,,9,,9
24,-13.27,-122.50,4  9131,350,,9,,9,,9,0.21,2
24,-13.27,-122.50,4  9132,351,1.71,2,0.02,2,,9,,9
24,-13.27,-122.50,4  9129,500,,9,,9,,9,,5
24,-13.27,-122.50,4  9130,501,0.99,2,0.01,2,,9,,9
24,-13.27,-122.50,4  9127,750,,9,,9,,9,0.08,2
24,-13.27,-122.50,4  9128,750,0.89,2,0.02,2,,9,,9
24,-13.27,-122.50,4  9125,1000,,9,,9,,9,0.10,2
24,-13.27,-122.50,4  9126,1002,0.80,2,0.03,2,,9,,9
25,-12.54,-125.00,7  9249,2,0.05,2,,9,,9,,9
25,-12.54,-125.00,7  9224,20,0.26,2,0.01,2,,9,,9
25,-12.54,-125.00,7  9223,20,,9,,9,,9,0.00,2
25,-12.54,-125.00,7  9221,30,,9,,9,,9,0.00,2
25,-12.54,-125.00,7  9222,30,0.19,2,0.01,2,,9,,9
25,-12.54,-125.00,7  9220,40,0.23,2,0.00,3,,9,,9
25,-12.54,-125.00,7  9219,40,,9,,9,,9,0.00,2
25,-12.54,-125.00,7  9217,60,,9,,9,,9,,5
25,-12.54,-125.00,7  9218,61,0.17,2,0.01,2,,9,,9
25,-12.54,-125.00,7  9215,85,,9,,9,,9,0.17,2
25,-12.54,-125.00,7  9216,86,0.15,2,0.04,2,,9,,9
25,-12.54,-125.00,7  9214,150,0.18,2,0.01,2,,9,,9
25,-12.54,-125.00,7  9213,150,,9,,9,,9,,5
25,-12.54,-125.00,7  9212,200,0.28,2,0.02,2,,9,,9
25,-12.54,-125.00,7  9211,200,,9,,9,,9,,5
25,-12.54,-125.00,7  9210,300,0.55,2,0.01,2,,9,,9
25,-12.54,-125.00,7  9209,300,,9,,9,,9,,5
25,-12.54,-125.00,7  9208,349,0.73,2,0.01,2,,9,,9
25,-12.54,-125.00,7  9207,350,,9,,9,,9,,5
25,-12.54,-125.00,7  9206,499,1.04,2,0.00,3,,9,,9
25,-12.54,-125.00,7  9205,500,,9,,9,,9,,5
25,-12.54,-125.00,7  9204,748,0.80,2,0.00,2,,9,,9
25,-12.54,-125.00,7  9203,750,,9,,9,,9,,5
25,-12.54,-125.00,7  9287,995,0.95,3,0.01,2,,9,,9
25,-12.54,-125.00,7  9202,997,0.80,2,0.01,2,,9,,9
25,-12.54,-125.00,7  9201,1000,,9,,9,,9,0.22,2
25,-12.54,-125.00,7  9286,1000,,9,,9,,9,0.25,2
25,-12.54,-125.00,7  9285,1244,0.54,2,0.01,2,,9,,9
25,-12.54,-125.00,7  9284,1250,,9,,9,,9,0.16,2
25,-12.54,-125.00,7  9283,1494,0.63,2,0.01,2,,9,,9
25,-12.54,-125.00,7  9282,1550,,9,,9,,9,0.06,2
25,-12.54,-125.00,7  9281,1742,0.78,2,0.00,3,,9,,9
25,-12.54,-125.00,7  9280,1750,,9,,9,,9,0.07,2
25,-12.54,-125.00,7  9279,1991,0.68,2,0.01,2,,9,,9
25,-12.54,-125.00,7  9278,2000,,9,,9,,9,0.14,2
25,-12.54,-125.00,7  9277,2089,0.71,2,0.02,2,,9,,9
25,-12.54,-125.00,7  9276,2100,,9,,9,,9,0.09,2
25,-12.54,-125.00,7  9275,2190,1.00,2,0.02,2,,9,,9
25,-12.54,-125.00,7  9274,2200,,9,,9,,9,0.06,2
25,-12.54,-125.00,7  9273,2289,0.78,2,0.01,2,,9,,9
25,-12.54,-125.00,7  9272,2300,,9,,9,,9,0.12,2
25,-12.54,-125.00,7  9271,2388,0.66,2,0.03,2,,9,,9
25,-12.54,-125.00,7  9270,2400,,9,,9,,9,0.06,2
25,-12.54,-125.00,7  9269,2488,1.09,2,0.02,2,,9,,9
25,-12.54,-125.00,7  9268,2500,,9,,9,,9,0.00,2
25,-12.54,-125.00,7  9267,2537,0.77,2,0.01,2,,9,,9
25,-12.54,-125.00,7  9266,2550,,9,,9,,9,0.12,2
25,-12.54,-125.00,7  9178,2586,1.37,2,0.06,2,,9,,9
25,-12.54,-125.00,7  9265,2588,1.03,2,0.01,2,,9,,9
25,-12.54,-125.00,7  9177,2600,,9,,9,,9,0.08,2
25,-12.54,-125.00,7  9264,2600,,9,,9,,9,0.00,2
25,-12.54,-125.00,7  9176,2636,1.50,2,0.02,2,,9,,9
25,-12.54,-125.00,7  9175,2650,,9,,9,,9,0.22,2
25,-12.54,-125.00,7  9174,2684,1.21,2,0.02,2,,9,,9
25,-12.54,-125.00,7  9173,2700,,9,,9,,9,,5
25,-12.54,-125.00,7  9172,2736,1.45,2,0.02,2,,9,,9
25,-12.54,-125.00,7  9171,2750,,9,,9,,9,0.15,2
25,-12.54,-125.00,7  9170,2786,1.32,2,0.02,2,,9,,9
25,-12.54,-125.00,7  9169,2800,,9,,9,,9,0.34,2
25,-12.54,-125.00,7  9168,2884,1.28,2,0.02,2,,9,,9
25,-12.54,-125.00,7  9167,2900,,9,,9,,9,0.31,2
25,-12.54,-125.00,7  9166,2984,1.30,2,0.01,2,,9,,9
25,-12.54,-125.00,7  9165,3000,,9,,9,,9,0.26,2
25,-12.54,-125.00,7  9164,3233,1.46,2,0.02,2,,9,,9
25,-12.54,-125.00,7  9163,3250,,9,,9,,9,0.40,2
25,-12.54,-125.00,7  9162,3482,1.03,2,0.04,2,,9,,9
25,-12.54,-125.00,7  9161,3500,,9,,9,,9,0.12,2
25,-12.54,-125.00,7  9160,3730,1.25,2,0.06,2,,9,,9
25,-12.54,-125.00,7  9159,3750,,9,,9,,9,0.07,2
25,-12.54,-125.00,7  9158,3879,1.42,2,0.03,2,,9,,9
25,-12.54,-125.00,7  9157,3900,,9,,9,,9,0.18,2
25,-12.54,-125.00,7  9156,3903,1.13,2,0.03,2,,9,,9
25,-12.54,-125.00,7  9155,3925,,9,,9,,9,,5
26,-11.71,-128.08,2  9338,2,0.08,2,,9,,9,,9
26,-11.71,-128.08,2  9383,20,,9,,9,,9,0.00,2
26,-11.71,-128.08,2  9384,20,0.11,2,0.00,2,,9,,9
26,-11.71,-128.08,2  9381,45,,9,,9,,9,0.00,2
26,-11.71,-128.08,2  9382,45,0.13,2,0.00,2,,9,,9
26,-11.71,-128.08,2  9379,80,,9,,9,,9,0.00,2
26,-11.71,-128.08,2  9380,81,0.16,2,0.01,2,,9,,9
26,-11.71,-128.08,2  9377,100,,9,,9,,9,0.00,2
26,-11.71,-128.08,2  9378,100,0.16,2,0.01,2,,9,,9
26,-11.71,-128.08,2  9376,141,0.08,2,0.02,2,,9,,9
26,-11.71,-128.08,2  9373,200,,9,,9,,9,0.00,2
26,-11.71,-128.08,2  9375,200,,9,,9,,9,,5
26,-11.71,-128.08,2  9374,201,0.22,2,0.01,2,,9,,9
26,-11.71,-128.08,2  9371,250,,9,,9,,9,0.00,2
26,-11.71,-128.08,2  9372,252,0.18,2,0.01,2,,9,,9
26,-11.71,-128.08,2  9369,300,,9,,9,,9,0.00,2
26,-11.71,-128.08,2  9370,301,0.31,2,0.00,2,,9,,9
26,-11.71,-128.08,2  9367,335,,9,,9,,9,0.00,2
26,-11.71,-128.08,2  9368,337,0.48,2,0.01,2,,9,,9
26,-11.71,-128.08,2  9365,550,,9,,9,,9,,5
26,-11.71,-128.08,2  9366,552,0.60,2,0.01,2,,9,,9
26,-11.71,-128.08,2  9363,850,,9,,9,,9,0.06,2
26,-11.71,-128.08,2  9364,852,0.72,2,0.00,2,,9,,9
26,-11.71,-128.08,2  9440,1000,0.53,2,0.03,2,,9,,9
26,-11.71,-128.08,2  9361,1000,,9,,9,,9,0.05,2
26,-11.71,-128.08,2  9439,1000,,9,,9,,9,0.06,2
26,-11.71,-128.08,2  9362,1002,0.73,2,0.00,3,,9,,9
26,-11.71,-128.08,2  9438,1250,0.95,2,0.02,2,,9,,9
26,-11.71,-128.08,2  9437,1250,,9,,9,,9,0.15,2
26,-11.71,-128.08,2  9435,1500,,9,,9,,9,0.07,2
26,-11.71,-128.08,2  9436,1501,0.53,2,0.03,2,,9,,9
26,-11.71,-128.08,2  9434,1750,0.58,2,0.02,2,,9,,9
26,-11.71,-128.08,2  9433,1750,,9,,9,,9,0.03,2
26,-11.71,-128.08,2  9431,2000,,9,,9,,9,0.07,2
26,-11.71,-128.08,2  9432,2000,0.61,2,0.03,2,,9,,9
26,-11.71,-128.08,2  9429,2100,,9,,9,,9,0.07,2
26,-11.71,-128.08,2  9430,2100,0.54,2,0.03,2,,9,,9
26,-11.71,-128.08,2  9428,2199,0.97,2,0.03,2,,9,,9
26,-11.71,-128.08,2  9427,2200,,9,,9,,9,0.27,2
26,-11.71,-128.08,2  9426,2300,0.75,2,0.04,2,,9,,9
26,-11.71,-128.08,2  9425,2300,,9,,9,,9,0.29,2
26,-11.71,-128.08,2  9423,2400,,9,,9,,9,0.00,2
26,-11.71,-128.08,2  9424,2400,0.72,2,0.03,2,,9,,9
26,-11.71,-128.08,2  9422,2500,0.69,2,0.02,2,,9,,9
26,-11.71,-128.08,2  9421,2500,,9,,9,,9,0.07,2
26,-11.71,-128.08,2  9420,2549,1.43,2,0.04,2,,9,,9
26,-11.71,-128.08,2  9419,2550,,9,,9,,9,0.19,2
26,-11.71,-128.08,2  9325,2598,0.97,2,0.01,3,,9,,9
26,-11.71,-128.08,2  9418,2599,1.55,2,0.06,2,,9,,9
26,-11.71,-128.08,2  9417,2600,,9,,9,,9,0.07,2
26,-11.71,-128.08,2  9324,2600,,9,,9,,9,0.08,2
26,-11.71,-128.08,2  9323,2648,0.96,2,0.03,2,,9,,9
26,-11.71,-128.08,2  9322,2650,,9,,9,,9,0.18,2
26,-11.71,-128.08,2  9321,2700,1.06,2,0.04,2,,9,,9
26,-11.71,-128.08,2  9320,2700,,9,,9,,9,0.13,2
26,-11.71,-128.08,2  9319,2749,1.19,2,0.01,2,,9,,9
26,-11.71,-128.08,2  9318,2750,,9,,9,,9,0.04,2
26,-11.71,-128.08,2  9317,2799,1.49,2,0.03,2,,9,,9
26,-11.71,-128.08,2  9316,2800,,9,,9,,9,0.07,2
26,-11.71,-128.08,2  9315,2898,1.37,2,0.04,2,,9,,9
26,-11.71,-128.08,2  9314,2900,,9,,9,,9,0.22,2
26,-11.71,-128.08,2  9313,2997,1.08,2,0.03,2,,9,,9
26,-11.71,-128.08,2  9312,3000,,9,,9,,9,0.09,2
26,-11.71,-128.08,2  9311,3248,1.30,2,0.03,2,,9,,9
26,-11.71,-128.08,2  9310,3250,,9,,9,,9,0.15,2
26,-11.71,-128.08,2  9309,3498,1.27,2,0.02,2,,9,,9
26,-11.71,-128.08,2  9308,3500,,9,,9,,9,0.15,2
26,-11.71,-128.08,2  9307,3747,1.14,2,0.02,2,,9,,9
26,-11.71,-128.08,2  9306,3750,,9,,9,,9,0.06,2
26,-11.71,-128.08,2  9305,3897,1.02,2,0.02,2,,9,,9
26,-11.71,-128.08,2  9304,3900,,9,,9,,9,0.13,2
26,-11.71,-128.08,2  9303,3963,1.38,2,0.03,2,,9,,9
26,-11.71,-128.08,2  9302,3965,,9,,9,,9,0.16,2
27,-11.65,-130.00,1  9546,2,0.21,2,,9,,9,,9
27,-11.65,-130.00,1  9532,20,0.24,2,0.01,2,,9,,9
27,-11.65,-130.00,1  9531,20,,9,,9,,9,,9
27,-11.65,-130.00,1  9530,45,0.32,2,0.00,3,,9,,9
27,-11.65,-130.00,1  9529,45,,9,,9,,9,,9
27,-11.65,-130.00,1  9528,64,0.25,2,0.00,2,,9,,9
27,-11.65,-130.00,1  9527,65,,9,,9,,9,,9
27,-11.65,-130.00,1  9526,100,0.24,2,0.00,2,,9,,9
27,-11.65,-130.00,1  9525,100,,9,,9,,9,,9
27,-11.65,-130.00,1  9524,140,0.20,2,0.01,2,,9,,9
27,-11.65,-130.00,1  9523,140,,9,,9,,9,,9
27,-11.65,-130.00,1  9522,200,0.30,2,0.00,2,,9,,9
27,-11.65,-130.00,1  9521,200,,9,,9,,9,,9
27,-11.65,-130.00,1  9520,249,0.44,2,0.02,2,,9,,9
27,-11.65,-130.00,1  9519,250,,9,,9,,9,,9
27,-11.65,-130.00,1  9518,300,0.49,2,0.01,2,,9,,9
27,-11.65,-130.00,1  9517,300,,9,,9,,9,,9
27,-11.65,-130.00,1  9516,424,0.76,2,0.01,2,,9,,9
27,-11.65,-130.00,1  9515,425,,9,,9,,9,,9
27,-11.65,-130.00,1  9514,598,0.86,2,0.00,2,,9,,9
27,-11.65,-130.00,1  9513,600,,9,,9,,9,,9
27,-11.65,-130.00,1  9512,872,0.72,2,0.00,3,,9,,9
27,-11.65,-130.00,1  9511,875,,9,,9,,9,,9
27,-11.65,-130.00,1  9510,997,0.81,2,0.01,2,,9,,9
27,-11.65,-130.00,1  9509,1000,,9,,9,,9,,9
28,-11.63,-132.50,1  9650,2,0.03,2,,9,,9,,9
28,-11.63,-132.50,1  9633,20,,9,,9,,9,0.00,2
28,-11.63,-132.50,1  9634,20,0.07,2,0.00,2,,9,,9
28,-11.63,-132.50,1  9631,40,,9,,9,,9,0.00,2
28,-11.63,-132.50,1  9632,41,0.15,2,0.01,2,,9,,9
28,-11.63,-132.50,1  9629,60,,9,,9,,9,0.00,2
28,-11.63,-132.50,1  9630,61,0.08,2,0.00,3,,9,,9
28,-11.63,-132.50,1  9627,75,,9,,9,,9,0.00,2
28,-11.63,-132.50,1  9628,76,0.12,2,0.01,2,,9,,9
28,-11.63,-132.50,1  9625,120,,9,,9,,9,0.00,2
28,-11.63,-132.50,1  9626,121,0.16,2,0.00,2,,9,,9
28,-11.63,-132.50,1  9623,150,,9,,9,,9,0.00,2
28,-11.63,-132.50,1  9624,150,0.14,2,0.00,3,,9,,9
28,-11.63,-132.50,1  9621,220,,9,,9,,9,0.00,2
28,-11.63,-132.50,1  9622,221,0.21,2,0.00,4,,9,,9
28,-11.63,-132.50,1  9619,270,,9,,9,,9,0.00,2
28,-11.63,-132.50,1  9620,272,0.26,2,0.01,4,,9,,9
28,-11.63,-132.50,1  9617,340,,9,,9,,9,0.02,2
28,-11.63,-132.50,1  9618,341,0.59,2,0.01,4,,9,,9
28,-11.63,-132.50,1  9615,440,,9,,9,,9,0.00,2
28,-11.63,-132.50,1  9616,441,0.86,2,0.01,4,,9,,9
28,-11.63,-132.50,1  9613,610,,9,,9,,9,0.05,2
28,-11.63,-132.50,1  9614,611,0.73,2,0.01,4,,9,,9
28,-11.63,-132.50,1  9611,860,,9,,9,,9,0.02,2
28,-11.63,-132.50,1  9687,860,,9,,9,,9,,5
28,-11.63,-132.50,1  9688,860,0.74,2,0.02,2,,9,,9
28,-11.63,-132.50,1  9612,862,0.75,2,0.02,4,,9,,9
28,-11.63,-132.50,1  9685,1200,,9,,9,,9,,5
28,-11.63,-132.50,1  9686,1200,0.77,2,0.01,2,,9,,9
28,-11.63,-132.50,1  9683,1500,,9,,9,,9,,5
28,-11.63,-132.50,1  9684,1501,0.83,2,0.01,2,,9,,9
28,-11.63,-132.50,1  9681,1750,,9,,9,,9,,5
28,-11.63,-132.50,1  9682,1750,0.88,2,0.01,2,,9,,9
28,-11.63,-132.50,1  9679,2000,,9,,9,,9,,5
28,-11.63,-132.50,1  9680,2000,0.89,2,0.00,2,,9,,9
28,-11.63,-132.50,1  9678,2099,0.92,2,0.01,2,,9,,9
28,-11.63,-132.50,1  9677,2100,,9,,9,,9,,5
28,-11.63,-132.50,1  9675,2200,,9,,9,,9,,5
28,-11.63,-132.50,1  9676,2200,0.93,2,0.02,2,,9,,9
28,-11.63,-132.50,1  9674,2300,1.03,2,0.02,2,,9,,9
28,-11.63,-132.50,1  9673,2300,,9,,9,,9,,5
28,-11.63,-132.50,1  9672,2399,0.89,2,0.01,2,,9,,9
28,-11.63,-132.50,1  9671,2400,,9,,9,,9,,5
28,-11.63,-132.50,1  9670,2450,1.16,2,0.01,2,,9,,9
28,-11.63,-132.50,1  9669,2450,,9,,9,,9,,5
28,-11.63,-132.50,1  9668,2499,1.20,2,0.02,2,,9,,9
28,-11.63,-132.50,1  9667,2500,,9,,9,,9,,5
28,-11.63,-132.50,1  9571,2549,1.09,2,0.02,2,,9,,9
28,-11.63,-132.50,1  9666,2550,1.07,2,0.02,2,,9,,9
28,-11.63,-132.50,1  9570,2550,,9,,9,,9,0.02,2
28,-11.63,-132.50,1  9665,2550,,9,,9,,9,,5
28,-11.63,-132.50,1  9569,2598,1.15,2,0.02,2,,9,,9
28,-11.63,-132.50,1  9568,2600,,9,,9,,9,0.04,2
28,-11.63,-132.50,1  9567,2648,1.24,2,0.00,2,,9,,9
28,-11.63,-132.50,1  9566,2650,,9,,9,,9,0.02,2
28,-11.63,-132.50,1  9565,2698,1.08,2,0.02,2,,9,,9
28,-11.63,-132.50,1  9564,2700,,9,,9,,9,0.00,2
28,-11.63,-132.50,1  9563,2797,1.13,2,0.01,2,,9,,9
28,-11.63,-132.50,1  9562,2800,,9,,9,,9,0.00,2
28,-11.63,-132.50,1  9561,2899,1.15,2,0.03,2,,9,,9
28,-11.63,-132.50,1  9560,2900,,9,,9,,9,0.04,2
28,-11.63,-132.50,1  9559,2998,1.16,2,0.01,2,,9,,9
28,-11.63,-132.50,1  9558,3000,,9,,9,,9,0.00,2
28,-11.63,-132.50,1  9557,3248,1.18,2,0.02,4,,9,,9
28,-11.63,-132.50,1  9556,3250,,9,,9,,9,0.03,2
28,-11.63,-132.50,1  9555,3498,1.19,2,0.03,4,,9,,9
28,-11.63,-132.50,1  9554,3500,,9,,9,,9,0.09,2
28,-11.63,-132.50,1  9553,3797,1.23,2,0.03,2,,9,,9
28,-11.63,-132.50,1  9552,3800,,9,,9,,9,0.06,2
28,-11.63,-132.50,1  9551,3897,1.21,2,0.03,2,,9,,9
28,-11.63,-132.50,1  9550,3900,,9,,9,,9,0.02,2
28,-11.63,-132.50,1  9549,4011,1.20,2,0.01,2,,9,,9
28,-11.63,-132.50,1  9548,4014,,9,,9,,9,0.11,2
29,-11.60,-135.00,3  9719,2,0.11,2,,9,,9,,9
29,-11.60,-135.00,3  9711,30,,9,,9,,9,,9
29,-11.60,-135.00,3  9712,31,0.18,2,0.00,2,,9,,9
29,-11.60,-135.00,3  9710,40,0.22,2,0.01,2,,9,,9
29,-11.60,-135.00,3  9709,40,,9,,9,,9,,9
29,-11.60,-135.00,3  9707,65,,9,,9,,9,,9
29,-11.60,-135.00,3  9708,65,0.18,2,0.00,2,,9,,9
29,-11.60,-135.00,3  9705,75,,9,,9,,9,,9
29,-11.60,-135.00,3  9706,76,0.15,2,0.00,2,,9,,9
29,-11.60,-135.00,3  9703,95,,9,,9,,9,,9
29,-11.60,-135.00,3  9704,95,0.16,2,0.01,2,,9,,9
29,-11.60,-135.00,3  9702,150,0.17,2,0.03,2,,9,,9
29,-11.60,-135.00,3  9701,150,,9,,9,,9,,9
29,-11.60,-135.00,3  9700,229,0.18,2,0.04,2,,9,,9
29,-11.60,-135.00,3  9699,230,,9,,9,,9,,9
29,-11.60,-135.00,3  9697,325,,9,,9,,9,,9
29,-11.60,-135.00,3  9698,325,0.42,2,0.01,2,,9,,9
29,-11.60,-135.00,3  9696,449,0.97,2,0.04,2,,9,,9
29,-11.60,-135.00,3  9695,450,,9,,9,,9,,9
29,-11.60,-135.00,3  9694,624,0.74,2,0.01,2,,9,,9
29,-11.60,-135.00,3  9693,625,,9,,9,,9,,9
29,-11.60,-135.00,3  9692,863,0.76,2,0.02,2,,9,,9
29,-11.60,-135.00,3  9691,865,,9,,9,,9,,9
29,-11.60,-135.00,3  9690,997,0.73,2,0.04,2,,9,,9
29,-11.60,-135.00,3  9689,1000,,9,,9,,9,,9
30,-11.58,-136.98,5  9802,2,0.06,2,,9,,9,,9
30,-11.58,-136.98,5  9756,30,0.25,2,0.04,3,,9,,9
30,-11.58,-136.98,5  9755,30,,9,,9,0.03,2,,9
30,-11.58,-136.98,5  9754,59,0.25,2,0.06,3,,9,,9
30,-11.58,-136.98,5  9753,60,,9,,9,,5,,9
30,-11.58,-136.98,5  9752,85,0.18,2,0.10,3,,9,,9
30,-11.58,-136.98,5  9751,86,,9,,9,,5,,9
30,-11.58,-136.98,5  9750,110,0.18,2,0.06,3,,9,,9
30,-11.58,-136.98,5  9749,110,,9,,9,,5,,9
30,-11.58,-136.98,5  9748,155,0.26,2,0.17,3,,9,,9
30,-11.58,-136.98,5  9747,156,,9,,9,,5,,9
30,-11.58,-136.98,5  9746,201,0.28,2,0.19,3,,9,,9
30,-11.58,-136.98,5  9745,203,,9,,9,0.03,2,,9
30,-11.58,-136.98,5  9744,282,0.36,2,0.09,3,,9,,9
30,-11.58,-136.98,5  9743,283,,9,,9,0.17,2,,9
30,-11.58,-136.98,5  9742,361,0.65,2,0.16,3,,9,,9
30,-11.58,-136.98,5  9741,362,,9,,9,,5,,9
30,-11.58,-136.98,5  9740,461,0.88,2,0.08,3,,9,,9
30,-11.58,-136.98,5  9739,463,,9,,9,0.04,2,,9
30,-11.58,-136.98,5  9738,712,0.80,2,0.14,3,,9,,9
30,-11.58,-136.98,5  9737,717,,9,,9,0.00,2,,9
30,-11.58,-136.98,5  9736,867,0.72,2,0.26,3,,9,,9
30,-11.58,-136.98,5  9735,873,,9,,9,,5,,9
30,-11.58,-136.98,5  9866,1000,0.74,2,0.09,3,,9,,9
30,-11.58,-136.98,5  9734,1002,0.74,2,0.12,3,,9,,9
30,-11.58,-136.98,5  9733,1009,,9,,9,,5,,9
30,-11.58,-136.98,5  9865,1009,,9,,9,,5,,9
30,-11.58,-136.98,5  9864,1249,0.49,3,0.03,3,,9,,9
30,-11.58,-136.98,5  9863,1261,,9,,9,,5,,9
30,-11.58,-136.98,5  9862,1501,0.71,2,0.03,3,,9,,9
30,-11.58,-136.98,5  9861,1516,,9,,9,,5,,9
30,-11.58,-136.98,5  9860,1750,0.70,2,0.05,3,,9,,9
30,-11.58,-136.98,5  9859,1768,,9,,9,,5,,9
30,-11.58,-136.98,5  9858,2000,0.85,2,0.03,3,,9,,9
30,-11.58,-136.98,5  9857,2022,,9,,9,0.03,2,,9
30,-11.58,-136.98,5  9856,2100,0.85,2,0.09,3,,9,,9
30,-11.58,-136.98,5  9855,2123,,9,,9,0.02,2,,9
30,-11.58,-136.98,5  9854,2200,0.86,2,0.06,3,,9,,9
30,-11.58,-136.98,5  9853,2225,,9,,9,,5,,9
30,-11.58,-136.98,5  9852,2300,0.68,2,0.06,3,,9,,9
30,-11.58,-136.98,5  9851,2327,,9,,9,,5,,9
30,-11.58,-136.98,5  9850,2400,0.84,2,0.02,3,,9,,9
30,-11.58,-136.98,5  9849,2428,,9,,9,,5,,9
30,-11.58,-136.98,5  9848,2450,0.12,3,0.07,3,,9,,9
30,-11.58,-136.98,5  9847,2480,,9,,9,0.00,2,,9
30,-11.58,-136.98,5  9846,2500,0.98,2,0.06,3,,9,,9
30,-11.58,-136.98,5  9845,2531,,9,,9,0.03,2,,9
30,-11.58,-136.98,5  9833,2548,0.99,2,0.05,3,,9,,9
30,-11.58,-136.98,5  9844,2549,0.94,2,0.07,3,,9,,9
30,-11.58,-136.98,5  9832,2581,,9,,9,,5,,9
30,-11.58,-136.98,5  9843,2581,,9,,9,,5,,9
30,-11.58,-136.98,5  9831,2599,1.02,2,0.09,3,,9,,9
30,-11.58,-136.98,5  9830,2631,,9,,9,0.00,2,,9
30,-11.58,-136.98,5  9829,2648,1.13,2,0.08,3,,9,,9
30,-11.58,-136.98,5  9828,2683,,9,,9,0.00,2,,9
30,-11.58,-136.98,5  9827,2699,1.17,2,0.17,3,,9,,9
30,-11.58,-136.98,5  9826,2734,,9,,9,,5,,9
30,-11.58,-136.98,5  9825,2799,1.23,2,0.07,3,,9,,9
30,-11.58,-136.98,5  9824,2835,,9,,9,,5,,9
30,-11.58,-136.98,5  9823,2900,1.24,2,0.10,3,,9,,9
30,-11.58,-136.98,5  9822,2939,,9,,9,0.00,2,,9
30,-11.58,-136.98,5  9821,2998,1.24,2,0.21,3,,9,,9
30,-11.58,-136.98,5  9820,3040,,9,,9,0.04,2,,9
30,-11.58,-136.98,5  9819,3249,1.18,2,0.12,3,,9,,9
30,-11.58,-136.98,5  9818,3295,,9,,9,0.00,2,,9
30,-11.58,-136.98,5  9817,3498,1.26,2,0.10,3,,9,,9
30,-11.58,-136.98,5  9816,3550,,9,,9,0.00,2,,9
30,-11.58,-136.98,5  9815,3748,1.13,2,0.09,3,,9,,9
30,-11.58,-136.98,5  9814,3806,,9,,9,0.00,2,,9
30,-11.58,-136.98,5  9813,3897,1.18,2,0.08,3,,9,,9
30,-11.58,-136.98,5  9812,3959,,9,,9,0.00,2,,9
30,-11.58,-136.98,5  9811,4047,1.09,2,0.13,3,,9,,9
30,-11.58,-136.98,5  9810,4113,,9,,9,0.00,2,,9
31,-11.31,-140.00,4  9923,2,0.03,2,,9,,9,,9
31,-11.31,-140.00,4  9904,30,0.13,2,0.06,2,,9,,9
31,-11.31,-140.00,4  9902,49,0.15,2,0.01,2,,9,,9
31,-11.31,-140.00,4  9900,73,0.10,2,0.02,2,,9,,9
31,-11.31,-140.00,4  9898,121,0.16,2,0.02,2,,9,,9
31,-11.31,-140.00,4  9896,145,0.20,2,0.04,2,,9,,9
31,-11.31,-140.00,4  9894,200,0.20,2,0.03,2,,9,,9
31,-11.31,-140.00,4  9892,265,0.22,2,0.05,2,,9,,9
31,-11.31,-140.00,4  9890,330,0.51,2,0.02,2,,9,,9
31,-11.31,-140.00,4  9888,439,0.72,2,0.04,2,,9,,9
31,-11.31,-140.00,4  9886,658,0.67,2,0.04,2,,9,,9
31,-11.31,-140.00,4  9884,818,0.68,2,0.03,2,,9,,9
31,-11.31,-140.00,4  9882,997,0.68,2,0.01,2,,9,,9
32,-11.03,-142.95,7  10035,2,0.18,2,,9,,9,,9
32,-11.03,-142.95,7  10010,30,0.15,2,0.03,2,,9,,9
32,-11.03,-142.95,7  10001,30,,9,,9,,5,0.00,2
32,-11.03,-142.95,7  9999,60,,9,,9,,5,0.00,2
32,-11.03,-142.95,7  10000,61,0.22,2,0.01,2,,9,,9
32,-11.03,-142.95,7  9997,95,,9,,9,,5,0.00,2
32,-11.03,-142.95,7  9998,95,0.23,2,0.02,2,,9,,9
32,-11.03,-142.95,7  9995,130,,9,,9,,5,0.00,2
32,-11.03,-142.95,7  9996,131,0.26,2,0.02,2,,9,,9
32,-11.03,-142.95,7  9993,200,,9,,9,,5,0.00,2
32,-11.03,-142.95,7  9994,201,0.32,2,0.03,2,,9,,9
32,-11.03,-142.95,7  9991,335,,9,,9,0.00,2,0.01,2
32,-11.03,-142.95,7  9992,335,0.55,2,0.02,2,,9,,9
32,-11.03,-142.95,7  9989,450,,9,,9,,5,0.03,2
32,-11.03,-142.95,7  9990,451,0.77,2,0.02,2,,9,,9
32,-11.03,-142.95,7  9987,600,,9,,9,,5,0.02,2
32,-11.03,-142.95,7  9988,601,0.79,2,0.03,2,,9,,9
32,-11.03,-142.95,7  9985,850,,9,,9,,5,0.05,2
32,-11.03,-142.95,7  9986,851,0.58,2,0.01,2,,9,,9
32,-11.03,-142.95,7  9983,1000,,9,,9,0.04,2,0.04,2
32,-11.03,-142.95,7  9984,1001,0.66,2,0.03,2,,9,,9
32,-11.03,-142.95,7  9981,1250,,9,,9,0.04,2,0.02,2
32,-11.03,-142.95,7  9982,1252,0.61,2,0.01,2,,9,,9
32,-11.03,-142.95,7  10065,1499,0.68,2,0.02,2,,9,,9
32,-11.03,-142.95,7  9979,1500,,9,,9,,5,0.02,2
32,-11.03,-142.95,7  9980,1503,0.67,2,0.01,2,,9,,9
32,-11.03,-142.95,7  10063,1750,0.84,2,0.02,2,,9,,9
32,-11.03,-142.95,7  10061,2000,0.90,2,0.01,2,,9,,9
32,-11.03,-142.95,7  10059,2100,0.77,2,0.03,2,,9,,9
32,-11.03,-142.95,7  10057,2199,0.97,2,0.04,2,,9,,9
32,-11.03,-142.95,7  10055,2299,0.91,2,0.00,2,,9,,9
32,-11.03,-142.95,7  10053,2400,1.22,2,0.03,2,,9,,9
32,-11.03,-142.95,7  10051,2500,0.89,2,0.04,2,,9,,9
32,-11.03,-142.95,7  10049,2549,0.99,2,0.03,2,,9,,9
32,-11.03,-142.95,7  10047,2599,1.02,2,0.01,2,,9,,9
32,-11.03,-142.95,7  10045,2649,1.01,2,0.03,2,,9,,9
32,-11.03,-142.95,7  9949,2698,1.12,2,0.05,2,,9,,9
32,-11.03,-142.95,7  10043,2700,1.07,2,0.00,2,,9,,9
32,-11.03,-142.95,7  9947,2799,1.21,2,0.06,2,,9,,9
32,-11.03,-142.95,7  9945,2898,1.17,2,0.06,2,,9,,9
32,-11.03,-142.95,7  9943,2998,1.23,2,0.06,2,,9,,9
32,-11.03,-142.95,7  9941,3248,1.18,2,0.05,2,,9,,9
32,-11.03,-142.95,7  9939,3497,1.20,2,0.03,2,,9,,9
32,-11.03,-142.95,7  9937,3748,1.24,2,0.02,2,,9,,9
32,-11.03,-142.95,7  9935,3996,1.10,2,0.01,2,,9,,9
32,-11.03,-142.95,7  9933,4497,1.09,2,0.04,2,,9,,9
32,-11.03,-142.95,7  9931,4746,1.11,2,0.02,2,,9,,9
32,-11.03,-142.95,7  9929,4871,1.04,2,0.04,2,,9,,9
32,-11.03,-142.95,7  9927,4926,1.20,2,0.04,2,,9,,9
33,-10.91,-145.00,8  10121,2,0.20,2,,9,,9,,9
33,-10.91,-145.00,8  10106,31,0.24,2,0.01,2,,9,,9
33,-10.91,-145.00,8  10104,50,0.22,2,0.01,2,,9,,9
33,-10.91,-145.00,8  10102,90,0.23,2,0.00,2,,9,,9
33,-10.91,-145.00,8  10100,140,0.20,2,0.03,2,,9,,9
33,-10.91,-145.00,8  10098,200,0.18,2,0.02,2,,9,,9
33,-10.91,-145.00,8  10096,250,0.23,2,0.03,2,,9,,9
33,-10.91,-145.00,8  10094,300,0.37,2,0.02,2,,9,,9
33,-10.91,-145.00,8  10092,350,0.55,2,0.00,2,,9,,9
33,-10.91,-145.00,8  10090,450,0.70,2,0.02,2,,9,,9
33,-10.91,-145.00,8  10088,599,0.84,2,0.01,2,,9,,9
33,-10.91,-145.00,8  10086,798,0.63,2,0.03,2,,9,,9
34,-10.77,-147.50,6  10210,2,0.15,2,,9,,9,,9
34,-10.77,-147.50,6  10190,30,,9,,9,0.00,2,0.00,2
34,-10.77,-147.50,6  10191,43,0.19,2,0.02,2,,9,,9
34,-10.77,-147.50,6  10189,45,0.17,2,0.01,2,,9,,9
34,-10.77,-147.50,6  10188,45,,9,,9,0.03,2,0.00,2
34,-10.77,-147.50,6  10186,75,,9,,9,0.00,2,0.00,2
34,-10.77,-147.50,6  10187,75,0.13,2,0.01,2,,9,,9
34,-10.77,-147.50,6  10184,130,,9,,9,0.00,2,0.00,2
34,-10.77,-147.50,6  10185,130,0.12,2,0.04,2,,9,,9
34,-10.77,-147.50,6  10182,150,,9,,9,0.00,2,0.00,2
34,-10.77,-147.50,6  10183,151,0.24,2,0.02,2,,9,,9
34,-10.77,-147.50,6  10181,225,,9,,9,0.02,2,0.00,2
34,-10.77,-147.50,6  10180,225,0.24,2,0.04,2,,9,,9
34,-10.77,-147.50,6  10178,300,,9,,9,0.00,2,0.00,2
34,-10.77,-147.50,6  10179,301,0.35,2,0.02,2,,9,,9
34,-10.77,-147.50,6  10176,350,,9,,9,0.00,2,0.01,2
34,-10.77,-147.50,6  10177,351,0.48,2,0.00,3,,9,,9
34,-10.77,-147.50,6  10174,500,,9,,9,0.02,2,0.01,2
34,-10.77,-147.50,6  10175,502,0.67,2,0.00,3,,9,,9
34,-10.77,-147.50,6  10172,750,,9,,9,0.00,2,0.01,2
34,-10.77,-147.50,6  10173,751,0.68,2,0.02,2,,9,,9
33,-10.77,-147.50,6  10084,998,0.54,2,0.01,2,,9,,9
34,-10.77,-147.50,6  10170,1000,,9,,9,0.00,2,0.03,2
34,-10.77,-147.50,6  10171,1002,0.71,2,0.01,2,,9,,9
34,-10.77,-147.50,6  10168,1500,,9,,9,,5,0.01,2
34,-10.77,-147.50,6  10169,1501,0.71,2,0.03,2,,9,,9
34,-10.77,-147.50,6  10145,1999,0.79,2,0.01,2,,9,,9
34,-10.77,-147.50,6  10143,2100,0.78,2,0.02,2,,9,,9
34,-10.77,-147.50,6  10141,2200,0.65,2,0.05,2,,9,,9
34,-10.77,-147.50,6  10139,2299,0.85,2,0.04,2,,9,,9
34,-10.77,-147.50,6  10137,2399,0.86,2,0.03,2,,9,,9
34,-10.77,-147.50,6  10135,2499,0.95,2,0.03,2,,9,,9
34,-10.77,-147.50,6  10133,2549,0.92,2,0.02,2,,9,,9
34,-10.77,-147.50,6  10131,2598,0.93,2,0.03,2,,9,,9
34,-10.77,-147.50,6  10129,2698,0.92,2,0.01,2,,9,,9
34,-10.77,-147.50,6  10127,2799,0.92,2,0.03,2,,9,,9
34,-10.77,-147.50,6  10125,2898,1.27,2,0.04,2,,9,,9
34,-10.77,-147.50,6  10123,2998,1.02,2,0.02,2,,9,,9
35,-10.25,-150.00,10249,2,0.17,2,,9,,9,,9
35,-10.25,-150.00,10234,30,0.17,2,0.01,2,,9,,9
35,-10.25,-150.00,10232,45,0.19,2,0.00,2,,9,,9
35,-10.25,-150.00,10230,65,0.20,2,0.01,2,,9,,9
35,-10.25,-150.00,10228,104,0.22,2,0.02,2,,9,,9
35,-10.25,-150.00,10226,150,0.28,2,0.02,2,,9,,9
35,-10.25,-150.00,10224,200,0.46,2,0.05,2,,9,,9
35,-10.25,-150.00,10222,280,0.46,2,0.02,2,,9,,9
35,-10.25,-150.00,10220,320,0.46,2,0.01,2,,9,,9
35,-10.25,-150.00,10218,360,0.68,2,0.03,2,,9,,9
35,-10.25,-150.00,10216,464,0.77,2,0.03,2,,9,,9
35,-10.25,-150.00,10214,748,0.68,2,0.01,2,,9,,9
35,-10.25,-150.00,10212,997,0.55,2,0.02,2,,9,,9
36,-10.50,-152.00,6  10372,2300,,9,,9,,5,,5
36,-10.50,-152.00,6  10339,2,,,,9,,9,,9
36,-10.50,-152.00,6  10329,30,,9,,9,0.00,2,0.00,2
36,-10.50,-152.00,6  10330,30,0.21,2,0.03,2,,9,,9
36,-10.50,-152.00,6  10327,45,,9,,9,,5,0.00,2
36,-10.50,-152.00,6  10328,45,0.26,2,0.02,2,,9,,9
36,-10.50,-152.00,6  10325,75,,9,,9,0.03,2,0.00,2
36,-10.50,-152.00,6  10326,76,0.15,2,0.03,2,,9,,9
36,-10.50,-152.00,6  10323,100,,9,,9,,5,0.00,2
36,-10.50,-152.00,6  10324,101,0.24,2,0.02,2,,9,,9
36,-10.50,-152.00,6  10321,130,,9,,9,0.00,2,0.00,2
36,-10.50,-152.00,6  10322,130,0.18,2,0.02,2,,9,,9
36,-10.50,-152.00,6  10319,200,,9,,9,,5,0.00,2
36,-10.50,-152.00,6  10320,201,0.23,2,0.04,2,,9,,9
36,-10.50,-152.00,6  10317,300,,9,,9,,5,0.00,2
36,-10.50,-152.00,6  10318,301,0.28,2,0.04,2,,9,,9
36,-10.50,-152.00,6  10315,350,,9,,9,,5,0.00,2
36,-10.50,-152.00,6  10316,351,0.37,2,0.04,2,,9,,9
36,-10.50,-152.00,6  10313,450,,9,,9,,5,0.01,2
36,-10.50,-152.00,6  10314,452,0.70,2,0.00,2,,9,,9
36,-10.50,-152.00,6  10311,600,,9,,9,,5,0.01,2
36,-10.50,-152.00,6  10312,601,0.63,2,0.01,2,,9,,9
36,-10.50,-152.00,6  10309,800,,9,,9,0.00,2,0.01,2
36,-10.50,-152.00,6  10310,801,0.71,2,0.02,2,,9,,9
36,-10.50,-152.00,6  10307,1000,,9,,9,0.00,2,0.01,2
36,-10.50,-152.00,6  10386,1000,,9,,9,0.00,2,0.02,2
36,-10.50,-152.00,6  10387,1000,0.46,2,0.01,2,,9,,9
36,-10.50,-152.00,6  10308,1002,0.46,6,0.01,2,,9,,9
36,-10.50,-152.00,6  10384,1250,,9,,9,0.00,2,0.00,2
36,-10.50,-152.00,6  10385,1252,0.67,2,0.01,2,,9,,9
36,-10.50,-152.00,6  10382,1500,,9,,9,,5,0.01,2
36,-10.50,-152.00,6  10383,1500,0.68,2,0.08,2,,9,,9
36,-10.50,-152.00,6  10380,1750,,9,,9,0.00,2,0.00,2
36,-10.50,-152.00,6  10381,1751,0.86,2,0.06,2,,9,,9
36,-10.50,-152.00,6  10378,2000,,9,,9,,5,0.01,2
36,-10.50,-152.00,6  10379,2000,0.97,2,0.03,2,,9,,9
36,-10.50,-152.00,6  10377,2099,0.65,2,0.01,2,,9,,9
36,-10.50,-152.00,6  10376,2100,,9,,9,,5,0.01,2
36,-10.50,-152.00,6  10374,2200,,9,,9,,5,0.02,2
36,-10.50,-152.00,6  10375,2201,0.67,2,0.02,2,,9,,9
36,-10.50,-152.00,6  10371,2400,0.74,2,0.00,2,,9,,9
36,-10.50,-152.00,6  10370,2400,,9,,9,,5,0.01,2
36,-10.50,-152.00,6  10368,2500,,9,,9,,5,0.02,2
36,-10.50,-152.00,6  10369,2501,0.69,2,0.05,2,,9,,9
36,-10.50,-152.00,6  10366,2600,,9,,9,0.03,2,0.01,2
36,-10.50,-152.00,6  10367,2600,0.73,2,0.07,2,,9,,9
36,-10.50,-152.00,6  10274,2698,0.78,2,0.05,2,,9,,9
36,-10.50,-152.00,6  10365,2700,0.82,2,0.06,2,,9,,9
36,-10.50,-152.00,6  10364,2700,,9,,9,0.00,2,,5
36,-10.50,-152.00,6  10273,2700,,9,,9,,5,0.01,2
36,-10.50,-152.00,6  10272,2798,1.04,2,0.07,2,,9,,9
36,-10.50,-152.00,6  10271,2800,,9,,9,0.02,2,0.02,2
36,-10.50,-152.00,6  10270,2899,1.02,2,0.02,2,,9,,9
36,-10.50,-152.00,6  10269,2900,,9,,9,0.00,2,0.02,2
36,-10.50,-152.00,6  10268,2998,0.92,2,0.01,2,,9,,9
36,-10.50,-152.00,6  10267,3000,,9,,9,,5,0.02,2
36,-10.50,-152.00,6  10266,3248,0.87,2,0.05,2,,9,,9
36,-10.50,-152.00,6  10265,3250,,9,,9,,5,0.02,2
36,-10.50,-152.00,6  10264,3498,1.02,2,0.02,2,,9,,9
36,-10.50,-152.00,6  10263,3500,,9,,9,0.00,2,0.02,2
36,-10.50,-152.00,6  10262,3998,0.84,2,0.06,2,,9,,9
36,-10.50,-152.00,6  10261,4000,,9,,9,0.02,2,0.01,2
36,-10.50,-152.00,6  10260,4497,0.83,2,0.03,2,,9,,9
36,-10.50,-152.00,6  10259,4500,,9,,9,0.00,2,0.01,2
36,-10.50,-152.00,6  10258,4746,0.80,2,0.04,2,,9,,9
36,-10.50,-152.00,6  10257,4750,,9,,9,0.03,2,0.01,2
36,-10.50,-152.00,6  10256,4996,0.93,2,0.00,2,,9,,9
36,-10.50,-152.00,6  10255,5000,,9,,9,0.00,2,0.02,2
36,-10.50,-152.00,6  10254,5097,0.87,2,0.05,2,,9,,9
36,-10.50,-152.00,6  10253,5100,,9,,9,0.00,2,0.02,2
36,-10.50,-152.00,6  10252,5120,0.76,2,0.03,2,,9,,9
36,-10.50,-152.00,6  10251,5125,,9,,9,0.00,2,0.01,2
